content,score,at,label
sangat berguna dan bermanfaat mendukung memudahkan transaksi,5,2026-04-24 23:34:11,Positif
oke,5,2026-04-24 23:34:03,Positif
respon Diana si customer service ini gajelas minta bantuan utk pengembalian uang setelah kirim bukti malah nanya ulang seperti di awal ada kenal atau tidak... gimana ini? bisa banyak org rugi,2,2026-04-24 23:24:29,Negatif
Mudah dan cepat buat kebutuhan sehari hari. Sangat membantu,5,2026-04-24 23:18:25,Positif
"kembali error aplikasi, buka mistery box gagal, udah sepekan, udah update masih sama",3,2026-04-24 23:13:30,Netral
terimakasih sudah meningkatkan keamanan dan kenyamanan di dana. tolong suara notifikasinya di ubah bisakah?,4,2026-04-24 23:09:54,Positif
"kenapa saya tidak bisa menggunakan fitur dana cicil, dan kenapa dana cicil saya tidak bisa di aktivasi",5,2026-04-24 23:08:53,Positif
sangat membantu dan berguna untuk setiap transaksi,5,2026-04-24 23:01:45,Positif
baik..!,5,2026-04-24 22:57:34,Positif
ok,3,2026-04-24 22:57:14,Netral
Gk.bisa.login,5,2026-04-24 22:56:55,Positif
dana cicil saya belum ada,5,2026-04-24 22:34:53,Positif
aplikasi dana membantu sekali dalam kegiatan kita sehari hari,5,2026-04-24 22:32:22,Positif
mantap sih semoga dapet dana cicil,5,2026-04-24 22:30:13,Positif
sangat membantu transaksi saya jadi mudah,5,2026-04-24 22:28:35,Positif
sangat membantu,5,2026-04-24 22:27:10,Positif
aplikasi uang digital bagus tidak harus membawa uang cash cukup aplikasi dana aja dijor utk transaksi,5,2026-04-24 22:24:27,Positif
puas,5,2026-04-24 22:22:06,Positif
aplikasi nya bagus tapi dia kunjungan fitur paylater kok gak ada ya???,5,2026-04-24 22:15:40,Positif
jelek udh isi no wa TPI ga kekirim kode nya burikk,1,2026-04-24 22:13:10,Negatif
ok,5,2026-04-24 22:03:52,Positif
Ok,5,2026-04-24 22:00:00,Positif
sangat bagus,5,2026-04-24 21:58:52,Positif
good,5,2026-04-24 21:58:00,Positif
keren apalagi kalo banyak saldo gratis,5,2026-04-24 21:45:14,Positif
"Bagus sih, cuman dana cicil z aja yg nggak ada",4,2026-04-24 21:26:27,Positif
Fitur dana cicil,5,2026-04-24 21:22:53,Positif
"sangat membantu buat transaksi pembayaran, dan mempermudah bisnis juga.. udh bagus, tapi kalo bisa fitur dana cicil nya di munculkan kaya orang2 dong di akun dana saya..",5,2026-04-24 21:22:28,Positif
"sering pakai dana 1 menu ga bisa di gunakan, menu dana cicil, uninstall solusinya. GA GUNA",1,2026-04-24 21:21:56,Negatif
makin ksini makin gjls nih dana🥲,2,2026-04-24 21:15:53,Negatif
sangat membantu dan luar biasa,5,2026-04-24 21:12:43,Positif
masa ga ada fitur dana cicil nya. ga adil dong kalo gitu.,2,2026-04-24 21:12:01,Negatif
👍👍,5,2026-04-24 21:10:47,Positif
aplikasi nya simple,4,2026-04-24 21:07:51,Positif
saya puas pake aplikasi ini cukup membantu dan praktis..,5,2026-04-24 21:06:15,Positif
mantap,5,2026-04-24 21:03:33,Positif
tolong aktifkan fitur dana cicil pada apk dana saya,5,2026-04-24 20:59:53,Positif
sangat bagus,5,2026-04-24 20:53:07,Positif
ko di apk dana saya engga bisa aktifin fitur dana cicil perlayanan sangat buruk jawab nya dan pertanyaan itu lagi itu lagi gimana sih,1,2026-04-24 20:46:54,Negatif
"Uang dicuri orang , sudah buat pelaporan masih tidak di tindak lanjuti, jangan pernah pake apk ini sumpah sistem gampang di bobol",1,2026-04-24 20:35:48,Negatif
"Kalo lagi promo sesuatu, maksa dengan mempersulit pengguna, kurang suka",1,2026-04-24 20:35:19,Negatif
mantap,5,2026-04-24 20:35:12,Positif
"Ewalet dana nggak jelas, akun saya kartu nya hilang whatsapp nya sudah gk aktife, tetapi maaih bisa di buka si hp saya pas saldo nya kosong, giliran akun saya di isi saldo nya, ehhhh malah login ulang, stelah login, masukan pin slesai, langsung di alihkan ke whatsapp tanpa otp .. Ewalet dana betul licik",4,2026-04-24 20:25:00,Positif
sangat membantu,5,2026-04-24 20:21:31,Positif
sangat bagus sampai2 limit payletrnya ngga bisa di pake 😂,5,2026-04-24 20:16:02,Positif
Bagus,5,2026-04-24 20:14:37,Positif
mntap,5,2026-04-24 20:12:20,Positif
keren,5,2026-04-24 20:10:34,Positif
bgus,5,2026-04-24 20:03:36,Positif
bagus,4,2026-04-24 19:59:18,Positif
dana cicil ko tidk bisa dpakai ya padahal limit saldo masih banyak,5,2026-04-24 19:58:55,Positif
bagus,5,2026-04-24 19:57:08,Positif
payah dana cicil ada limitnya . tidak tersedia terus,5,2026-04-24 19:56:22,Positif
mohon perbaiki dana cicilnya.,5,2026-04-24 19:50:15,Positif
Saya suka,5,2026-04-24 19:48:14,Positif
DANA CICIL TERSEDIA TAPI TIDAK BISA DIGUNAKAN!!!!!!!!!!!!!!!!!!!!!!!!!!,1,2026-04-24 19:44:45,Negatif
sangat puas,5,2026-04-24 19:37:02,Positif
sangat puas,5,2026-04-24 19:36:19,Positif
oke,5,2026-04-24 19:35:02,Positif
"Min tolong Dong Fitur nabung Emasnya Dipermudah, ini tiba² eror ga bisa di buka",4,2026-04-24 19:34:52,Positif
saldo gw hilang satt,1,2026-04-24 19:32:39,Negatif
"duit sering ilang dsini hati2 perhatikan saldo terakhir nya, tiba2 terpotong ga jelas",1,2026-04-24 19:31:29,Negatif
bagus sekali,5,2026-04-24 19:26:03,Positif
memuaskan,5,2026-04-24 19:22:07,Positif
"saya kecewa karna di akun Dana saya gak bisa di gunakan, padahal selalu pake dana kalu bertrnasaksi",1,2026-04-24 19:20:03,Negatif
dana cicil saya gk bisa di gunAkan.,5,2026-04-24 19:19:32,Positif
"oke si oke Tapi kenapa tidak bisa kirim ber kali,kali,kirim 2 JT,eror",5,2026-04-24 19:18:46,Positif
bagus,5,2026-04-24 19:16:38,Positif
bantu timbul kan dana cicil,5,2026-04-24 19:14:00,Positif
mengapa program beta saya penu,5,2026-04-24 19:12:03,Positif
bagus,5,2026-04-24 19:08:19,Positif
kena aplikasi dana sya nggak ada dana cicil nya??,4,2026-04-24 19:06:57,Positif
bgus,5,2026-04-24 18:55:00,Positif
👍🏻,5,2026-04-24 18:49:32,Positif
"tidak bisa membantu saya untuk mendapatkan akun lama saya,terlalu berbelit2",1,2026-04-24 18:47:50,Negatif
padahal dana cicil saya sudah dilunasi semua tagihannya tapi tidak bisa digunakan untuk transaksi... sekarang mending pakai gopay aja dana dipersulit untuk pengaduan kendala dana pancen kontollll,1,2026-04-24 18:46:53,Negatif
"mempermudah,simpel transaksi",5,2026-04-24 18:46:33,Positif
bagus,5,2026-04-24 18:41:37,Positif
kasih 4 bintang di karenakan ga ada dana cicilnya,4,2026-04-24 18:36:45,Positif
sangat bagus,5,2026-04-24 18:36:27,Positif
ok,5,2026-04-24 18:33:53,Positif
sangat memudahkan pembayaran,5,2026-04-24 18:33:16,Positif
Bagus Sekali👍👍👍👍👍👍👍👍👍👍,5,2026-04-24 18:33:07,Positif
"mantap keren aplikasi dana,,,tapi masi ada kurang dana cicil nya, suda di lunasi tapi tidak bisa pinjam kembali tidak bisa di gunakan.",5,2026-04-24 18:32:44,Positif
bagus banget aplikasi nya,5,2026-04-24 18:29:47,Positif
jos,5,2026-04-24 18:22:49,Positif
lebih baik lagi kedepan nya dana cicil nya gagal mulu,5,2026-04-24 18:19:11,Positif
bagus sekali,5,2026-04-24 18:15:41,Positif
mudahan keluar dana intan,5,2026-04-24 18:13:15,Positif
sangat keren,5,2026-04-24 18:06:18,Positif
ok lah. tapi dana cicil saya di beku kan,5,2026-04-24 18:05:52,Positif
sangat bagus,5,2026-04-24 18:03:07,Positif
gak bisa dana cicil GK kaya orang lain bisa,1,2026-04-24 18:02:58,Negatif
"TRANSAKSI TOPUP FLAZZ GAGAL, PROSES RIBET, UANG TIDAK KEMBALI. KECEWA BERAT",1,2026-04-24 17:50:55,Negatif
sangat membantu..tpi masih kuran kenpa dana paylete nya gk muncul,5,2026-04-24 17:50:23,Positif
Bagus,5,2026-04-24 17:47:38,Positif
123👍,4,2026-04-24 17:43:52,Positif
Saya ingin mengaktifkan fitur dana cicil,5,2026-04-24 17:43:01,Positif
masa uang kesedot sendiri tanpa ada per izinan yang punya kocak ni apk anj,1,2026-04-24 17:40:10,Negatif
aplikasinya bagus cuman suka tiba tiba uang ilang ada transaksi tanpa sepengetahuan saya 🙏,4,2026-04-24 17:37:25,Positif
mantap,5,2026-04-24 17:36:21,Positif
Alhamdulillah,5,2026-04-24 17:35:57,Positif
ok,5,2026-04-24 17:30:08,Positif
gak ada dana cicil gak adil,5,2026-04-24 17:26:55,Positif
"aplikasi ini ngk bgsss , masak saya isi dana 200 ribu di potong 83 ribu, kirim ke Gugel kan gila aplikasi ini , balikin dana saya udh 2 kali kayak ngini di potong""",1,2026-04-24 17:25:48,Negatif
ok,5,2026-04-24 17:23:06,Positif
ini buat apa ada pitur dana cicil kalo GK bisa di pake GK jelas,2,2026-04-24 17:17:09,Negatif
sangat baik tapi sayang untuk dana instan saya tidak muncul,5,2026-04-24 17:15:24,Positif
mantap pake apk dana bisa bayar pake Qris..,5,2026-04-24 17:13:57,Positif
sangat bagus,5,2026-04-24 17:06:13,Positif
wah apk berguna,5,2026-04-24 17:05:57,Positif
sangat puas,5,2026-04-24 17:02:12,Positif
yang saya heran knapa dana cicil nya pilih2 orang lain ada punya saya ga ada,1,2026-04-24 17:00:55,Negatif
oke,5,2026-04-24 16:58:56,Positif
mantap,4,2026-04-24 16:53:24,Positif
krennn,5,2026-04-24 16:52:22,Positif
saplikasi tolol gk ngbantu banget sandi udah jelas benar privikasi muka jlas muka saya masih minta otp dah jlas kartu hilang udah di aplikasi dana punya saldo,1,2026-04-24 16:50:10,Negatif
ngirim ke sesama dana aja harus premium. kalo misal alasanya biar gak dicuri sama orang lain kan juga ada sandinya sebelum kirim. ribet amat.,1,2026-04-24 16:46:56,Negatif
sangat puas,5,2026-04-24 16:46:36,Positif
sangat membantu aman dan terpercaya🙏🙏,5,2026-04-24 16:44:00,Positif
saya ingin ajukan dana cicil,5,2026-04-24 16:40:05,Positif
memuaskan,5,2026-04-24 16:37:15,Positif
akun dana bener ngebantu kita untuk tranfer,5,2026-04-24 16:31:42,Positif
"dana cicil sudah aktiv, limit sudah ada, tapi tidak bisa di pakai... aneh bin ajaib",3,2026-04-24 16:29:22,Netral
sangat membantu sekali,5,2026-04-24 16:28:42,Positif
dana cicil saya tidak muncul,5,2026-04-24 16:28:36,Positif
dana cicil saya tidak tersedia...padahal udah di lunasi...,1,2026-04-24 16:23:49,Negatif
memuaskan,5,2026-04-24 16:23:32,Positif
mantab,5,2026-04-24 16:22:40,Positif
oke,5,2026-04-24 16:20:59,Positif
sangat bagus,5,2026-04-24 16:19:16,Positif
danaku,5,2026-04-24 16:19:07,Positif
mnyenangkan,4,2026-04-24 16:18:32,Positif
bagus,4,2026-04-24 16:18:04,Positif
bagus Yaman bangt,5,2026-04-24 16:13:48,Positif
Ok,5,2026-04-24 16:12:33,Positif
masih belum dapat limit,5,2026-04-24 16:10:53,Positif
kenapa dana cicil aku tidak bisa di gunakan padahal udah lunas,1,2026-04-24 16:10:18,Negatif
fitur ok tapi lelet,5,2026-04-24 16:09:23,Positif
ok,5,2026-04-24 16:09:13,Positif
sangat 👍👍👍👍,5,2026-04-24 16:06:37,Positif
saya kasih bintang 5 siapa tau di cepetin fitur dana instan nya,5,2026-04-24 16:03:51,Positif
"dana monyet, tba"" log out sendiri login lgi kaga bisa, suka kaga jls",1,2026-04-24 15:58:26,Negatif
bagus,5,2026-04-24 15:56:53,Positif
nice,5,2026-04-24 15:48:43,Positif
kenapa saldo yang d simpen d dana goles d tarik nya harus verifikasi wajah padahal dulu pake pin dana nya bisa sekarang malah engga memper sulit mohon lah pake pin dana aja biar gampang,1,2026-04-24 15:47:43,Negatif
bagus bnget sangat membatu buat smua orang.,5,2026-04-24 15:46:32,Positif
trimakasih,4,2026-04-24 15:42:45,Positif
mantap banget terpercaya,5,2026-04-24 15:40:19,Positif
mantap,5,2026-04-24 15:37:10,Positif
"selama saya mengunakan apk dana baru kali saya kehilangan saldo, padahal saya baru saja top up pas saya cek saldo ternyata tidak bertambah dan malahan kosong terus sebelum saya melakukan top up.dia dalam akun dana saya Masih mempunyai saldo yang cukup banyak .setelah dicek ternyata akun dana saya telah dibobol Tampa sepengetahuan saya dan kejadiannya pada hari ini.😔😔😔",1,2026-04-24 15:32:00,Negatif
"woy dana, gua ingin minta penjelasan knp saldo dana gua tiba-tiba ilang. yg tau pin gua cuman gua sendiri, dan knp gua bisa langganan ke aligmotion/AM padahal gua g pernah make+gpernah dwonload, tanpa sepengatahuan gua saldo gua ke ambil, itu maksudnya apa? tolong perbaiki gua org yg g berada, tolong di selidiki knp?",5,2026-04-24 15:30:54,Positif
dana eror mohon di perbaiki tgl 24 april dari jam 20- sekarang. gak bisa login,5,2026-04-24 15:29:37,Positif
dana cicil tidak muncul responnya cepat mantap,5,2026-04-24 15:29:36,Positif
good,5,2026-04-24 15:25:57,Positif
saya belum ada fitur dana cicil pdahal transaky selalu pke dana mohon di aqun dana saya ada fitur dana cicil,2,2026-04-24 15:25:48,Negatif
apk terpercaya dan aman terima kasih dana. 🤩,5,2026-04-24 15:25:36,Positif
akun saya sudah premium tapi tidak ad dana cicil nya,1,2026-04-24 15:25:26,Negatif
"keren bngt bisa satset kirim uang., mantep pollj",5,2026-04-24 15:23:06,Positif
"Waspada, ini aplikasi sejenis scam. Bahkan untuk menghapus akun kalian nanti pun sulit. Sebaiknya gunakan aplikasi lain selain aplikasi ini.",1,2026-04-24 15:20:51,Negatif
sangat membantu,5,2026-04-24 15:19:34,Positif
ok,5,2026-04-24 15:19:12,Positif
sangat puas,5,2026-04-24 15:18:19,Positif
perbarui,5,2026-04-24 15:17:41,Positif
ok,4,2026-04-24 15:15:16,Positif
kren,5,2026-04-24 15:15:10,Positif
Sampah,1,2026-04-24 15:14:10,Negatif
aplikasi nya bagus tapi saya coba mau hapus dana premium sampe sekarang belum di proses,5,2026-04-24 15:13:34,Positif
Gk ada untungnya pake aplikasi ini,1,2026-04-24 15:13:20,Negatif
bagus,5,2026-04-24 15:12:39,Positif
"Dana cicil tidak bisa digunakan, padahal lagi butuh banget",1,2026-04-24 15:11:03,Negatif
kurang kumplit,2,2026-04-24 15:08:27,Negatif
"Dana cicil tidak bisa dipakai pembayaran, limit ada, smartpay aktif, akun premium",1,2026-04-24 15:08:04,Negatif
bagus banget jadi lebih mudah bertransaksi,5,2026-04-24 15:06:17,Positif
"please knp dana makin kesini makin kesana, tolong lah aku gk pernh ngutang di dana cicil ngapa tiba tiba ada tagihan ngeri cok, udah 2x bayar tagihan goib gini parah jingah",1,2026-04-24 15:04:30,Negatif
nice,5,2026-04-24 15:02:58,Positif
Tolong dana pembarui fitur verifikasi tambahkan via Telegram dan tiktok,1,2026-04-24 15:02:40,Negatif
"2 kali kehilangan saldo,dulu hilang di Dana sekarang hilang di shopee nice banget,di history masuk akun tidak ada perangkat asing yang masuk baik dari dana ataupun shopi,tapi saldo di kuras mulu,di history saldo dana maupun shopi ada hasil topup Diamond freefire tapi nggak tau dari siapa yang topup,pokoknya saldo tiba tiba di kuras di embat tanpa ampun.",1,2026-04-24 15:01:09,Negatif
TOLONG DI PERBAIKI LAGI APLIKASI INI YAH DEVELOPER TERIMAKASIH⭐⭐⭐⭐⭐ setiap hari di update yah developer ok terimakasih.,5,2026-04-24 14:59:31,Positif
ferrry goooddddd,5,2026-04-24 14:59:20,Positif
BAGUSS,5,2026-04-24 14:59:08,Positif
ok,5,2026-04-24 14:57:33,Positif
👎👎👎👎👎👎👎👎👎,1,2026-04-24 14:56:46,Negatif
"Aplikasi wallet paling jelek, gangguan mulu, fitur sampah gk bisa dipake, udah gitu update mulu, tapi gk ada perbaikan apa apa",1,2026-04-24 14:55:59,Negatif
Mantap,5,2026-04-24 14:54:32,Positif
"Aplikasi sampah, nyesel download sama daftar gw",1,2026-04-24 14:54:03,Negatif
"Malah gk bisa dibuka , parah gobloknya banyak gangguan qris kagak bisa , fitur sampah",1,2026-04-24 14:52:39,Negatif
sangat bagus aplikasi nya..sangat membantu kebutuhan sehari2,5,2026-04-24 14:51:51,Positif
"Apk burik, banyak gangguannya fitur gk jelas",1,2026-04-24 14:51:24,Negatif
aku sangat senang dan puas dengan aplikasi ini sangat membatu,5,2026-04-24 14:49:52,Positif
bagus aplikasi nya hanya saja kadang error.. trus selalu gagal untuk transaksi,4,2026-04-24 14:49:24,Positif
Aplikasi bangke,1,2026-04-24 14:49:04,Negatif
dana instan tidak muncul,5,2026-04-24 14:48:16,Positif
sangat baik,5,2026-04-24 14:47:58,Positif
baru banget komplain mengenai limit top-up.. langsung dikasih solusinya. Mantap,5,2026-04-24 14:47:30,Positif
tolong bantu naikkan limit dana cicil saya,5,2026-04-24 14:46:05,Positif
"kok setiap scan wajah untuk pembayaran selalu gagal ya, tolong dong masa iya gagal Mulu padahal sinyal bagus terus wajah aku juga tidak berubah tapi kok gagal teruss",2,2026-04-24 14:44:54,Negatif
kenaapa dengan dana ko koneksi nya ga bagus,5,2026-04-24 14:44:26,Positif
layanan sangat puas,5,2026-04-24 14:43:42,Positif
gimna ini saldo saya tiba tiba hilang,1,2026-04-24 14:42:16,Negatif
sangat mantap,5,2026-04-24 14:42:03,Positif
joossss lah,5,2026-04-24 14:40:50,Positif
knp pas aku top up ff di dana tertulis gagal tapi uang nya di tarik tolong kembalikan uang ku,1,2026-04-24 14:39:05,Negatif
bagus,5,2026-04-24 14:38:17,Positif
hallo bos kok aplikasi dana tulisan koneksi terputus kenapa ya saya jadi GK login Tolong di perbaiki sistemnya,1,2026-04-24 14:36:01,Negatif
"kenapa gak bisa transaksi ya sekarang? tiap mau transaksi malah muncul ""ups, tidak ada koneksi internet, cek nanti lagi ya."" emang aneh ni apk sekarang",2,2026-04-24 14:34:16,Negatif
sangat mantap,5,2026-04-24 14:32:53,Positif
ga semua pengguna dapat dana instan,1,2026-04-24 14:31:49,Negatif
sangat membatu,5,2026-04-24 14:31:14,Positif
mau tanya setelah saya beli obligasi fr di aplikasi dana kenapa saya tidak bisa melihat saldo RDN saya? ada tulisan gagal mendapatkan RDN user,5,2026-04-24 14:27:58,Positif
sangat puas,5,2026-04-24 14:27:16,Positif
"isi saldo juga harus bayar, kocak bener",1,2026-04-24 14:23:50,Negatif
bagus,5,2026-04-24 14:22:08,Positif
Mantaaaaaaap... jujur aja.. dengan adanya DANA cicil.. Alhamdulillah.. sangat membantu bngeeeettt.. Thank's yaah...,5,2026-04-24 14:21:53,Positif
apakah bisa membantu untuk mengeluarkan fitur dana cicil di akun dana saya,5,2026-04-24 14:20:54,Positif
dana cicilan nya GK bisa di pake padahal udah lunas semuanya,1,2026-04-24 14:16:39,Negatif
cokup 🆗 udah lama sya pake dana,5,2026-04-24 14:15:32,Positif
"aplikasi gajelass, tibatiba saldo ketarikkk 900ribu buat ngisi pulsa gatau ke nomer siapa. saldo tibatiba hilanggg gitu aja. udah hubungi dm ig dana di akun nuga udah tapii gada jawaban yang memastikann",1,2026-04-24 14:13:07,Negatif
danaa tolong kembalikan uangkuu.. pas aku mau isi wdp aku baru mencet bayar belum masukin kodenya tapi kok udah kesedot? udah mah wdp ya belum masukkk.. balikin donggg tolongg,3,2026-04-24 14:12:46,Netral
"Untuk pemindahan akun dari nomor lama ke nomor baru, tdk bisa saya lakukan... Nomor lama kena jambret brikut hpnya. Dan untuk pemindahan akunnya tdk sperti versi lama yg hanya melakukan verifikasi wajah. Semakin ribet.. Alhasil saldo di akun lama jadi terpendam tdk terpakai",1,2026-04-24 14:12:13,Negatif
jangan pake dana dana skrng mah udh gk jelas saya udh bayar dana cicil skrng udh gk bisa di pake Dan dana cicil nya limit nya gk pernah naik,1,2026-04-24 14:08:20,Negatif
👍👍,3,2026-04-24 14:00:11,Netral
mantap,5,2026-04-24 13:59:57,Positif
kenapa dana cicil sudah muncul tapi pas di klik dana cicil tidak tersedia,1,2026-04-24 13:50:41,Negatif
punya q ko belum keluar dana cicil nya,5,2026-04-24 13:49:18,Positif
sanyat membantu,5,2026-04-24 13:48:29,Positif
dongo transaksi banyak gada dacil,1,2026-04-24 13:46:26,Negatif
anj,1,2026-04-24 13:46:04,Negatif
mantap,5,2026-04-24 13:42:31,Positif
jelek pelayanan dan jangan pake apikasi DNA rakyat aku untal tak berguna,1,2026-04-24 13:42:26,Negatif
terbayang bayang,5,2026-04-24 13:36:28,Positif
dana ini tidak bisa di login kan,1,2026-04-24 13:35:19,Negatif
sangat bagus menggunakan apk ini,5,2026-04-24 13:34:59,Positif
nyari duit susah tiba' ilangg di dana pas di cek katanya google YouTube pdhl g ada langganan sama sekali PHL it buat mkn kecewa bnget😔,3,2026-04-24 13:32:43,Netral
saya sangat puas,5,2026-04-24 13:30:11,Positif
dana cicil gak ada,1,2026-04-24 13:29:59,Negatif
Apk nya udh bagus TPI kenapa akhir akhir in bermasalah terus dalam sistem penarikan dan kirim. mohon di perbaiki sebaik mungkin. apk nmor 1 TPI sistemnya error mulu,1,2026-04-24 13:27:30,Negatif
Saya kena potongan otomatis gimana ini tidak teransaksi aduhhh,5,2026-04-24 13:24:45,Positif
"bagus tapi ada orang lain yang mau login untuk ambil saldo,,jangan tertipu ada wa/telfon atas namakan aplikasi dana",1,2026-04-24 13:24:18,Negatif
coba dulu,5,2026-04-24 13:18:15,Positif
"Mohon bantuannya pihak dana saya daftar dana bisnis untuk Qris dan selama 1 minggu belum ada dikabarin Qris itu berhasil atau tidak, mohon bantuannya segera ditahanin",5,2026-04-24 13:17:04,Positif
mantqp,5,2026-04-24 13:16:31,Positif
"gua ada akun no ke blok dan udah premium tapi kena bobol 400k gua udah ganti no kok ribet di suruh ke akun yg lama,padahal no udah keblok bahkan udah di hack bisa bisa nya gak bisa,kalau ada ulasan tolong hapus semua data saya di dana dengan no paling belakang 3215 yah.ini udah termasuk premium saya minta tolong hapus takutnya di salah gunakan malah jadi pinjol dan di takutkan pihak dana tidak menanggung jawab seperti permasalahan ini??? terimakasih",1,2026-04-24 13:11:25,Negatif
apaan banget tiba tiba ada tagihan,1,2026-04-24 13:09:18,Negatif
sangat membantu,5,2026-04-24 13:07:47,Positif
sudah 2 mingguan lebih tidak dapat di buka,4,2026-04-24 13:07:12,Positif
uangku hilang 150.000 woi,1,2026-04-24 13:06:58,Negatif
bagus,5,2026-04-24 13:06:47,Positif
"sudah lama pakai apk dana,sering juga buat transaksi,tapi fitur dana instan belom juga muncul",4,2026-04-24 13:03:54,Positif
"terbaik pokoknya, sangat membantu untuk kebutuhan harian dan pembayaran",5,2026-04-24 13:00:13,Positif
bgus,5,2026-04-24 12:57:32,Positif
mantap aplikasi nya sangat membantu tenkiu,5,2026-04-24 12:57:04,Positif
Dana Debesstttt Semakin membaik kualitasnyaa semoga amanah terus menerus yaaa,5,2026-04-24 12:55:34,Positif
setelah ganti akun lama ke akun baru saldo dana saya hilang tolong masukan kembali saldo dana sayah ke akun baru sayah,5,2026-04-24 12:54:31,Positif
saya sangt suka menggunakan dana ini sangt mudah buat transaksi,5,2026-04-24 12:52:41,Positif
aktivitas transaksi masuk ke email,5,2026-04-24 12:51:33,Positif
"sengaja saya kasih b5 biar muncul, kenapa si setiap saya nyimpen duit di dana malah kepake sendiri(kayak buat apa gitu) pokoknya transaksi sendiri, padahal akun dana saya cuma di hp Aya dan saya engga transaksi apa apa, lumayan itu, yg tdi ada 106k jdi sisa 60k an doang, kepake sendiri, gatau kenapa, kalo ad yg sama bantu like dong, biar ke notif Ama dev, plis lah dev, perbaikin ini, kayaknya ga mungkin bug atau bisa jadi bug, tapi Udha banyak orang yg kayak saya gitu",5,2026-04-24 12:51:04,Positif
"dana l o l duit gua tiba tiba ilang 50k ta1 bangat anj, padahal ga ngapa-ngapain anj",1,2026-04-24 12:49:33,Negatif
sayang nya fitur dana cicil saya ga muncul,5,2026-04-24 12:47:19,Positif
"penggunanaan dana cicil tidak bisa . jelas"" limit masih ada",3,2026-04-24 12:45:06,Netral
"semua fitur udah oke, sayang mau bayar PBB nggk pernah bisa, tolong admin di perbaiki sistemnya,selainnya sudah ok, terimakasih",5,2026-04-24 12:41:26,Positif
sangat membantu.Thanku Dana semoga makin berkembang aplikasinya,5,2026-04-24 12:40:54,Positif
mntap,5,2026-04-24 12:39:12,Positif
"harga paket promonya jadi naik, turunin lagilah harganya",2,2026-04-24 12:37:48,Negatif
untuk apk dana memang bagus tetapi ada kendala di mana uang transaksi dari dana transfer ke bank itu di pending/tahan.jadi saya kasih bintang2 ⭐⭐🙏,2,2026-04-24 12:35:36,Negatif
ok,5,2026-04-24 12:34:38,Positif
Terimakasih,5,2026-04-24 12:33:50,Positif
bagus bgt,5,2026-04-24 12:31:14,Positif
"tolong bantu saya masuk akun dana saya, tiba² di tangguhkan apa mksutnya ini",1,2026-04-24 12:27:32,Negatif
tidak bisa ke dana premium,4,2026-04-24 12:22:17,Positif
mantap aplikasi nya bos gampang transfer uang tunai,5,2026-04-24 12:21:41,Positif
terbaik,5,2026-04-24 12:21:17,Positif
baguss,5,2026-04-24 12:21:06,Positif
bagus sudah lama saya menggunakan,5,2026-04-24 12:21:06,Positif
love bangett,5,2026-04-24 12:20:00,Positif
"aplikasi dana gak jelas,padahal dana cicil saya sudah lunas dengan baik,tidak ada tagihan lagi,tapi kenapa malah limit saya menjadi NOL! sudah dari tahun kemarin sampe sekarang masih belom juga bisa digunakan???tolong pengertian nya min!!!?",5,2026-04-24 12:16:52,Positif
sangat bagus,5,2026-04-24 12:15:06,Positif
"hampir 2 minggu transaksi tidak masuk kerekening tujuan, dari dana melaporkan transaksi sukses, tapi uangnya tidak masuk, dana tidak membantu konfirmasi ke nomor rekening atau Bank terkait, dasar dancok.... batuan di aplikasi fana itu untuk apa, kalau masih harus DM di fb....? yang pasti pasti aja lah",1,2026-04-24 12:14:14,Negatif
sangat membatu saya untuk nabung,5,2026-04-24 12:13:44,Positif
"kenapa fitur dana cicil saya menghilang sedangkan transaksi saya sebulan puluhan juta , tanya ke DIANA jawaban nya tidak jelas bikin pusing",1,2026-04-24 12:11:53,Negatif
saya sangat kcwa knpa skrng otp makai wajah gk bisa hrus lwt whtsap,1,2026-04-24 12:11:06,Negatif
kenapa akun dana ku tak bisa di bukak biasanya bisa,5,2026-04-24 12:06:17,Positif
bagus,5,2026-04-24 12:05:53,Positif
kenapa akun saya tiba-tiba tidak bisa login?,3,2026-04-24 12:05:40,Netral
"kenapa fitur dana cicil tidak keluar padahal dulu sudah keluar tiba"" hilang lagi",3,2026-04-24 12:04:19,Netral
bagus,5,2026-04-24 12:02:52,Positif
bagus,5,2026-04-24 12:02:17,Positif
terulang kembali saldo tertahan kirim ke rek bank/e money tidak bisa lama2 aplikasi ini semakin buruk !!!!,1,2026-04-24 12:01:26,Negatif
baik,4,2026-04-24 11:59:04,Positif
tolong aktifkan dana cicil saya sudah ber tahun² make dana masa dana cicil GX aktif²,4,2026-04-24 11:58:39,Positif
danacicil,5,2026-04-24 11:57:27,Positif
mantap,1,2026-04-24 11:56:46,Negatif
ko. Tidak bisa di buka aplikasi ini tolong solusi nya,5,2026-04-24 11:55:58,Positif
sering crashh,1,2026-04-24 11:54:20,Negatif
"Topup dari bank kena biaya, masuk ke dana kena biaya lagi. Apa apaan ini.",1,2026-04-24 11:47:49,Negatif
SANGAT BAGUS Dan untuk pengamanannya sangat bagus dengan bertransaksi jauh lebih mudah,5,2026-04-24 11:43:51,Positif
"aplikasi tolol, kena penipuan malah gamau tau, dasar, cs nya juga kurang bgt ngeresponnya pokoknya tiati dah pake apk ini, apalagi kalo salah transfer pokoknya ga ngurus in tu apk",1,2026-04-24 11:43:35,Negatif
bagus,5,2026-04-24 11:40:18,Positif
dana ini memang bagus bisa nabung . bagus bangettt,4,2026-04-24 11:39:46,Positif
ngisi saldo kena potongan mau ternasfer kena admin udah ga ngerti lagi sama apk dana kemungkinan mau di hupus kalo masih gitu kecewa sih apalagi gua sering keluar masuk duit tiap masuk duit kena potongan,1,2026-04-24 11:39:26,Negatif
dalam proses,1,2026-04-24 11:39:02,Negatif
sangat membantu,5,2026-04-24 11:35:56,Positif
ok,5,2026-04-24 11:35:07,Positif
kenapa dana saya ga ada dana cicil nya yah padahal udah saya update,4,2026-04-24 11:34:23,Positif
menyimpan uang digital yg pas,5,2026-04-24 11:33:31,Positif
sangat puas dengan aplikasi DANA transaksi lebih mudah dan cepat,5,2026-04-24 11:29:34,Positif
fitur dana cicil ga langsung keluar kecewa,1,2026-04-24 11:28:38,Negatif
apk nya oke tapi dana saya pernah hilang karna saya kaitin dengan gogle play tiba2 banget hilang,3,2026-04-24 11:25:16,Netral
"untuk pihak aplikasi dana,saya kehilangan dana saya sebesar 53Rb terpotong sendiri dari aplikasi dana ini. saya tidak merasa melakukan transaksi apapun dari aplikasi ini. mohon bantuan untuk kembalikan dana yang terpotong secepatnya. mohon dibantu terimakasih.saya akan memberikan ranting 5 jika sudah di kembalikan",1,2026-04-24 11:23:34,Negatif
bagus dn aman,5,2026-04-24 11:20:49,Positif
yah sayang akun dana gampang dibobol walau dah premium,1,2026-04-24 11:19:54,Negatif
top markotop.,5,2026-04-24 11:15:40,Positif
baik,4,2026-04-24 11:15:30,Positif
parah sekiranya gak mau di pakai gak usah buat aplikasi,1,2026-04-24 11:14:47,Negatif
"terlalu lama saat membuat qris, namun selebihnya sudah baik",3,2026-04-24 11:08:57,Netral
cepat perbaiki sistemnya,1,2026-04-24 11:01:33,Negatif
bagus,5,2026-04-24 11:00:31,Positif
oke dan keren,4,2026-04-24 11:00:21,Positif
bagus,5,2026-04-24 10:58:45,Positif
apk ajing. Sistem pegamana tolol. Buat kalian Jagan donlod apk dana. lagi. uang gua 241k. Tingal 1k. Ilang Tampa sebab. Apk ajing.,1,2026-04-24 10:54:31,Negatif
sukses,5,2026-04-24 10:52:11,Positif
aplikasi celeng...dibobol saldo danku tanpa persetujuan bisa saldo dipotong... aplikasi celeng,5,2026-04-24 10:51:38,Positif
sangat berguna,5,2026-04-24 10:48:11,Positif
"Aplikasi di buka, Keluar2 sendiri..",2,2026-04-24 10:46:06,Negatif
bisa GK kalo pas mau top up ke akun lain itu logo Qris jangan muncul kayak ko ntol kali pas mau top up ke akun lain selalu di arahkan ke Qris ganggu kali bisa GK di hilangin,1,2026-04-24 10:42:45,Negatif
saya tidak memiliki dana cicil,5,2026-04-24 10:39:19,Positif
"apk pilih kasih.masak pengguna baru langsung ada fitur dana cicil,sedangkan saya pengguna lama,fitur dana cicil nggak ada padahal transaksi saya perbulan mencapai puluhan juta.kecewa sekali saya.apk ini nggak layak",1,2026-04-24 10:33:55,Negatif
"jika sampai nanti malam uang saya yg di makan tiktok gak balik, aku hapus aplikasi dana, dan aku pastikan aplikasi dana gak bakal ada yg pakek lagi,, akan aku sebar luaskan",1,2026-04-24 10:24:36,Negatif
cuman kurang tidak mempunyai dana cicil,5,2026-04-24 10:23:01,Positif
apk cacat,1,2026-04-24 10:21:47,Negatif
hay min mohon maaf sebelumnya kok dana cicil saya tidak bisa digunakan kembali padahal baru pelunasan dan saya sudah hubungi email maupun costumer servis ga ada perbaikan sekian terima kasih,3,2026-04-24 10:16:45,Netral
aplikasi dana ini sangat berguna banget dan bisa transfer nya lebih gampang yang ciptakan aplikasi ini jos jis bagus banget,5,2026-04-24 10:15:58,Positif
mantap,5,2026-04-24 10:15:27,Positif
Gmn gk mao di ketawain negara luar it dongo di suruh pda bkin apk msa saldo 20k kga bsa transaksi 10 ribu,1,2026-04-24 10:14:53,Negatif
riwayat tf masih tidak bisa di buka,5,2026-04-24 10:13:34,Positif
gud,5,2026-04-24 10:12:55,Positif
bagus untuk menyimpan uang,5,2026-04-24 10:05:37,Positif
karena dana ketarik 18000,2,2026-04-24 10:04:34,Negatif
"mau masuk login dana minta otp terus sedangkan nomer sudah hilang kalo pin masih tau, mau pemindahan akun gagal terus karena ada aseet yg aktip katanya harus di hapus dlu mau ngehapus gimana login nya juga susah kocak kocak",1,2026-04-24 09:55:44,Negatif
sangat buruk,1,2026-04-24 09:53:17,Negatif
Sangat bagus,5,2026-04-24 09:52:34,Positif
"apliakasi jelek amat,udah di posisikan wajah ke kamera. malah muncul notig waktu foto habis,gajelas amat",1,2026-04-24 09:52:03,Negatif
"aplikasi nya bagus,dan berguna tapi tolong lebih di perbaiki karena ada beberapa dampak yang sering terjadi dari aplikasi ini, seperti eror,uang nya hilang,dll tolong kedepannya di perbaiki lagi",2,2026-04-24 09:51:16,Negatif
"GK aman ,sangat mudah diretas,,,jangan mau nyimpan uang disini,kalau GK mau hilang duitnya,,, saya sudah jd korban",1,2026-04-24 09:50:24,Negatif
transaksi sangat mudah dan cepat kilat,5,2026-04-24 09:49:29,Positif
mantap bagus cepat,5,2026-04-24 09:49:15,Positif
"bisa² nya saldo saya diambil orang, ga jelas mengatasnamakan customer service dana lagi, masa pihak dana ga menanggapi, dan tidak ada dana protection",1,2026-04-24 09:48:14,Negatif
cepat akurat,5,2026-04-24 09:47:40,Positif
apk yang sanganat bagus,5,2026-04-24 09:42:58,Positif
3 bintang dulu karna pitur dana cicil ku blm ada padahal aku dah pake dana bertahun2,3,2026-04-24 09:40:58,Netral
bagus banget ceritanya,5,2026-04-24 09:40:27,Positif
puas sekali,5,2026-04-24 09:38:03,Positif
cuman saya blom Ada fitur Dana cicil nya,5,2026-04-24 09:35:08,Positif
"aplikasi sudah bagus buat transfer lancar langsung masuk ke tujuan juga bisa tranfer ke bank dan juga ke e-wallet lainnya namun masih ada kurangnya terkadang jika menyimpan banyak uang di dana bisa berkurang sendiri tanpa kita pakai, bukan saya sendiri yang mengalami namun dari keluarga saya teman saya kerabat dekat saya juga sama seperti ini",3,2026-04-24 09:29:02,Netral
sangat menyenakan,2,2026-04-24 09:28:22,Negatif
mantaf,5,2026-04-24 09:27:11,Positif
bagus bgt,5,2026-04-24 09:26:12,Positif
baik,2,2026-04-24 09:22:21,Negatif
good,4,2026-04-24 09:14:14,Positif
angap apk dsna ni,5,2026-04-24 09:13:20,Positif
mantul,5,2026-04-24 09:13:14,Positif
bagus,5,2026-04-24 09:10:15,Positif
mantep,5,2026-04-24 09:08:36,Positif
baik,5,2026-04-24 09:08:00,Positif
terimakasih banyak atas kerja samanya salam sukses,5,2026-04-24 08:59:22,Positif
sangat memuaskan,5,2026-04-24 08:58:53,Positif
kok saya tidak ada dana cicil,5,2026-04-24 08:55:44,Positif
saya keperluan dana cicil,3,2026-04-24 08:53:24,Netral
"aplikasi ini makin tolol, verifikasi wajah selalu gagal.",1,2026-04-24 08:50:07,Negatif
"aplikasinya bagus,tapi sayang dana cicilnya gk bisa di gunakan,padahal masih ada limit",3,2026-04-24 08:47:15,Netral
Dikasih bintang 3 soalnya uang yang ada di dana berkurang sendiri padahal ga dipake apa apa di transaksi juga ga ada riwayat transaksi Bahkan punya suami saya juga kek gitu tolong bukan masalah nominal tapi pertanggung jawabannya,3,2026-04-24 08:43:24,Netral
dana cicil tidak bisa di pakai sama sekali,1,2026-04-24 08:42:10,Negatif
bguss,5,2026-04-24 08:41:11,Positif
Ok,5,2026-04-24 08:40:49,Positif
kak ini untuk proses aktivasi dana cicil knapa sampai 5 hari tidak ada kabarnya,2,2026-04-24 08:39:53,Negatif
bagus,5,2026-04-24 08:39:03,Positif
"cara masuk dana tanpa otp gimana ya,karna nomor saya sudah tidak ada lagi",4,2026-04-24 08:38:44,Positif
serba mudah dan cepat,5,2026-04-24 08:37:03,Positif
"sistem sedang Sibuk, maksudnya apa Yah maaf Sebelumnya saya baru selesai Tf dari Brimo Ke Dana di brimo udah sukses, kok masuk di dana nya masih kosong yah Saldo nya, dan saldo yg terkirim pun Bukan Sedikit, mohon Perhatian tindak lanjutnya bagaiaman sekarang kejelasannya🙏",3,2026-04-24 08:32:28,Netral
baikkk,5,2026-04-24 08:27:31,Positif
apk dana emang bagus,5,2026-04-24 08:26:42,Positif
bagus dan mudah digunakan,5,2026-04-24 08:25:09,Positif
ok boos,5,2026-04-24 08:23:08,Positif
dana cicil tadinya ada tp ga tersedia giliran unisntal dan instal lagi malah ilang gmn ceritanya transaksi trz ko beda beda menunya setiap dana gmn ceritanya,5,2026-04-24 08:16:35,Positif
bagus sekali,5,2026-04-24 08:15:48,Positif
sangat membantu,1,2026-04-24 08:13:48,Negatif
"saya tidak bisa login dengan PIN saya, tolong pihak dana di perbaiki lagi",1,2026-04-24 08:07:54,Negatif
bgus,2,2026-04-24 08:03:04,Negatif
mohon dukungan nya dana instan dan paylater di akun saya tersedia tapi tidak bisa di gunakan,5,2026-04-24 08:01:50,Positif
akun di proteksi apakah bisa bantu proses,5,2026-04-24 08:01:45,Positif
wow,5,2026-04-24 08:01:41,Positif
aneh ada fitur dana cicil tapi tidak bisa digunakan untuk transaksi apapun,4,2026-04-24 08:00:43,Positif
sangat membantu,5,2026-04-24 08:00:28,Positif
sangat bgus,5,2026-04-24 08:00:07,Positif
makin lama makin kesini bug mulu gk bisa login lah bayaran gk bisa qris apalagi jelek banget sekrang dana gk ada perbaikan,1,2026-04-24 07:56:14,Negatif
udah 60 hari dana cicil saya d bekukan tetep aja limit nya ga d munculin lagi parah padahal udh lebih dari 60 hari,5,2026-04-24 07:51:47,Positif
sangat mudah,5,2026-04-24 07:46:53,Positif
dana plz gimana cara refund voucher kopi kenangan bales dong min,4,2026-04-24 07:45:08,Positif
sangat bagus,5,2026-04-24 07:41:00,Positif
good,5,2026-04-24 07:39:20,Positif
transfer tidak masuk padahal saldo sudah terpotong,1,2026-04-24 07:39:08,Negatif
mantap,5,2026-04-24 07:34:02,Positif
Dompet opsional,5,2026-04-24 07:33:50,Positif
saya sangat puas,5,2026-04-24 07:33:27,Positif
"APLIKASI GAJELAS,MASA MASUK HARUS KODE OTP TERUS",1,2026-04-24 07:32:44,Negatif
mantap,5,2026-04-24 07:24:42,Positif
bagus,5,2026-04-24 07:22:16,Positif
goddjob,5,2026-04-24 07:19:34,Positif
"jelek mempermudah transaki judol, aplikasi jelek ga bermutu",1,2026-04-24 07:17:31,Negatif
kenapa setiap hari mau transfer uang kok ada tulisan upgrade ke premium terus ya,1,2026-04-24 07:13:02,Negatif
dana good job,5,2026-04-24 07:09:26,Positif
bagus banget,5,2026-04-24 07:08:36,Positif
sempurna,5,2026-04-24 06:56:41,Positif
mantap,5,2026-04-24 06:56:40,Positif
mantap,5,2026-04-24 06:53:57,Positif
kenapa gangguan terus ga bisa login akun saya?,1,2026-04-24 06:50:58,Negatif
bagus,5,2026-04-24 06:49:41,Positif
aplikasi penipu mempersulit nasabah,1,2026-04-24 06:45:18,Negatif
susah muncul dana cicil,5,2026-04-24 06:43:37,Positif
bantu saya ajukan fitur dana cicil. karena saya ingin mencoba menggunakan nya. tolong bantu saya,5,2026-04-24 06:41:02,Positif
tolong munculkan dana pinjam dong masak akun aktif dana pinjam gak ada,5,2026-04-24 06:40:52,Positif
"dana lelet bikin emosi, mau ngasih bukti tf an notif transfer nya ga muncul muncul , minimal bnerin lah",1,2026-04-24 06:40:28,Negatif
tak berguna masa mau masuk susah banget nmr aktip ko ga bisa login,1,2026-04-24 06:39:23,Negatif
"makin kesini makin bad banget, masa top up di atas 100K dipotong 1K, top up lagi di waktu yg sama di bawah 100K kena potong lagi 1K,, bayangkan aja kalau top up sampai 10 kali sehari, lama-lama ku hapus juga nih aplikasi",2,2026-04-24 06:34:26,Negatif
mantap,4,2026-04-24 06:30:25,Positif
apk Dana sudah tidak aman lagi. saldo hilang sendiri. melakukan transaksi ke rek lain tanpa izin.,1,2026-04-24 06:27:19,Negatif
mantap,5,2026-04-24 06:27:04,Positif
csnya jelek saat menanggapi laporan,1,2026-04-24 06:27:03,Negatif
sangat bagus baik untuk di gunakan untuk kalangan remaja,5,2026-04-24 06:24:48,Positif
fitur dana cicil gak guna sudah bayar semua tagihan lagsung tidak bisa digunakan kembali,1,2026-04-24 06:23:20,Negatif
bagus,5,2026-04-24 06:19:36,Positif
"saya ganti nomor, nomor yang lama malah diproteksi",1,2026-04-24 06:19:08,Negatif
"bintang 4 dulu soal nya udh lama make dana,belum ada dana cicil nya heran,kawan saya baru 2 hri udh ada dana cicil nya batu lh",4,2026-04-24 06:18:11,Positif
"aplikasi hanya memperkaya diri dan tidak bertanggung jawab, dan tdk melayani dgn baik konsumen yg melaporkan kehilangan saldo",1,2026-04-24 06:18:08,Negatif
Keren Banget sangat senang sekali,5,2026-04-24 06:15:28,Positif
mantap,5,2026-04-24 06:11:05,Positif
"kenapa saat didaftarkan ke melolo, selalu dikatakan dompet digital tidak valid",4,2026-04-24 06:10:50,Positif
mantab terpercaya,5,2026-04-24 06:09:39,Positif
"saya puas, tapi ada satu hal yaitu saya sudah premium sudah banyak melakukan transaksi, tapi tidak ada menu dana instan, makasih",5,2026-04-24 06:08:07,Positif
beli data yang 8gb tapi yang masuk cuma 5gb dana nipu pengguna,1,2026-04-24 06:06:08,Negatif
mantap,5,2026-04-24 06:05:54,Positif
oke siap,5,2026-04-24 06:04:24,Positif
sangat bagus,5,2026-04-24 06:02:59,Positif
mantap,5,2026-04-24 06:02:36,Positif
bagus ada fitur dana cicil nyaa,5,2026-04-24 06:02:12,Positif
layanan terbaik pokoknya ok banget,5,2026-04-24 05:54:01,Positif
sangat membantu,5,2026-04-24 05:52:08,Positif
ok membantu,5,2026-04-24 05:49:19,Positif
dana cicilnya gak Muncul,1,2026-04-24 05:46:52,Negatif
dana instan muter di proses verifikasi 🤣🤣🤣🤣🤣,5,2026-04-24 05:45:39,Positif
bagus sekali sumpah ya Allah,5,2026-04-24 05:45:04,Positif
god bagus,5,2026-04-24 05:43:43,Positif
"saya kehilangan uang 100,000 saya padahal saya mau infes ke emas digital saat saya mau buat laporan selalu tidak di tanggapi padahal saya sudah beralih ke premium ini sangat merugikan saya😡😡",2,2026-04-24 05:43:04,Negatif
biar aku pakai dana sja,1,2026-04-24 05:40:08,Negatif
kutrang,3,2026-04-24 05:38:46,Netral
kurang aman,1,2026-04-24 05:37:29,Negatif
baguss,5,2026-04-24 05:37:03,Positif
tolong munculkan dana cucil,5,2026-04-24 05:30:20,Positif
ga bisa login eror Mulu,1,2026-04-24 05:29:26,Negatif
very good very well,5,2026-04-24 05:28:51,Positif
"saya sudah menggunakan dana lebih dari 3 tahun,to fitur dana instan belum ada di dana saya",5,2026-04-24 05:26:43,Positif
DANA NO YG LAMA HANGUS PINDAH NO K YG BARU KO G D PROSES PROSS SALDONYA ADA 15 JUTA G K BUKA BUKA DASAR APLIKASI PENIPUAN,1,2026-04-24 05:21:31,Negatif
mantap,5,2026-04-24 05:19:36,Positif
bagus,5,2026-04-24 05:17:50,Positif
susah klo no sudah ga aktip,5,2026-04-24 05:14:42,Positif
👍👍👍👍,5,2026-04-24 05:13:12,Positif
aplikasi buruk. sudah beberapa kali melakukan transaksi secara otomatis tanpa meminta verifikasi dari saya. dan tidak dapat di refund kembali,1,2026-04-24 05:12:12,Negatif
mantap,5,2026-04-24 05:12:07,Positif
good,5,2026-04-24 05:08:51,Positif
luar biasa,5,2026-04-24 05:05:40,Positif
aplikasinya tidak bisa di buka.. bisa di buka tiba2 keluar sendiri.,1,2026-04-24 05:02:23,Negatif
APLIKASI INI MEMBUAT HP SAYA ERROR 3 HARI KARNA MEMBELI PAKET DATA DI APLIKASI INI MUNGKIN ADA BUG YG MENYEBABKAN HP SAYA HIDUP MATI HIDUP MATI DARI APLIKASI INI,1,2026-04-24 05:01:15,Negatif
fiturnya chatlive ke customer serving langsung perlu di adakan,5,2026-04-24 05:00:30,Positif
ka nomer yg pake daftar dan hilang saya GK bisa loging tolong di bantu ka,5,2026-04-24 05:00:18,Positif
knp saldo dana z belum kembali.,5,2026-04-24 05:00:02,Positif
sampah,1,2026-04-24 04:58:14,Negatif
aplikasi ga jelas tf ksana ksini gabisa harus upgrade,2,2026-04-24 04:56:14,Negatif
custamer servise tidak menyenangkan hati saat kita salah tranfer,1,2026-04-24 04:56:00,Negatif
apk gajelas,1,2026-04-24 04:47:28,Negatif
hati hati. uang di dana slalu ilang. sudah banyak korban..pada maling smua isi nya,1,2026-04-24 04:46:49,Negatif
min knpa di dana sy ada tagihan cicilan padahal sy TDK pernah mrasa mengambil cicilan,1,2026-04-24 04:43:48,Negatif
Belum ada dana cicil punya saya,5,2026-04-24 04:43:19,Positif
apk ya sangat membantu buat transaksi SMA keluarga yg jarak ya jauh,5,2026-04-24 04:40:33,Positif
"penangananya lama bnget . kirain buka pembekuan akun sementara cepet . ternyqta butuh 3 hari .. trua saya top up buat apah duit yg di dana ga bisa di pakai sama sekali . sedangkan saya butuh bnget make duit ituh 😤😤 Ga lagi"" deh make dana 😡😡",2,2026-04-24 04:31:28,Negatif
memudahkan sebagai transaksi kita,5,2026-04-24 04:20:34,Positif
sangat membantu,5,2026-04-24 04:19:33,Positif
itu kenapa maksimal top up cuma 450 rb ??? pelit amat,1,2026-04-24 04:16:26,Negatif
jos,5,2026-04-24 04:15:57,Positif
"udah 3 hari mau coba hapus akun dana tetep gagal di suruh ulang mulu terus di suruh coba besok nya lagi tolong dongg gua cuma mau hapus akun kenapa di persulit banget, sistem nya di perbaiki minimal lah",1,2026-04-24 04:13:25,Negatif
bagus cuman belum keluar dana instan juga dana cicil,5,2026-04-24 04:12:10,Positif
tolong update nya soalnya punya saya belum ada fitur dana cicil,3,2026-04-24 04:10:38,Netral
tgl 23april2026 update lagi,5,2026-04-24 04:09:02,Positif
sangat bagus,5,2026-04-24 04:02:23,Positif
"aplikasi apaan kayak gini ngescan QR kagak Bisa malah burem kalok udah bener, CACAT.",1,2026-04-24 03:57:58,Negatif
Aplikasi dana nya tolong di perbaiki,3,2026-04-24 03:57:30,Netral
tranfer dari dana ke bank tapi tidak masuk. info kejelasannya.,1,2026-04-24 03:54:13,Negatif
oke siap bos,5,2026-04-24 03:54:06,Positif
baik tapi mudah hilang,5,2026-04-24 03:43:58,Positif
kalau login harus pindai wajah dan sidik jarak,3,2026-04-24 03:42:50,Netral
bagus,4,2026-04-24 03:40:28,Positif
ok!!!,5,2026-04-24 03:38:46,Positif
dana cicil tidak bisa di gunakan kenapa,5,2026-04-24 03:35:34,Positif
sangat nyaman dan bagus,5,2026-04-24 03:31:28,Positif
mantap emang aplikasi membantu,5,2026-04-24 03:31:18,Positif
"GK bisa isi saldo Maxim, jadi 4 bintang aja, KLO Maxim nya udh ada baru bisa kasih 5 bintang",4,2026-04-24 03:29:50,Positif
bagus sih,5,2026-04-24 03:27:55,Positif
wow apk ini sangat bagus dan sangat memuwaskan karana di setiap traksasi lancar dan cepat,5,2026-04-24 03:23:46,Positif
dana cicil.a GK jelas sudah melunasi tapi GK bisa di pake LG buat aph ad dana cicil,5,2026-04-24 03:15:44,Positif
bgus,5,2026-04-24 03:12:53,Positif
bagus,2,2026-04-24 03:12:17,Negatif
Lemot,1,2026-04-24 03:07:09,Negatif
Alhamdulillah slama pake dana semua trangsaksi lancar tanpa kendala pokoknya terbaik,5,2026-04-24 03:04:24,Positif
nice,5,2026-04-24 02:57:08,Positif
dana sangat membatu,5,2026-04-24 02:52:35,Positif
"Tidak Bisa Scan Barcore Di Menu Pembayaran Scan , Gambar Tidak Ada Digaleri padahal Sudah Di Download",1,2026-04-24 02:47:12,Negatif
Dana aplikasi ke masyarakat ya saya 3 kali karrena ke jadian hp hilang kartu hilang sedang kan dana saya masih saya pasword dan vertivikasi wajah di buat jls kenapa tidak bisa di buka di hp lain padahal akun pribadi kenapa di persulit,1,2026-04-24 02:44:10,Negatif
Like you,5,2026-04-24 02:33:53,Positif
kecewa banget sama fitur dana cicil nya gak bisa digunakan padahal sudah dibayar tagihan tolong dibantu supaya bisa pakai dana cicil saya dan tagihan sudah saya kasih bayar,1,2026-04-24 02:33:30,Negatif
ada dana cicil nya egk pernah telat cuma egk jelas egk bisa di pakek,1,2026-04-24 02:31:13,Negatif
keren,5,2026-04-24 02:24:35,Positif
dana bisa kirim uang dan bisa ambil uang,5,2026-04-24 02:21:57,Positif
aplikasi ni sangat membantu untuk penyiapan uang ya sangat membatu,5,2026-04-24 02:17:57,Positif
bagus tapi kurang aman,5,2026-04-24 02:17:35,Positif
kenapa kalau saya top up selalu gagal,4,2026-04-24 02:11:21,Positif
mntapp,5,2026-04-24 02:05:22,Positif
coba² dulu.,5,2026-04-24 02:03:11,Positif
terbaik dan cpet,5,2026-04-24 02:02:50,Positif
mnaft,5,2026-04-24 01:54:26,Positif
bagai mana mengembalikan akun dana yg hilang di karnakan hp dan no hp nya hilang jadi tidak bisa mintak otp mohon bantuan nya?,5,2026-04-24 01:44:40,Positif
"aplikasi ini bagus untuk di gunakan, transfer gratis",5,2026-04-24 01:38:23,Positif
halo min saya mau bertanya.mengenai login ke dana tanpa kode otp krn saya krtunya udh hilang.itu gimana.hrsnya kan cukup pin sama verifikasi wajah aja udh cukup.ini knpa hrs ada kode otp,1,2026-04-24 01:23:44,Negatif
aplikasi sangat membatu,5,2026-04-24 01:16:25,Positif
"saya benar² kecewa dengan aplikasi ini, aplikasinya mudah sekali di hack, saldo sy hilang 2x... sudah membuat laporan selama 3 hari tidak ada follow up, yang ada pertanyaan yang diulang²... giliran sudah dapat follow up, menunggu antrian, diminta kembali dilain hari, giliran menagih antrian untuk tindak lanjutnya apakah saldo bisa kembali, pertanyaannya diulang² terus,,customer service yang benar² tidak dapat membantu, sistem keamanannya benar² diragukan dan sangat mudah di retas..",1,2026-04-24 01:13:55,Negatif
dana memang terbaek di setiap kita mau bayar ke org selalu terbaek,5,2026-04-24 01:12:46,Positif
tau tau duit ku ilang 20 rb aplikasi ajing,1,2026-04-24 01:04:08,Negatif
"apk gk jelas, masa saldo kesedot sendiri tanpa konfirmasi",1,2026-04-24 00:59:40,Negatif
sangat baik . gampang saat tranfer,5,2026-04-24 00:57:35,Positif
"sialan, mungkin cuma akun dana saya doang yang gada fitur dana cicilnya😅",2,2026-04-24 00:57:05,Negatif
"kembalikan dana saya, nomor saya sudah benar saldo saya mana belum di transfer",1,2026-04-24 00:55:12,Negatif
di apk dana sya gda dana cicil,1,2026-04-24 00:54:41,Negatif
"nda jelas dana mau tf ke lain aja ribet betul harus upgrade "" nda jelas sdh di masukan data harus nunggu lagi mending ke apk sebelah aja dari pada dana ini",1,2026-04-24 00:49:00,Negatif
"bagus, tapi mau kirim uang halaman kirim ke teman gak bisa dibuka.",4,2026-04-24 00:47:44,Positif
"dana perampok...uang ga bisa di apa""in..sudah pengaduan data data sudah di krim yang di perlukan malah tetap ga bisa di pake....perampok berkedok aplikasi...tololl",1,2026-04-24 00:45:12,Negatif
Sagat bagus,5,2026-04-24 00:41:35,Positif
bagus sangat,5,2026-04-24 00:39:13,Positif
"barusan terjadi, mau transaksi dengan ojol food yang di mana harus cepat, malah saat mau scan qris terkena masalah jaringan. baik menggunakan wifi, data seluler di kedua hp, bahkan sudah diberi hotspot pun tidak tersambung internet saat membuka dana. anehnya membuka aplikasi lain bisa dan ada akses internet. hal tersebut sangat merugikan driver dan konsumen. dibenahi lagi lah jadi malas saya menggunakan aplikasi ini.",1,2026-04-24 00:36:59,Negatif
sangat membantu,5,2026-04-24 00:28:55,Positif
di dana aplikasiku ga ada dana cicil anehh,2,2026-04-24 00:28:41,Negatif
sangat membantu bagus sekali,5,2026-04-24 00:14:31,Positif
sanagat puas mudah,5,2026-04-24 00:11:06,Positif
"jangan mau pakai aplikasi dana, pemilik akun sendiri tak bisa verifikasi wajah dan gak bisa masuk, jadi saldo di dalamnya gak bisa di tarik !!!!!",1,2026-04-24 00:09:44,Negatif
Makin kesini makin lemot dan susah kirim UANG / Transaksi Qriss,1,2026-04-24 00:08:32,Negatif
"sejauh ini okelah, cuma udah 2 bulan gabisa beli paket data hu",4,2026-04-23 23:59:35,Positif
menyenangkan,5,2026-04-23 23:59:28,Positif
"parah parah masuk dana jaringan gagal terus .. padahal sinyal bagus ,, kacaw sudah 3 hari gak bisa di buka , padahal mau ambil teranferan dari teman.. kalaw begini males pakai aplikasi ini",1,2026-04-23 23:46:35,Negatif
"apa juga saya sdh tarik sebesar 10k ko di pesan sdh masuk tapi ditunainya belum masuk, tolong perbaik kin lagi cape cape saya cari uang baru baru uang tunai nya gak masuk juga.",1,2026-04-23 23:43:03,Negatif
min... info dong akun sya yg d buat sekitaran bulan january/februari.. smpe saat ini kok fitur dana cicil gk bisa2 d gunakan ya.. apa krna masih baru??,5,2026-04-23 23:40:23,Positif
lumayan lah,3,2026-04-23 23:37:54,Netral
belum ada saldo maduk,5,2026-04-23 23:30:02,Positif
sangat membantu,5,2026-04-23 23:28:05,Positif
"overall bagus aplikasinya, semoga ke depannya terus ditingkatkan lagi & semakin baik pelayanannya",5,2026-04-23 23:27:59,Positif
dana ok,5,2026-04-23 23:26:44,Positif
apalah ini masa program Beta sudah penuh 😮‍💨😔,3,2026-04-23 23:22:33,Netral
"temen saya salah TF ke dana yang belum premium, dan saya ingin login ke akun dana tsb tetapi lupa pin nya,.. kartu masih aktif di saya tapi kalau saya klik lupa pin jawab nya selalu tunggu besok,... sudah 5 hari ini tolong dong yang bisa/ yang permah ngalamin kejadian yang sama soalnya saya butuh saldon",2,2026-04-23 23:22:13,Negatif
sangat bagus,5,2026-04-23 23:14:46,Positif
tolong hapus akun yang terhubung di dana merchant,1,2026-04-23 23:13:25,Negatif
g ada fitur dana cicil nya padahal tiap transaksi suka pake dana terus,3,2026-04-23 23:08:02,Netral
dana ribettttttt mau top aja jam pakai dibatasi bikin soal aja asw,1,2026-04-23 23:07:30,Negatif
tolonglah dana kaget gw kenapa loading mulu halamannya ditunggu sejam pun gk keluar2 tampilan nya padahal yg lain normal aj😢,1,2026-04-23 22:54:09,Negatif
mantap,5,2026-04-23 22:51:04,Positif
Dana cicil,5,2026-04-23 22:46:38,Positif
tlong otomatis masuk dana nya masukin pun langsung masuk ya,5,2026-04-23 22:44:07,Positif
mantap,5,2026-04-23 22:42:53,Positif
"DANA ini ngasih limit paylater mya pelit banget ya , sudah 4 bulan limit masih 200rb aja , padahal per bulan transaksi 10jt lebih masih aja ga naik naik , mending coba e-wallet sebelah aja dulu deh",1,2026-04-23 22:40:30,Negatif
"kenapa dana saya jika dibuka slalu ada perubahan data,sudah diklik perubahan data tp lama sekali proses nya,tidak selesai2 jadi males gunakan lagi,mohon dong diperbaiki",3,2026-04-23 22:39:37,Netral
sangat mudah,5,2026-04-23 22:36:50,Positif
mantab,5,2026-04-23 22:35:20,Positif
mantap,5,2026-04-23 22:25:04,Positif
sopir,5,2026-04-23 22:24:43,Positif
ok,5,2026-04-23 22:24:35,Positif
katanya keamanan terjamin saya sudah aktif kan paskey dan dana premium masih aja kecopetan bukan sekali tapi berkali kali saya tidak akan pakek dana lagi,1,2026-04-23 22:18:58,Negatif
sangat cocok untuk ku,5,2026-04-23 22:15:02,Positif
Hallo admin saya igin membuka akun dana saya nyng di tanggukan,5,2026-04-23 22:11:36,Positif
mau transaksi apa jauh lebih mudah .. keren,5,2026-04-23 21:59:24,Positif
bagus tapi kok sya gak ada dana cicil ya,5,2026-04-23 21:58:47,Positif
pokoknya DANA 100 persen mantap,5,2026-04-23 21:46:42,Positif
tolong aktifkan dana cicil,5,2026-04-23 21:44:41,Positif
sangat membantu,5,2026-04-23 21:44:24,Positif
bagus,5,2026-04-23 21:42:21,Positif
ok,5,2026-04-23 21:41:42,Positif
saya berulang kali kehilangan saldo saya tanpa adanya saya lakukan transaksi sama sekali dan tidak tau mau lapor kemana bahkan tidak ada untuk call center pengaduan yang pasti,5,2026-04-23 21:32:30,Positif
baik,4,2026-04-23 21:29:04,Positif
mantul,5,2026-04-23 21:23:51,Positif
sngat bgus,5,2026-04-23 21:12:14,Positif
kenapa akun saya ga ada dana cicil yahh,5,2026-04-23 20:58:18,Positif
aplikasi ga ada otak,1,2026-04-23 20:56:51,Negatif
"tolong lah dana, kenapa fitur dana cicil saya ngak muncul , saya udahh lama memakai dana + sudah premium, udah dari tahun kemarin belum aktif, padahal saya sering transaksi memakai dana, ayoo lahhh kerja samanya",3,2026-04-23 20:48:06,Netral
makin jelek ajah nih aplikasi .. pelayanan lama kirim ajah nunhgu 23 jam .. mending gopay dah pelayanannya cepet .. adminnya juga bukan robot .. aplikasi dana nyusain oramg ajah .. mending tutu nih aplikasi,1,2026-04-23 20:23:39,Negatif
sudah hampir 3 tahun saya menggunakan dana tapi tidak pernah dapat fitur dana cicil,2,2026-04-23 20:18:53,Negatif
jlk susah frekasih wajah..ribet,1,2026-04-23 20:10:39,Negatif
dana cicil gk biasa di gunakan sama ajah,5,2026-04-23 20:00:52,Positif
dana top,5,2026-04-23 20:00:35,Positif
knpa aku belom menerima uang pdahal sudah terkonfirmasi msuk uang yg di kirim ke aku,1,2026-04-23 19:54:23,Negatif
aktifkan dana cicil,5,2026-04-23 19:51:56,Positif
bagus,5,2026-04-23 19:47:08,Positif
dana cicil nya ga muncul,5,2026-04-23 19:45:34,Positif
aplikasi ini juga bagus,5,2026-04-23 19:41:33,Positif
"sangat jelek jaringan terputus terus,dana eror",1,2026-04-23 19:40:09,Negatif
mantap,5,2026-04-23 19:39:28,Positif
bagus,5,2026-04-23 19:38:56,Positif
bgus,5,2026-04-23 19:38:49,Positif
bagus,4,2026-04-23 19:32:45,Positif
sangat baik,5,2026-04-23 19:32:41,Positif
cepat prosesnya,5,2026-04-23 19:30:45,Positif
ok,5,2026-04-23 19:29:42,Positif
gk ada dana cicil,5,2026-04-23 19:29:23,Positif
kerja sawet,5,2026-04-23 19:27:22,Positif
bagus sekali,1,2026-04-23 19:26:21,Negatif
bagus,5,2026-04-23 19:23:06,Positif
aplikasi sangat muda dan cepat untuk transaksi,5,2026-04-23 19:15:27,Positif
dana cici egak ada di saya,5,2026-04-23 19:13:18,Positif
semoga cepat terbuka dana cicilnya,5,2026-04-23 19:12:37,Positif
terbaik,5,2026-04-23 19:07:35,Positif
siiip,5,2026-04-23 19:07:12,Positif
sangat Bagus,5,2026-04-23 19:06:27,Positif
"sayah pengguna lama dana dan istri sayah baru menggunakan dana, kenapa apk dana sayah ga muncul pitur dana cicil, sedangkan punya istri sayah pengguna baru udh ada dana cicil nya padahal aktifitas selalu aktif transfer beli kuota tapi tetap ga ada muncul",1,2026-04-23 19:06:19,Negatif
ok,5,2026-04-23 19:05:49,Positif
sangat memuaskan,5,2026-04-23 19:05:42,Positif
Sangat baik Sangat baik,5,2026-04-23 19:04:29,Positif
Aplikasi gila ga bisa masuk terus ga niat bikin apk,1,2026-04-23 19:02:19,Negatif
baik,4,2026-04-23 18:57:07,Positif
sangat membantu,5,2026-04-23 18:56:55,Positif
sanggar mudah👍👍👍,5,2026-04-23 18:52:32,Positif
jangan pakai dana lagi dah puluhan juta pakai dana tapi dana cicil aja gaak bisa . buat apa mending pakai aplikasi lain,1,2026-04-23 18:45:13,Negatif
sangat mudah,5,2026-04-23 18:42:49,Positif
sejauh ini si alhamdulillah aman,5,2026-04-23 18:34:50,Positif
"Utamakan kinerja pak, perketat sistem dan pengaturan, bukan banyakin notif, engga kapok banyak orang yang udah ilang duit jutan di dana",1,2026-04-23 18:34:17,Negatif
bagus sekali saya puas,5,2026-04-23 18:33:16,Positif
"bisa kah akses dana tanpa internet? misal kayak kartu Axis bisa koneksi walaupun tidak ada Kouta. aku harap semua kartu operator lain bisa dapat akses aplikasi dana tanpa internet, biar aku bisa beli kouta/pulsa nanti kayak si Axis tu. soalnya kartu ku Smartfren jadi tidak bisa kayak si Axis tu..",4,2026-04-23 18:32:34,Positif
kenapa ya dana cicil saya tidak tersedia,5,2026-04-23 18:31:53,Positif
"Saldo saya telah di tarik akun tiktok coin padahal saya tidak menyetujui transaksi,saya anggap ini ada lah pencurian di apk dana ini dan pihak dana tidak membantu dengan cepat",1,2026-04-23 18:30:29,Negatif
makin parah nih apk,2,2026-04-23 18:30:16,Negatif
aktifkan dana cicil,5,2026-04-23 18:29:42,Positif
bagus,5,2026-04-23 18:29:02,Positif
tidak bisa menggunakan Dana cicil,5,2026-04-23 18:27:39,Positif
"what what an ajggg yang lain ada dana cicil yg gua gaada padahal uda premium,gada tagihan apa apa,intens pake dana tpi ga muncul gilira tmn gua yg ga intens pake dana muncul dana cicil",1,2026-04-23 18:27:27,Negatif
kenapa dana cicil saya ga bisa di gunain ya gagal terus min kenapa ya,5,2026-04-23 18:23:08,Positif
"keren banget DANA😍, mempermudah proses kirim uang, gk Ribet lagi, smoga tetap terpercaya sampai kapanpun👍",5,2026-04-23 18:20:54,Positif
dana sngat baik,5,2026-04-23 18:15:11,Positif
fiturnya terbaik,5,2026-04-23 18:09:23,Positif
"Aktifitas riwayat transfer dan terima cuman 1 tahun dan mutasi dana tidak lengkap tida ada nama penerima dana dan pengirim nya,sangat sulit saat dibutuhkan mohon perbaikan atau upgrade ke yg lebih baik",1,2026-04-23 18:06:54,Negatif
oke,5,2026-04-23 18:04:39,Positif
ini kenapa ya akun dana ku gak pernah ada saldonya 😢,5,2026-04-23 18:02:23,Positif
"Gmn cara mengatasi akun yg sedang LIMIT. Sy tidak bisa top up saldo dana lewat cara apapun, sdh chat tidak ada jawaban yg mendukung atau mengatasi permasalahan saya.",1,2026-04-23 18:00:11,Negatif
oke,5,2026-04-23 18:00:10,Positif
semoga dana cicil saya bisa diaktifkan kembali ya,5,2026-04-23 17:56:00,Positif
ganteng kali,5,2026-04-23 17:55:39,Positif
lebih simple,5,2026-04-23 17:53:13,Positif
mantap aflikasi tanpa ribet,5,2026-04-23 17:50:20,Positif
"aplikasinya udah mulai burik, dikit dikit ngebak",1,2026-04-23 17:49:30,Negatif
apk nya gak jelas saya isi dana tapi di konter Uda masuk tapi di akun dana aku belom masuk top up 200k itu gak masuk nyampek sekarang gak jelas apk itu redup aja lu,1,2026-04-23 17:49:02,Negatif
cara aktipin dana cicil gimana,5,2026-04-23 17:45:21,Positif
ok,5,2026-04-23 17:44:42,Positif
Mengirim uang tapi uang nya tidak masuk ke rekening bank,5,2026-04-23 17:41:24,Positif
sangat puas,5,2026-04-23 17:41:23,Positif
mantap,5,2026-04-23 17:40:10,Positif
baik,5,2026-04-23 17:39:21,Positif
"udah lama tapi dana cicil gak muncul""",1,2026-04-23 17:37:48,Negatif
pkai aplikasi Dana prosesnya cpat,5,2026-04-23 17:37:29,Positif
ok,5,2026-04-23 17:34:37,Positif
aktif kan dana cicil ya,5,2026-04-23 17:31:04,Positif
keren,5,2026-04-23 17:28:29,Positif
Saya mengalami pembelian tidak sah di smartpay sebesar Rp 150.000 tolong bantuannya,1,2026-04-23 17:27:32,Negatif
dana cicil gak ada e,5,2026-04-23 17:23:05,Positif
kenpa iya dana ccil sya ga bisa d pakai,4,2026-04-23 17:22:15,Positif
apk ajg saldo gua tiba² cok dari 80 ribu jadi 1.2k gimana sih,1,2026-04-23 17:19:58,Negatif
sangat professional cara kerja dana.semoga sukses,5,2026-04-23 17:18:28,Positif
aku heran dana cicil ada limitnya tapi kenapa tidak bisa di pakai,1,2026-04-23 17:12:47,Negatif
Tidak ada dana cicil,2,2026-04-23 17:10:39,Negatif
"kalo bisa buat keritik ke akun yg sering nipu, kalo udh user minta bantuan dan bukti nya udh jelas langsung keritik yg nipunya, atau kasih peringatan/saran, jangan cuma bisa bantu buat teks laporan aja! keamanan dana cuma segini?",2,2026-04-23 17:09:35,Negatif
"Dear Dana Indonesia, dimohon di aktifkan Kembali Payleter dana nya supaya bisa di gunakan dalam ke adan Urgent atau Cast Plow YUDISTIAN BAHARI SALAM TKS.✍🏻",5,2026-04-23 17:07:54,Positif
good,5,2026-04-23 17:05:22,Positif
oke,5,2026-04-23 17:04:01,Positif
"kenapa ya akun dana saya tidak ada dana cicilnya, padahal udah premium, padahal butuh banget",1,2026-04-23 16:59:01,Negatif
saldo saya di sedot pt espay tolong kembali kana,1,2026-04-23 16:58:46,Negatif
"aplikasi nya bagus,hanya saja proses dana cicil nya lambat",5,2026-04-23 16:58:13,Positif
👍👍👍,5,2026-04-23 16:54:20,Positif
setiap orang mau kirim uang ke dana sya selalu gagal,1,2026-04-23 16:54:18,Negatif
aplikasinya ok,5,2026-04-23 16:53:56,Positif
sangat baik,5,2026-04-23 16:53:03,Positif
bagus,5,2026-04-23 16:51:51,Positif
enak banget!!!!!,5,2026-04-23 16:47:25,Positif
mantap🫰🫰🫰🫰🫰🫰,5,2026-04-23 16:45:16,Positif
"mohon di perbaharui lagi,, dana goals saya tidak bisa di buka,, saldo saya tersimpan di dana goals",5,2026-04-23 16:43:43,Positif
mantap,5,2026-04-23 16:38:06,Positif
sangat bagus dan membantu cuma kenapa di aplikasi dana saya tidak ada dana instan yaa,5,2026-04-23 16:33:52,Positif
kenapa dana cicil saya hilang,1,2026-04-23 16:27:38,Negatif
bagus,5,2026-04-23 16:23:32,Positif
"Kenapa akun dana saya gak bisa masuk lagi,",5,2026-04-23 16:20:53,Positif
mengapa saya tidak bisa lagi tarik dana instan saya padahal saya bayar nya lancar² terus,4,2026-04-23 16:20:23,Positif
cuman aplikasi dana yang terbaik dari apk pambayaran yg lain. bisa tidak ya sama mendapatkan dana saya lagi karena saya tidak bisa login karena nomor yg terdaftar sudah hilang😭😭😭,5,2026-04-23 16:20:22,Positif
kamu saya tidak bisa login,1,2026-04-23 16:14:32,Negatif
"kok dana cicilan nya gak ada,aneh deh dana ini",1,2026-04-23 16:10:50,Negatif
bagus,5,2026-04-23 16:09:40,Positif
"Hallo min, bagaimana caranya, saya mau ganti nama dana bisnis, tapi tampilan pengaturannya tidak ada",5,2026-04-23 16:06:59,Positif
sangat membantu,4,2026-04-23 16:03:27,Positif
sangat baguus,5,2026-04-23 16:03:10,Positif
bagus,5,2026-04-23 16:00:17,Positif
cara dana cicil,5,2026-04-23 15:59:01,Positif
memuaskan,5,2026-04-23 15:50:21,Positif
aflikasinya bagus tapi dana cicil saya blem bisa di pake,4,2026-04-23 15:40:37,Positif
good,5,2026-04-23 15:39:10,Positif
"akhir2 ini pas TF ke bank selalu telat,mulai skrng transaksi gede jgn pake dana delay terus, prosesnya juga lama",1,2026-04-23 15:34:50,Negatif
"saldo dana terpotong otomatis oleh sistem, tidak ada konfirmasi pembelian, saat cek saldo berkurang. dari riwayat transaksi saya tidak pernah melakukan pembelian produk / langganan situs tersebut. sudah mencoba redund tapi nihil",1,2026-04-23 15:33:40,Negatif
okeee,5,2026-04-23 15:32:09,Positif
dana cicil nya ga muncul muncul,4,2026-04-23 15:29:17,Positif
"cara adain dana cicil gmna woy , gua udah update ke yg terbaru padahal",4,2026-04-23 15:25:46,Positif
kenapa dana cicil aku tidak muncul,1,2026-04-23 15:25:30,Negatif
aplikasi sangat membantu,5,2026-04-23 15:22:56,Positif
pemakaian bertahun2 fitur dana cicil tidak muncul dan tidak bisa hapus akun,1,2026-04-23 15:20:51,Negatif
sangat membantu,4,2026-04-23 15:18:37,Positif
sengaja saya kasi bintang 5 biar di baca. aneh dana cicil saya sudah lunas pas mau make lagi dana cicil tidak tersedia. terus terus potongan tiap toup ap ada potongan 1500.perak mana customer care nya ga ada,5,2026-04-23 15:16:27,Positif
membantu,5,2026-04-23 15:14:50,Positif
mantap,5,2026-04-23 15:12:36,Positif
"udah bagus, cuman ketika mau top up game itu kok sering error error, padahal udah di tunggu beberapa hari masih tetep gitu, udah mencoba buat premium tapi error juga, gimana ini",4,2026-04-23 15:11:23,Positif
mantap dan puas banget dan sangat membantu,5,2026-04-23 15:10:58,Positif
ko punya saya gak dapet aplikasi dana cicil yaa????,3,2026-04-23 15:10:23,Netral
wow,5,2026-04-23 15:06:08,Positif
"login jaringan bermasalah mulu, udah di apus trus download lagi sama aja begitu terus",1,2026-04-23 15:05:58,Negatif
ngak bisa didownload padahal penyimpanan bayak paket bayak tapi gak bisa di download mana harus serba premium,1,2026-04-23 15:05:33,Negatif
ok,5,2026-04-23 15:05:28,Positif
apik akasi ya okeh tapi jangan yusahi,5,2026-04-23 15:02:14,Positif
Bagus,4,2026-04-23 15:01:21,Positif
ok,4,2026-04-23 15:00:06,Positif
bagus,4,2026-04-23 14:57:43,Positif
dana otp tidak mau masuk padahal nomer masih aktif,2,2026-04-23 14:56:17,Negatif
tidak muncul dana instan sama dana cicil,5,2026-04-23 14:55:30,Positif
good job,5,2026-04-23 14:52:06,Positif
cicilan udah lunas tapi kenapa dana cicil ga bisa di pake,5,2026-04-23 14:44:19,Positif
aktivitas histori pengiriman lambat sekali muncul updatenya..,1,2026-04-23 14:41:25,Negatif
ok,5,2026-04-23 14:38:00,Positif
sangat bagus,5,2026-04-23 14:37:57,Positif
"dana bisnisnya suka eror, QR gua kaga bisa di TF woii",3,2026-04-23 14:33:51,Netral
"apknya sih bagus tapi, ketika saya mau menandai aktivitas tiba tiba saja ngelag padahal tadi masih lancar",1,2026-04-23 14:31:22,Negatif
membantu,5,2026-04-23 14:30:30,Positif
akun gopay saya kembali lagi ke leguler padahal sudah plus,5,2026-04-23 14:28:47,Positif
dana saya gak di kasih pin,3,2026-04-23 14:27:23,Netral
sangat mudah digunakan untuk pembayaran,5,2026-04-23 14:27:05,Positif
transaksi cepat,5,2026-04-23 14:24:44,Positif
tolong kenapa saya tidak ada dana cicil nya,1,2026-04-23 14:24:38,Negatif
oke bagus,5,2026-04-23 14:15:55,Positif
keeeren apk dana....tpi danacicil aku blm naik2 limit nye..tolong donk bosku,5,2026-04-23 14:15:06,Positif
"saya kasih bintang 5 semoga dikasih fitur Dana instan,,aga kecewa saya pengguna lama dana tapi gaada dana cicil,dana instan dan saya sering transaksi pake dana sering bisa dijelaskan knpa saya ga dpat dana instan dan dana cicil.",5,2026-04-23 14:14:57,Positif
kasih fitur dana cicil,4,2026-04-23 14:12:16,Positif
Bagus,5,2026-04-23 14:11:02,Positif
Mudah prnggunaannya,5,2026-04-23 14:11:00,Positif
"GA BANGET APLIKASI NYA! ga dibuka beberapa hari langsung nomor tidak dikenal,mohon bantuannya APLIKASI DANA,uang saya juga masih didalam APLIKASI hilang padahal ada 66k itu lumayan buat kebutuhan langsung hilang jujur nyesel banget dan pas login lagi suruh nunggu 90 hari mau chat via Diana juga harus nunggu 90 hari,TOLONG UNTUK APLIKASI DANA DIPERBAIKI SEBAIK MUNGKIN KASIAN YANG UANGNYA LANGSUNG HANGUS GITU AJA",1,2026-04-23 14:10:48,Negatif
dana cicil saya tidak berlaku terus,2,2026-04-23 14:10:21,Negatif
bagus² si tapi kok dana cicil GK ad sama ak,5,2026-04-23 14:08:52,Positif
sangat buruk pelayan nan nya,1,2026-04-23 14:08:32,Negatif
"oke, dech!",4,2026-04-23 14:07:35,Positif
upgrade ke dana kl yuk gini Mulu sampe sakit jiwa,1,2026-04-23 14:05:25,Negatif
bagus sekali,5,2026-04-23 13:59:32,Positif
"bagus, akurat bgt",5,2026-04-23 13:53:10,Positif
sangat berguna,5,2026-04-23 13:48:43,Positif
dana itu bagus,5,2026-04-23 13:47:08,Positif
mempermudah dana digital,5,2026-04-23 13:42:11,Positif
bagus sekali tpi dana cicil nya tidak muncul,5,2026-04-23 13:40:13,Positif
"aktivitas dana saya tidak bisa di buka mohon bantuan,a",1,2026-04-23 13:38:41,Negatif
mantap pokonya,5,2026-04-23 13:35:21,Positif
setiap hari saldo di potong mulu,1,2026-04-23 13:34:07,Negatif
dana cicil ada tapi GK bisa di gunakan buat apa,5,2026-04-23 13:33:09,Positif
masukan saya program Beta,5,2026-04-23 13:32:27,Positif
bagus,5,2026-04-23 13:31:14,Positif
dana saya tidak bisa di instal,4,2026-04-23 13:28:31,Positif
pokoknya pakai dana aman2 aj dan lancar trims,5,2026-04-23 13:23:19,Positif
ok,5,2026-04-23 13:23:11,Positif
"Udah premium tapi gabisa bikin akun dana bisnis, alasannya harus premium padahal udah hdeuh,",2,2026-04-23 13:20:18,Negatif
sekali transfer ga bisa padahal udah pake dana premium,1,2026-04-23 13:19:59,Negatif
saya tidak bisa upload foto KTP tolong di bantu,3,2026-04-23 13:17:46,Netral
aplikasinya ok,5,2026-04-23 13:17:46,Positif
sayang nya gaada dana instan,5,2026-04-23 13:17:02,Positif
ok bangett,4,2026-04-23 13:14:40,Positif
iyah tapi sudah lewat 60 hari baru bisa digunakan kembali.... tapi kenapa selalu ngak bisa digunakan.... sekalipun pelunasannya jatuh tempo tapi kan saya punya etikad baik untuk melunasinya,5,2026-04-23 13:14:37,Positif
Knpa di apliksi dana saya tidak muncul payleter saya pake dana sudah lama dan selalu di pake transaksi tolong dong min,5,2026-04-23 13:11:13,Positif
bagus,5,2026-04-23 13:08:15,Positif
bagus,5,2026-04-23 13:07:39,Positif
knp pas gw baru download terus pas daftar selalu mental,1,2026-04-23 13:07:18,Negatif
dana saya hilang waktu 2025 bulan mei tanggal 10 apakah bisa di bantu kembalikan hilang 500 ribu,1,2026-04-23 13:01:34,Negatif
"so far so good lah, semoga bisa konsisten",4,2026-04-23 12:55:37,Positif
semoga aman2 saja,5,2026-04-23 12:54:48,Positif
"APLIKASI TOLOL 2JT GW KAGAK BISA DITARIK, MAU MASUK APKNYA FORCE CLOSE MULU,SUMPAH DAH KATA GW MAH JAN AMPE KENAL AMA NI APK",1,2026-04-23 12:53:16,Negatif
ga bisa apgret ke dana premium,4,2026-04-23 12:52:18,Positif
oke,5,2026-04-23 12:50:53,Positif
bahaya pakai dana hati hati penipuan terhadap pinjaman yang tidak kita ketahui tolong ambil semua uang kalian di dana jangan tingalkan uang sepeser pun itu. .,1,2026-04-23 12:50:33,Negatif
bagus,5,2026-04-23 12:49:06,Positif
mantap,5,2026-04-23 12:48:35,Positif
"apa ini?? kenapa belakangan ini gak bisa masuk aplikasi?? pdhl udh di perbarui, tolonglah pihak aplikasi responnya.",1,2026-04-23 12:48:26,Negatif
dana cicil saya belum muncul muncul,5,2026-04-23 12:48:22,Positif
paylater tidak bisa di gunakan sanngat mengecewakann,1,2026-04-23 12:44:29,Negatif
mantap min sangat membantu aplikasinya,5,2026-04-23 12:43:11,Positif
saya ingin mengaktifkan akses DANA CICIL,5,2026-04-23 12:43:08,Positif
sangat membantu,5,2026-04-23 12:35:03,Positif
karna harus pakai KTP,4,2026-04-23 12:32:04,Positif
gak ngerti lagi sama dana. saya beli paket kouta padahal keterangan nya gagal tapi uang gabisa balik aneh. tidak rekomen skrg mh!!,1,2026-04-23 12:30:35,Negatif
Memudahkan transaksi,5,2026-04-23 12:30:09,Positif
memuaskan pakek dana,5,2026-04-23 12:28:19,Positif
good job,5,2026-04-23 12:27:20,Positif
bagus,5,2026-04-23 12:24:09,Positif
uang nya bisa hilang sendiri,1,2026-04-23 12:24:03,Negatif
"aplikasi gampang d bobol orang, tanpa pemberitahuan via sms atau email, bisa merubah pin dan masuk langsung k akun dana,, tidak ad keamanan,,",1,2026-04-23 12:22:13,Negatif
knp dana blm fremiumpun minta kode pripikasi akrg,2,2026-04-23 12:17:29,Negatif
bagus,5,2026-04-23 12:17:21,Positif
sangat mudah sekali nyaman,5,2026-04-23 12:16:45,Positif
mantap,4,2026-04-23 12:13:01,Positif
terima kasih dana,5,2026-04-23 12:11:43,Positif
saya blom dpt pitur dana cicil atau dana insnt,2,2026-04-23 12:11:30,Negatif
mantapppp,5,2026-04-23 12:09:51,Positif
"mohon maaf dari pihak dana saya sudah membuat dana bisnis tapi kode qr untuk diunduh tidak bisa diunduh cape cape nunggu 1 bulan lebih udah jadi malah gabisa di unduh nambah nambahin kerjaan aneh aneh, mau diunduh tiba tiba di gulir ke pengaturan lagi padahal perizinan udah saya izinkan semua apk bikin susah",1,2026-04-23 12:09:00,Negatif
sangat bagus,5,2026-04-23 12:06:33,Positif
bagus,5,2026-04-23 12:05:26,Positif
2x beli kuota dalam sehari tapi g masuk masuk ga lg² pakek ini apk,1,2026-04-23 12:01:28,Negatif
oke,4,2026-04-23 12:00:44,Positif
semoga bagus,5,2026-04-23 11:59:07,Positif
gw top up robox tak masuk,1,2026-04-23 11:57:38,Negatif
pokoknya praktis bangett kalo mau tf,5,2026-04-23 11:56:25,Positif
sangat menguntungkan dan sangat aman saldo,5,2026-04-23 11:54:50,Positif
sangat membantu sekali👍👍,5,2026-04-23 11:53:36,Positif
"aplikasi nya bagus tapi abis di update malah sering crash, lalu tiba tiba keluar sendiri",3,2026-04-23 11:52:37,Netral
luar biasa,5,2026-04-23 11:52:35,Positif
"urusin tuh bloomoffer Jing tiba tiba lakukan transaksi tanpa sebab, jangan jangan itu bisnis lu juga",1,2026-04-23 11:52:21,Negatif
masih menunggu dana instants jadi 4 bintang aj dlu,4,2026-04-23 11:50:46,Positif
upgrade premium susah amat developer gmn??,1,2026-04-23 11:49:51,Negatif
"sebenarnya bagus bagus aja,tapi akhir akhir ini,akun saya terus membayar imetools,padahal saya sama sekali tidak pernah berlangganan di imetools,bahkan saya tidak tau apa itu imetools,sudah di jelasin ke pihak dana,tapi tidak ad bantuan sama sekali",2,2026-04-23 11:48:39,Negatif
bagusss,5,2026-04-23 11:47:18,Positif
aktifkan dana cicil saya kk,4,2026-04-23 11:44:18,Positif
semoga tambah,5,2026-04-23 11:43:40,Positif
berikan saya fitur dana cicil,5,2026-04-23 11:42:24,Positif
puas dengan aplikasi ini,5,2026-04-23 11:42:13,Positif
ok,5,2026-04-23 11:41:45,Positif
"DANA MAKIN HARI MAKAN JADI JADI MAU MINTA PENGEMBALIAN TAPI TIDAK DI RESPON, Ada beli paket data di Dana sampai 2x tidak masuk, TAPI saldo terkurang",1,2026-04-23 11:41:32,Negatif
Layanan sangat menyenenangkan,5,2026-04-23 11:33:08,Positif
bug mulu kenapa ya danaku qrishnya ga bsa ditarik harus unistal dlu,4,2026-04-23 11:30:39,Positif
dana saldo saya hilang,1,2026-04-23 11:30:18,Negatif
Semoga bermanfaat,4,2026-04-23 11:28:42,Positif
bagus 👍 ..,5,2026-04-23 11:25:17,Positif
"bodoh nih aplikasi, transaksi berhasil tapi ga masuk gajelas.",1,2026-04-23 11:24:06,Negatif
"aplikasi nya Bagus Tapi Sayang Nya Pas Masukin Akun Lagi Tiba "" make Kode",5,2026-04-23 11:20:09,Positif
"dana plus ku gs bisa di tarik, udh verifikasi wajah berkali kali udh berhasil tapi gagal",2,2026-04-23 11:17:25,Negatif
aplikasi sangat memuaskan,5,2026-04-23 11:15:07,Positif
"kok loading nya lama banget mau transaksi susah, saya transaksi di sebelah aman aman aja lancar kok di dana susah ya",1,2026-04-23 11:15:06,Negatif
kapan fitur dana paylater di rilis,5,2026-04-23 11:14:50,Positif
sangat membantu,5,2026-04-23 11:13:54,Positif
maaf ini saya beli pulsa ko ga masuk masuk yah dari tadi udah satu jam,1,2026-04-23 11:13:50,Negatif
tidak bisa dibuka,1,2026-04-23 11:08:15,Negatif
DANA bagus narik cepat eng ribet yg penting kita Uda isi data kita lengkap jd gampang urusan SMG DANA pelayanan mangki baik y 🥰,5,2026-04-23 11:05:54,Positif
siip,5,2026-04-23 11:05:43,Positif
Bagus sekali,5,2026-04-23 11:05:33,Positif
"pelayanan dari customer service nya sangat tidak ramah dan tidak membantu bahkan tidak menjelasakan apa lagi membantu memberi solusi apapun kontl, chat di cs dana nya lngsung respon nya cuma suruh ke customer care, ke customer care juga ga jelas, suruh langsung hubungi lewat aplikasi. gajelas cuma dubuat pusing sendiri, ga guna punya customer service ga membantu sama sekali kontl",1,2026-04-23 11:03:40,Negatif
dana dompet digital sangat lah bermanfaat untuk di gunakan di mana pun kita berada.. memberi kemudahan. untuk kita semua Terima kasih,5,2026-04-23 11:03:27,Positif
bagus dan fleksibel,5,2026-04-23 11:00:25,Positif
"masalah dana cicil di Apk Dana saya...kenapa dana cicil setelah saldo kita gunakan dan kita sudah melunasinya,TPI stlh lunasi saldo di dana cicil TDK bisa di gunakan lagi dan kenapa saldo di dana cicil tidak pernah bertambah...mohon pencerahan.....",4,2026-04-23 10:58:02,Positif
"tiba tiba saldo saya ada yg narik 750 ribu , gimana sih gk aman bangt aplikasi ini , klo udh sperti ini , harus lapor kemana coba ?",1,2026-04-23 10:57:10,Negatif
bagus,5,2026-04-23 10:56:17,Positif
"cicilan dana instan sudah lunas tidak pernah telat mau penarikan selalu gagal dengan keterangan sedang ada dalam kendala proses ini, di coba berkala tetap tidak bisa , chat admin tidak ada hasil nya, percuma ada fitur dana instan jika tidak busa di gunakan kecewa besar jika nasabah yang baik tidak di prioritas kan....",1,2026-04-23 10:54:25,Negatif
gimana saya bisa transfer kalau sistemnya justru mempersulit? kenapa harus ada upgrade ke premium?,1,2026-04-23 10:49:57,Negatif
lemot banyak erornya,1,2026-04-23 10:46:17,Negatif
"ceritanya beli kuota di apk bima lewat qris, pembayaran lewat dana berhasil,tetapi di apk bima gagal,saldo sudah kesedot,masa pengembalian harus nunggu 18 hari, cuma proses pengembalian dana aja harus nunggu lama,bukti sudah ada di screenshot,kenapa harus nunggu lama,bayar cepat tinggal klik g ada 1menit langsung berhasil,ternyata kuota kagak masuk, pas kita komplain sesuai bukti ss lama bngt proses pengembalian nya,harus nunggu 18 hari,semua org juga butuh sehari² ga harus nunggu berhari²",3,2026-04-23 10:46:03,Netral
"aku buat dana bisnis dari seminggu yg lalu, tapi ga tau kenapa malah muncul tulisan ""toko tidak di temukan"" di bagian bisnis. aku udah coba refresh, restart hp, bahkan sampai download ulang apk dana nya tapi tetep aja gituu. tolong dongg ini kenapaa",1,2026-04-23 10:41:49,Negatif
"saya ko ga ada fitur dana cicil nya ya, pdhl sudah premium, dan slalu d pake transaksi setiap hari",1,2026-04-23 10:36:08,Negatif
"tolong di perbaiki pihak dana, KELUHAN : beli paket data pembayaran berhasil tapi tidak masuk paket datanya. SMS transaksi masuk tapi kuota data tidak masuk",1,2026-04-23 10:35:12,Negatif
sip pokoke,5,2026-04-23 10:35:07,Positif
beli kuota ga masuk tapi duit kepotong😢,1,2026-04-23 10:34:50,Negatif
mantaplah pokoknya,5,2026-04-23 10:34:23,Positif
"Aplikasi Dana makin kesini malah semakin banyak potongan, masa saya tiap transferan masuk ke dana malah kena potongan 1k atau 500Rp!!! potongan nya gede banget! barusan ada TF masuk 50k malah kena potongan 1.500 Rp. bikin males pake Dana aja😠 SARAN UNTUK YANG MAU DOWNLOAD DANA, MENDING KALIAN GAK USAH DOWNLOAD APLIKASI INI... KARENA NANTI KALIAN MALAH NYESEL, SOALNYA APLIKASI DANA SUKA POTONG SALDO ORANG!!!",1,2026-04-23 10:33:25,Negatif
mantappp,5,2026-04-23 10:32:50,Positif
"sering terjadi uang transfer tidak masuk, sehingga kembali lagi ke pemilik. kan kalo balik lagi ke pemilik (misal lagi jual beli), bisa jadi si pembeli tidak mau memberikan uangnya lagi",2,2026-04-23 10:31:22,Negatif
mulai eror ya... hbs top up mlh eror ....,1,2026-04-23 10:30:53,Negatif
aplikasi ini sangat lah keren,4,2026-04-23 10:30:13,Positif
"mau aktivasi dana cicil ajah ga bisa2,nunggu dan nunggu,setelah itu gagal,dgn alasan lunasi kewajiban kredit anda,kredit yang mana sy ga pernah hutang ke bank ataupun pinjol legal/ilegal ,trimakasih",5,2026-04-23 10:28:04,Positif
mantap,5,2026-04-23 10:26:06,Positif
dana Akun Bisnis Prosesnya lama Beth dah. sudah Satu Minggu kenapa Masih Proses?,3,2026-04-23 10:25:16,Netral
cepat,5,2026-04-23 10:23:43,Positif
gak bagus harus premium,1,2026-04-23 10:21:26,Negatif
cukup berguna dan bagus,5,2026-04-23 10:16:56,Positif
"aplikasinya bagus, cuma saran aja klo bisa di DANA BISNIS sediakan fitur notifikasi suara pembayaran Qris bersuara nominal uangnya biar kalau ada transaksi tidak ngecekin layar hp terus,sementara bintang 3 dulu nanti kalau ada perbaikan bintang 5",3,2026-04-23 10:16:03,Netral
"kenapa belum ada dana cicil nya , mohon dibantu",5,2026-04-23 10:14:18,Positif
sangat membantu,5,2026-04-23 10:11:43,Positif
bagus,5,2026-04-23 10:10:07,Positif
terimakasih,5,2026-04-23 10:10:05,Positif
saldo dana terakhir 30000 saya topup 50000 harusnya jd 80000 ini malah yg 30000 hilang kemana g jelas .....,1,2026-04-23 10:05:05,Negatif
parah.. saya sudah upgrade ke premium tapi blum jadi jadi... kalau aplikasi sebelah langsung jadi..,1,2026-04-23 10:04:50,Negatif
aman,5,2026-04-23 10:02:11,Positif
bisa aman uang nya,5,2026-04-23 09:57:54,Positif
dana koplok semua maslah tidak selesai.. sistem tolol rusak,1,2026-04-23 09:56:49,Negatif
sangat membantu sekali,5,2026-04-23 09:53:09,Positif
"Kenapa aku gak bisa masuk ke akun Danaku,.",1,2026-04-23 09:52:46,Negatif
sangat mudah dan cepat transaksi nya👍,5,2026-04-23 09:48:49,Positif
dana cicil saya ga bisa,5,2026-04-23 09:48:37,Positif
"APLIKASI YANG SANGAT MENGECEWAKAN... SAYA MEMBELI KOUTA DAN KOUTANYA MALAH TIDAK MASUK , SAYA LAPOR KE CS DANA BELUM ADA TANGGAPAN HARUS TUNGGU 2 HARI ... KEMUDIAN SAYA MENCOBA MEMBELI KOUTA LAGI DI DANA KARENA SAYA MEMANG SANGAT MEMBUTUHKAN KOUTA KARENA KEADAAN URGENT, EHH TERNYATA MALAH GAGAL LAGI ... SANGAT MENGECEWAKAN KEADAAN URGENT + BELI KOUTA DI DANA + KOUTA TIDAK MASUK + LAPOR CS MALAH DI SURUH TUNGGU 2 HARI APLIKASI MACAM APA INI ? BURUK SEKALI DALAM PELAYANAN KE KONSUMEN",1,2026-04-23 09:47:02,Negatif
"beli kuota 3 , gak masuk masuk , aplikasi dana sangat buruk , uang sudah terpotong paket data belum masuk saja",1,2026-04-23 09:46:14,Negatif
"saya itu membeli paket internet lewat aplikasi dana tapi paket internet saya tidak masuk, dana saya terpotong, kenapa pihak dana tidak ada kejelasan dalam masalah terpotong ini",1,2026-04-23 09:44:57,Negatif
kenapa tiba-tiba eror dan punya saya tiba-tiba hilang yg tadinya sudah premium sekarang malah belum premium dan kenapa coba apa penyebabnya bikin kecewa,1,2026-04-23 09:43:19,Negatif
ok,5,2026-04-23 09:40:52,Positif
Kenapa fitur dana cicil tdk bisa langsung dibuka dan hrs bertahap?,5,2026-04-23 09:40:07,Positif
"ini kenapa susah banget login??? beberapa kali login ga bisa"" ada kendala spa sih???",3,2026-04-23 09:39:01,Netral
"gbisa dowloand dana gmn siee,anehhh btul... perlu pdhl buat TF TF org virtual",1,2026-04-23 09:34:48,Negatif
memang hebat aplikasi dana,5,2026-04-23 09:34:37,Positif
mantap,5,2026-04-23 09:33:39,Positif
udah lama pake apk dana blom di kasih aja dana cicil tolong dong min,2,2026-04-23 09:24:21,Negatif
untuk Limit Dana Cicil Saya Knapah tidak bisa di gunakan yah. padahal Tersedia Limit nya . tapi pas mau di gunakan . Keterangan Nya SEDANG TIDAK TERSEDIA .,5,2026-04-23 09:22:16,Positif
bagus,5,2026-04-23 09:21:05,Positif
Nj1s pake apk ini apa² gangguan cuih ribet,1,2026-04-23 09:20:06,Negatif
ok,5,2026-04-23 09:19:15,Positif
"msih bagusan gopay ketimbang dana,dana kikir mahal lgi",1,2026-04-23 09:18:35,Negatif
aktivitas dana cicilan nya gagal trus data sudah bener,1,2026-04-23 09:15:56,Negatif
dengan dana semua lebih mudah,4,2026-04-23 09:14:21,Positif
Fitur dana cicil tidak muncul saya pengguna lama padahal,3,2026-04-23 09:11:31,Netral
bagus,5,2026-04-23 09:09:00,Positif
saya perlu banget dengan aplikasi dana ini,5,2026-04-23 08:56:48,Positif
jujur..aku baru daftar tapi malah GK bisa trus kakkk udah lupa pin TPI wajahnya tetep GK bisa,3,2026-04-23 08:55:03,Netral
"saya kasih bintang 5 agar pihak admin bisa lgsg baca, dan menangani masalah perangkat dana saya, perangkat diana tdk bisa memberi jln keluar",5,2026-04-23 08:53:17,Positif
aplikasi Dana sangat bagus dan membantu saya selama ini.. terbaik lah,5,2026-04-23 08:53:03,Positif
"percuma ada fitur dana cicil tapi tidak bisa di gunakan 👎 , punya saya sudah ada dana cicil tapi pas pembayaran, ""YAH TERJADI KESALAHAN KETIKA MEMBAYAR PAKAI DANA CICIL UNTUK MELANJUTKAN SILAHKAN PILIH METODE PEMBAYARAN LAIN"". giamana coba kalau begitu saya sudah hubungi lewat email lewat DIANA di aplikasi dana langsung tetapi tetep saja tidak di perbaiki saya sudah mohon mohon butuh bantuan ini malah respon nya gak paham.",1,2026-04-23 08:51:43,Negatif
verif premium lelet jmbt,1,2026-04-23 08:51:30,Negatif
saya sudah lama mengunakan Dana tapi tidak pernah bisa pinjam tolong akhtifin Dana cicil,1,2026-04-23 08:51:18,Negatif
bug,1,2026-04-23 08:50:58,Negatif
mantap,5,2026-04-23 08:49:10,Positif
baik,5,2026-04-23 08:46:20,Positif
aplikasi stn ini mah duit gua ilang TPI pihak dana ga mau tanggung jawab ga usah di pake aplikasi ini duit ilang trus,1,2026-04-23 08:36:10,Negatif
gimana sih dapatin dana cicil,5,2026-04-23 08:36:03,Positif
admin MAHAL!!!,3,2026-04-23 08:35:55,Netral
mencoba dulu kalau kesedot uang nyatanya hapooooos😁😁,5,2026-04-23 08:33:38,Positif
bagus,5,2026-04-23 08:33:15,Positif
good,5,2026-04-23 08:31:18,Positif
"beli data di bima+ pake dana, transaksi di bima+ gagal tapi saldo dana ttep kepotong nyebelin.",1,2026-04-23 08:28:49,Negatif
bagus,5,2026-04-23 08:28:20,Positif
"kecewa ke dana, gua beli kuota ga masuk masuk lagi dibutuhin kuota nya eh beli didana ga masuk masuk,.. sedangkan saldo gua kepotong",1,2026-04-23 08:22:14,Negatif
bagus,5,2026-04-23 08:21:31,Positif
sangat bagus,5,2026-04-23 08:21:21,Positif
dpt limit dana cicil tapi gak bisa d gunakan taekk udh dpt limit kecil tapi kaga bisa d gunakin buat apa....,1,2026-04-23 08:18:58,Negatif
dana saya diproteksi dan harus nunggu 90 hari ada saldo 900 saya hawatir saldonya hilang,5,2026-04-23 08:16:00,Positif
bagus,5,2026-04-23 08:14:58,Positif
"update transaksi makin lama, jaringan aman segala macem aman, bayar lancar tapi bukti transaksi lamaaa gila. makin aneh",2,2026-04-23 08:09:44,Negatif
"APLIKASI SAMPAH, SAYA MELAKUKAN PEMBAYARAN MELALUI DANA UNTUK MEMBELI BARANG ,SALDO TERPOTONG TAPI PEMBAYARAN TIDAK MASUK KE REK YANG TERTUJU!!!!!!",1,2026-04-23 08:08:03,Negatif
coba itu layanan asisten manusia diganti aja,1,2026-04-23 08:07:22,Negatif
kok saya belom ada dana cicil nya sih padahal dana saya udh di daftarkan dari 2022 sampe sekarang pake dana yang sama tapi tetap ngga muncul dana cicil nya heran,5,2026-04-23 07:58:20,Positif
kenapa ya saya gak ada dana cicil,5,2026-04-23 07:53:05,Positif
bagus,5,2026-04-23 07:52:46,Positif
bagus,5,2026-04-23 07:51:51,Positif
"balikin uang gw 30 woi,sakit hati banget,susah ngumpulin uang ,paket gagal,kuota ga masuk,uang gw lenyap",1,2026-04-23 07:51:39,Negatif
ok,2,2026-04-23 07:49:31,Negatif
kenapa saya gak bisa buka DANA saya.,5,2026-04-23 07:49:01,Positif
percuma limit dana cicil 400000 tapi ngak bisa di guna kan,1,2026-04-23 07:47:31,Negatif
"kenapa nih sana ko saya ga bisa masuk ke akun saya? sedangkan tidak ada masalah apapun pada akun atau nomer dana saya, coba dong perbaiki nih apk burik",1,2026-04-23 07:37:08,Negatif
ok,5,2026-04-23 07:31:15,Positif
alhamdulillah mantap,5,2026-04-23 07:29:50,Positif
"sampai detik ini masih pakai dana, dan hampir jadi prioritas utk transaksi pembayaran, namun di sayang kan limit dana cicil saya kecil sekali, padahal transaksi saya di sana boleh terbilang besar, dan fitur dana cicil ini sangat membantu di saat belum gajian, pertanyaan saya apakah memang limit dana cicil di akun dana hanya dibatasi 200 ribu? mohon petunjuk pihak dana YTH 🙏",5,2026-04-23 07:27:42,Positif
mantap,5,2026-04-23 07:18:18,Positif
"guys ini knp ya kok tiba² ada notif transaksi otomatis dari dana ke PicsArt, padahal ga pernah langganan PicsArt, dana ku 200 ribu hilang, mohon bantuannya ya",1,2026-04-23 07:17:38,Negatif
apk saya gabisa transaksi,5,2026-04-23 07:16:18,Positif
mantep,5,2026-04-23 07:15:43,Positif
error mulu gabisa login padahal jaringan bagus,1,2026-04-23 07:13:05,Negatif
bagus,5,2026-04-23 07:11:49,Positif
gajelas muka sendiri malah dikata muka orang alhasil dana gw eror gabisa di buka,2,2026-04-23 07:10:44,Negatif
Woii dana pliss tingkattin kemananannya padahal gw gak pake itu duit tapi tiba duit gw ilang,5,2026-04-23 07:09:39,Positif
"saya beli kuota tapi transaksi gagal, malah saldo kepotong 🥹",1,2026-04-23 07:08:07,Negatif
sangat membantu.. trimaksih,5,2026-04-23 07:06:57,Positif
"Keamanannya sangat rendah, akun bisa diakses padahal nomornya tidak terpasang. kirim saldo ke nomor yang salah bisa sukses padahal tidak ada akun aktif dengan nomor tersebut.",1,2026-04-23 07:03:22,Negatif
admin mulu mana minimal ngirim dana 10k jadi mau gak mau harus top up mulu mana minim top up 50k,1,2026-04-23 07:00:46,Negatif
"Aplikasi sialan, utang pulsa hanya 50 rb, bayarnya sampai 200 ribuan, tidak pernah utang pulsa Telkomsel ko' ada tagihannya,",1,2026-04-23 06:57:56,Negatif
bagus,5,2026-04-23 06:56:51,Positif
"aktivitas bulan ini (Desember) gx muncul cepat perbaiki, gx tau lagi aku udh si suruh perbaiki malah gx berubah hadeh, udh di lakuin ini itu sama aja gx ada, udah kembali muncul blm ada seminggu udh gx bisa lagi, udh knak lagi",3,2026-04-23 06:54:01,Netral
kenapa sekarang login dana harus pakai kode OTP segala..sedangkan nomor sudah tidak aktif,1,2026-04-23 06:42:21,Negatif
update terus gak bisa di pakai ...!!!,1,2026-04-23 06:41:14,Negatif
taiiiiii saldoo guweeh suka tiba' ilang giniiiii!!!!!,1,2026-04-23 06:41:04,Negatif
bagus,5,2026-04-23 06:37:39,Positif
bosku tolong. ini knpa akun sya . pdahal tagihan dana cicil sdh sya lunasi smua. tapi knp skrg ga bisa sy gunakan lagi dana cicil nya. tlong di pulihkan lah,3,2026-04-23 06:35:02,Netral
Halal bahagia bangga sehat,4,2026-04-23 06:31:01,Positif
sangat lah bagus dan mem butuhkan,5,2026-04-23 06:30:22,Positif
sangat bagus,5,2026-04-23 06:27:28,Positif
kenapa dana sekarang ini sering error Mulu saya mau transaksi beli paket data pulsa di kembalikan terus giliran ada langganan terpotong payah,1,2026-04-23 06:26:51,Negatif
buruk,1,2026-04-23 06:24:15,Negatif
penarikan saldo dana instan kendala trs.. sudah minta bantuan diana blm juga bisa.... Brp nomor customer servis Dana..???,2,2026-04-23 06:21:54,Negatif
sangat kecewa dengan aplikasi virus yg semakin lama semakin GK berguna ini setiap kesulitan tidak ada solusi yg ada hanya ditunda gagal saya mau memindahkan akun premium saya ke no baru itu aja susah lelet putus putus woi banyak aplikasi yg lain bukan hanya dana lama lama kami juga GK butuh lagi aplikasi ini lelet dan GK berguna,1,2026-04-23 06:17:59,Negatif
"sangat bagus, memuaskan,.. terimakasih",5,2026-04-23 06:16:17,Positif
susah depositnya,5,2026-04-23 06:09:42,Positif
tolong dana cicil saya,5,2026-04-23 06:06:45,Positif
buka.. facebook... Skrank.. data iwanVettopurnama.. buka.. Sekarang.. facebook,2,2026-04-23 06:02:30,Negatif
"sangat baik, membantu sekali",5,2026-04-23 05:58:04,Positif
"Dana cicil saya tidak ada kak Tolong si bNtu kk soal udah Lama pkai dana ini kk tolong bantu yaaa kk,mohon bantuan agar ada dana cicil kk Saya butuh dana cicil kk bantu yaaaa",5,2026-04-23 05:57:45,Positif
aneh yang bermasalah d koneksi trs padahal sinyal bagus udah di restart pun ttp sama ga bisa di melanjutkan transaksi pembayaran,5,2026-04-23 05:57:39,Positif
bagus,5,2026-04-23 05:57:10,Positif
aplikasi ini bagus tapi baru ini sering error,5,2026-04-23 05:56:50,Positif
sangat rekomendasi,5,2026-04-23 05:53:42,Positif
saya sangat puas..,5,2026-04-23 05:49:01,Positif
dana kok menolak pembayaran,2,2026-04-23 05:45:22,Negatif
mantap deh,5,2026-04-23 05:43:34,Positif
Ok juga,5,2026-04-23 05:43:03,Positif
"hapus aja dana kalo gak bisa transaksi, tiap hari ganguan mulu perasaan, dana rusak apa gimana si, kalo gak bisa transaksi hapus aja apk busuk ini",2,2026-04-23 05:35:10,Negatif
sangat membantu,5,2026-04-23 05:34:50,Positif
selalu oke,5,2026-04-23 05:25:59,Positif
"punya dana cicil gak bisa dipakai, apa guna punya limit, padahal udah ada perjanjian dan ttd digital, padahal aku selalu top up belanja menggunakan qris, dan malah gajian ku selalu aku top up kan ke dana, tapi giliran dapat dana cicil limit 100.000 jjah gak bisa di gunakan, lebih baik pindah aplikasi sebelah jjah, sorry ya dana aku unistal.",5,2026-04-23 05:25:53,Positif
"bisa masuk ngga bisa keluar KTP bagus di tolak , maunya apa di apk 🐶 jngn pake dada ribet , udh ngga pa"" sya kapok pake dana , itung"" sodakoh 20rb",1,2026-04-23 05:25:12,Negatif
"fitur dana premium belum muncul,... banyak fitur² baru tapi tidak ada di akun saya",4,2026-04-23 05:23:47,Positif
ko ga ada dana cicil nya kk,5,2026-04-23 05:23:38,Positif
dana viz tolong ada kan fitur on off nya woi dana ribet banget dana viz,1,2026-04-23 05:22:53,Negatif
saya beli voucher roblox di dana bulan Januari kemarin sampai sekarang kode voucher nya ga muncul sudah saya chat adminnya berkali-kali disuruh nunggu teruss sampai saya chat lagi udah g di bales 3 bulan dimana tanggung jawabnya dana?,1,2026-04-23 05:20:22,Negatif
Penting dalam dunia bisnis bossku.,5,2026-04-23 05:19:35,Positif
selalu maintenance,1,2026-04-23 05:17:56,Negatif
samapai sekarang belum muncul dana cicil saya kenapa ya,4,2026-04-23 05:13:05,Positif
bagus,5,2026-04-23 05:11:44,Positif
Apalah udah donglot lama-lama malah ga bisa apalah dana ini,1,2026-04-23 05:10:46,Negatif
"ska, lbih suka kalo bnya duit ny",4,2026-04-23 05:10:32,Positif
ko sy gak ada dana Cicil ny,5,2026-04-23 05:06:46,Positif
sayaa aktif transaksi dana ...tapi aplikasi dana cicil saya tidak muncul ...,1,2026-04-23 05:02:31,Negatif
ok,5,2026-04-23 04:58:02,Positif
sangat membantu,5,2026-04-23 04:56:06,Positif
dana cicil saya gaa bisa di gunakan selama berbulan-bulan mending di apus aja fitur dana cicil nya telat nya berapa bulan ga bisa di pake nya berbulan-bulan,1,2026-04-23 04:55:22,Negatif
sangat bagus,5,2026-04-23 04:55:00,Positif
tolong bug nya lebih cepat di betul kan karena jika ada keperluan mendadak pas ada bug gak bisa di pakai,3,2026-04-23 04:52:29,Netral
Baguss,5,2026-04-23 04:50:11,Positif
Dari pihak dana tolong bantu saya saldo saya terpotong otomatis sebesar 132k tanpa sepengetahuan saya padahal saya tidak membeli apa-apa tolong saya uang itu berguna bagi saya sekolah tolong bantu saya terimakasih,5,2026-04-23 04:44:28,Positif
"tiba tiba banget dana saya disedot gara"" pembelian gogle one padahal saya lihat akun gogle saya tidak ada transaksi",1,2026-04-23 04:43:24,Negatif
good,5,2026-04-23 04:42:53,Positif
aktifkan dana cicil,5,2026-04-23 04:42:22,Positif
sangat recommended ..m👍,5,2026-04-23 04:41:04,Positif
●mantaaap♡,5,2026-04-23 04:36:14,Positif
apa apa harus diupgrade uang nya banyak di dana ga bisa di kirim ke livin,1,2026-04-23 04:34:10,Negatif
apk dana sangat membantu,5,2026-04-23 04:27:55,Positif
keren tapi sayang tidak ada dana cicilnya,5,2026-04-23 04:26:42,Positif
sangat membantu..,5,2026-04-23 04:19:28,Positif
"saya sudah 24 jam menunggu verifikasi penggantian no dana tapi sampe sekarang belum ada respon juga,,tolong kepada pihak dana di bantu masalah saya,teima kasih",2,2026-04-23 04:17:18,Negatif
dana protection saya kok belum 100%,1,2026-04-23 04:11:19,Negatif
kenapa dana cicil saya tidak tersedia,3,2026-04-23 04:10:20,Netral
bagus,5,2026-04-23 04:10:19,Positif
Dana cicil susah ahk,5,2026-04-23 04:08:50,Positif
kenapa di aplikasi dana saya tidak ada dana cicilnya?,5,2026-04-23 04:08:48,Positif
Terima kasih atas bnatuan yang diberikan,5,2026-04-23 04:03:25,Positif
sangat baik,5,2026-04-23 04:03:09,Positif
good,5,2026-04-23 04:02:13,Positif
mantap,5,2026-04-23 04:02:09,Positif
bagus banget aplikasi ini,5,2026-04-23 03:54:19,Positif
bagus bisa membantu disaat sulit,5,2026-04-23 03:36:58,Positif
bos gmna cara nya mengambil akun yang hilang karena kartu dan hp nya sudah hilang tidak bisa memasukan otp,3,2026-04-23 03:34:40,Netral
gimna sih cara aktifkan dana cicil,1,2026-04-23 03:34:02,Negatif
kok dana cicil ny gada yah. akun saya yg lama ada kok yg ini gada yah.bnyk yg kurang hm,3,2026-04-23 03:32:15,Netral
gimana sih caranya narikdana darigame,2,2026-04-23 03:29:53,Negatif
aplikasi ga jelas proses kerja sangat lama dan rawan. costumer service ga jelas solusinya. yang mau pakai apk ini pikir 10000000000x sebelum kalian nyesal!!!!!!!!!!,1,2026-04-23 03:28:12,Negatif
"tidak bisa digunakan bertransaksi, bintang 5 setelah lancar lagi yaa",1,2026-04-23 03:27:41,Negatif
cepet aman nyaman,5,2026-04-23 03:24:03,Positif
sangat membantu,5,2026-04-23 03:20:42,Positif
bagus sekali,5,2026-04-23 03:20:15,Positif
buruk,1,2026-04-23 03:19:01,Negatif
"disuruh upgrade akun biar bisa transfer, giliran di upgrade tetep gabisa! gimana sih?!",2,2026-04-23 03:17:58,Negatif
Lumayan okelah buat apkikasi dana tapi mohon ditambah lagi game dan misi untuk ngumpulin uang receh.,4,2026-04-23 03:16:16,Positif
siip,4,2026-04-23 03:13:58,Positif
good job thank you,5,2026-04-23 03:09:48,Positif
"muncul notifikasi promosi mulu, gak berguna banget notifnya. saya kasih bintang 1. mending bikin opsi on/off notifikasi gak berguna kaya gini",1,2026-04-23 03:08:06,Negatif
dana sy ko ngk bd,4,2026-04-23 03:04:40,Positif
Sayangnya fitur dana cicil ga bisa,5,2026-04-23 03:00:44,Positif
tambahkan investasi silver,5,2026-04-23 03:00:29,Positif
Menggunakan DANA segalanya GK ada yg sulit,5,2026-04-23 02:57:45,Positif
"saya kasih bintang 2 karena kecewa sudah 2 x aplikasinya transaksi sendiri, dan pembayaran sendiri",2,2026-04-23 02:56:28,Negatif
"saldo sering hilang sendiri,dan ketika laporan ke cs respon cs sangat lama meskipun kita sudah menunggu lama untuk antrian,CS seakan tidak mau menanggapi laporan kita,saldo juga tidak ada tanggung jawab untuk dikembalikan secara penuh walau kita sudah memberikan bukti apapun",5,2026-04-23 02:52:45,Positif
"kecewa lagi di luar uang di dana semua KTP di rumah hadeuhh dana""",3,2026-04-23 02:49:19,Netral
isi saldo potongnya sudah mahal Rp1. 500,1,2026-04-23 02:47:03,Negatif
bagus siiii....tapi kenapa susah di bukaaa,5,2026-04-23 02:43:54,Positif
good,5,2026-04-23 02:41:56,Positif
"harusnya biaya top up dari pengirimnya! saya pedagang kecil,kalo ada yang bayar ke dana saya dari bank selalu ada biaya top up rp500,dan itu di bebankan ke penerima(saya)",4,2026-04-23 02:40:54,Positif
Pas mau bayar pake qris loading nya lama,1,2026-04-23 02:40:31,Negatif
heri,5,2026-04-23 02:39:30,Positif
knp ya saya mau bayar tapi gk bisa padahal saldo saya lebih dari cukup buat bayar,1,2026-04-23 02:35:44,Negatif
kapan dana cicil saya bisa muncul di akun saya dan bisa saya gunakan sudah lama saya pake dana sampe sekarang juga belum Ada muncul dana cicil nya,2,2026-04-23 02:32:59,Negatif
mantap cui,5,2026-04-23 02:30:34,Positif
terbaik untuk semua Android,5,2026-04-23 02:29:43,Positif
fitur dana cicil sudah muncul tapi tida bisa di gunakan ini kenapa admin,5,2026-04-23 02:25:06,Positif
fitur dana cicil gak bisa keluar ya,5,2026-04-23 02:20:23,Positif
"baru top up 100 buat beli pulsa malah kepotong sendiri buat pembelian aplikasi yang sama sekali gua gk beli, sialan lu dana",1,2026-04-23 02:15:03,Negatif
bagus,5,2026-04-23 02:14:08,Positif
good,5,2026-04-23 02:12:56,Positif
kenapa pengembalian dana dari lazada tak kunjung masuk saldo????? bicara sana CS muter muter,1,2026-04-23 02:08:39,Negatif
mantap,5,2026-04-23 02:06:54,Positif
aku izin download ya,5,2026-04-23 02:00:59,Positif
sangar baik untuk bertransaksi,5,2026-04-23 01:56:35,Positif
mau login k dana kok brat baget,2,2026-04-23 01:52:40,Negatif
kena tipu berkedok kode otp,1,2026-04-23 01:52:37,Negatif
blm ada pengalaman ini baru ku gunakan....,5,2026-04-23 01:42:44,Positif
rebet daftar di Dana membingungkan gak kelar kelar,2,2026-04-23 01:25:36,Negatif
👌,5,2026-04-23 01:23:00,Positif
memudahkan untuk transaksi atau kirim uang,5,2026-04-23 01:21:15,Positif
bagus,5,2026-04-23 01:17:11,Positif
susah menggunakan aplikasi masuk berhasil baru beberapa detik langsung keluar. sudah di coba berulang2 tetap sama aplikasi tidak menanggapi terus,4,2026-04-23 01:13:30,Positif
sangat membatu...,5,2026-04-23 01:08:21,Positif
bagus,5,2026-04-23 01:03:37,Positif
"saya top up saldo dari ke dana kirim ke gopay dan tiba tiba proses lama dan, pending lama udh di ajukan ke cs nya tapi gk ada aksi kecewa sih",1,2026-04-23 01:02:50,Negatif
makin di aupdet makin mahllll,2,2026-04-23 00:52:07,Negatif
saya Mengajukan Pinjaman Di Dana Cicil namun Sebelum tanggal dan Jatuh Tempo Sudah Saya lunasi semua. Waktu Pengajuan Kembali Malah Dana Cicil Tidak tersedia Atau tidak berlaku. Aneh. kita Bayar Juga +bunga . malah tidak bisa pengajuan kembali.,1,2026-04-23 00:44:37,Negatif
mantap,5,2026-04-23 00:44:29,Positif
kesalahan jaringan mulu padahal jaringan sangat bagus buat apk lain lancar aja tapi di apk ini pas login kesalahan jaringan,1,2026-04-23 00:43:08,Negatif
sah,5,2026-04-23 00:38:54,Positif
"udah pake dana dari lama tpi kenapa tiba2 saldo 100 ribu ilang padahal ga transaksi apa2, udah cek riwayat transaksi juga gaada. bener2 ilang. katanya aman tp kok bisa sampe saldo ilang??? wkwk",1,2026-04-23 00:31:51,Negatif
dana makin jelek semenjak di update. lemot kaya keong racun....,2,2026-04-23 00:27:12,Negatif
kecewa kebanyakan eror ny dana jdi gk bisa d buka udh d restart ulang juga tetep gk bisa masuk,1,2026-04-23 00:24:12,Negatif
mantap,5,2026-04-23 00:19:01,Positif
gw gbsa login,1,2026-04-23 00:16:28,Negatif
simpel dan Terpercaya,5,2026-04-23 00:14:12,Positif
"kok bisa gituuu transaksi saya di tolak,, padahal saya tidak melakukan kesalahan-kesalahan apapun ataupun transaksi ilegal,,pin benar, jaringan kuat,no tujuan benar,, chat CS DIANA hanya membuang waktu,, masalah tidak teratasi,, chat dengan CS.DONI katanya transaksi terlalu banyak dalam waktu yang berdekatan,,, heiii ITU UANG SAYA APA UANG ANDAAA!!!!!!, katanya cs 1 limit transfer harian 50jt,, yg 1 lagi 20jt DULU padahal saya ga pernah seperti ini yaaa???",1,2026-04-22 23:55:37,Negatif
"tolong dong, dana lebih bijak lagi masa akun saya dibobol sampe sekarang belum ditindak lanjuti gimana ini pertanggung jawabannya, saya minta tolong diurus secepatnya ‼️",1,2026-04-22 23:53:56,Negatif
saya kasih 3 bintang karna transfer saya belum juga selesai udah hampir 2 hari 2 malam. ini gimna maksud nya,3,2026-04-22 23:44:49,Netral
DANA memang bisa diandalkan!,5,2026-04-22 23:41:36,Positif
ok,5,2026-04-22 23:34:39,Positif
"masa udah Upgrade ke premium ga bisa kirim uang, udah bisa ternyata",4,2026-04-22 23:33:55,Positif
Bgus,5,2026-04-22 23:31:43,Positif
top,5,2026-04-22 23:31:04,Positif
saya ingin menggunakan dana cicil tolong di bantu,5,2026-04-22 23:29:16,Positif
𝓼𝓪𝓷𝓰𝓪𝓽 𝓫𝓪𝓰𝓾𝓼,5,2026-04-22 23:29:02,Positif
bagus sekali untuk transaksi,5,2026-04-22 23:22:19,Positif
sangat membantu,5,2026-04-22 23:19:50,Positif
aplikasi nya bagus tapi saya mohon tambakan top up driver grab 🙏🏻,5,2026-04-22 23:13:36,Positif
mantap,5,2026-04-22 23:10:33,Positif
tolong perbaiki atas pembayaran yang otomatis sendiri padahal syaa tidak ada langganan apapun tapi duit saya senilai 260 rb an hilang begitu saja tolong segera ditindaklanjuti ya,2,2026-04-22 23:09:12,Negatif
"qris harus nunggu 8 hari, katanya maximal 7 hari",1,2026-04-22 23:08:30,Negatif
apk nya bagus banget 👍👍,5,2026-04-22 23:04:55,Positif
kenapa saya susdh upgrade tapi dan sudah berhasil kenapa masih blm ke upgrade kaya saya tidk bisa memakai fitur dana+ padahal saya sudah upgrade,2,2026-04-22 23:02:37,Negatif
terbaik,5,2026-04-22 22:55:59,Positif
dari 3 hari lalu mau login ke akun selalu ga bisa . ini kenapa sih keterangan lagi sibuk mulu aplikasi heran deh ..,1,2026-04-22 22:53:55,Negatif
"mau pindah ke handphone yang lain susah biasanya gampang sekarang ribet padahal sudah verivikasi wajah, kalau nomor yg terdaftar kartunya sudah hilang gimana caranya biar gak usah pakai kode otp,, jawab lol",1,2026-04-22 22:52:48,Negatif
bagus,4,2026-04-22 22:41:24,Positif
apk bagus ada emas digitalnya tpi lain kali harus ada versi perak digital kayanya cocok,5,2026-04-22 22:39:25,Positif
"gimana sih ini DANA saya nunggu transferan dari teman belum masuk"" juga sampe sekarang udah 1 mnvgu blum masuk .pdahal no yang di kasih sesuai dengan no DANA na nya.",5,2026-04-22 22:11:24,Positif
mantap,5,2026-04-22 21:55:55,Positif
aplikasi ya 👍,4,2026-04-22 21:53:14,Positif
Alhamdulillah,5,2026-04-22 21:52:06,Positif
sangat membantu,5,2026-04-22 21:34:30,Positif
dana ku udah premium pas mau transfer ke sesama dana eh kok malah disuruh upgrade lagi ini nge bug atau gimana yak,1,2026-04-22 21:32:39,Negatif
ingin fitur DANA CICIL,5,2026-04-22 21:32:00,Positif
good,5,2026-04-22 21:25:48,Positif
mantap,5,2026-04-22 21:23:20,Positif
Tidak bisa masuk,1,2026-04-22 21:08:29,Negatif
butuh dana cicil,5,2026-04-22 21:07:30,Positif
"tolong lah pihak dana ini kenapa saya tidak bisa menggunakan apk dana dengan data seluler, padahal kuota ada. tapi ada tulisan tidak ada internet tolong lah. saya jadi repot kalo mau transaksi harus pake wifi saya, gak ada wifi🙏",1,2026-04-22 21:04:55,Negatif
aplikasi yg bermanfaat,5,2026-04-22 20:45:35,Positif
dana cicil nya tiba tiba tidak bisa di pakai padahal belum pernah pakai,5,2026-04-22 20:39:25,Positif
mengecewakan ribuan kali aktivasi dana cicil selalu gagal,1,2026-04-22 20:36:21,Negatif
sangat 👍👍👍,5,2026-04-22 20:33:29,Positif
limited saya tidak bisa ..kacau,5,2026-04-22 20:25:36,Positif
bosku tolong bantu . dana saya tidak terbuka kendalanya kode otp nomor yang terdaftar didana saya sudaj lama hilang .bantu saya login ke akun dana s aya a,5,2026-04-22 20:23:29,Positif
saya ketipu dan respon cs nya lama ga bisa laporin penipuan seperti di bank,1,2026-04-22 20:18:52,Negatif
sangat. memuaskan,5,2026-04-22 20:09:55,Positif
sangat puas,5,2026-04-22 20:03:22,Positif
puas,5,2026-04-22 19:59:09,Positif
mantap,5,2026-04-22 19:56:01,Positif
"perbaikan sistem dana , kalo mau login selalu lama harus nunggu Berjam"" ..",1,2026-04-22 19:54:38,Negatif
mantap,5,2026-04-22 19:53:17,Positif
jos,5,2026-04-22 19:48:26,Positif
ok,1,2026-04-22 19:46:58,Negatif
pahit,5,2026-04-22 19:45:12,Positif
sangat membantu mudah transaksi,5,2026-04-22 19:40:49,Positif
mau mengajukan pinjaman susah amat padahal saya sering teransaksi hampir tiap hari kecwa berat tidak bisa di andal kan,5,2026-04-22 19:36:47,Positif
sangat membantu,5,2026-04-22 19:36:29,Positif
tidak muncul dana cicilnya,5,2026-04-22 19:36:06,Positif
sangat baik,5,2026-04-22 19:32:16,Positif
mantap lebih cepat dan mudah,4,2026-04-22 19:31:11,Positif
mantab,5,2026-04-22 19:30:33,Positif
bagusss,5,2026-04-22 19:25:50,Positif
bagus,5,2026-04-22 19:25:12,Positif
aplikasi sangat membantu,5,2026-04-22 19:23:39,Positif
ok,5,2026-04-22 19:23:29,Positif
mantappp,5,2026-04-22 19:22:17,Positif
saldo saya hilang tiba tiba di kirem ke lazada,1,2026-04-22 19:22:14,Negatif
"Tolong tingkatkan lagi keamanan nya.. masa saldo saya lenyap dalam kurang dari 2 jam man... Parah bener, Cari duit itu susah min Keamananya gimana ini aplikasi, kurang maksimal bener2 gampang ke hack, padahal segala privasi sudah di ON semua, ttep saja saldo ilang...Aplikasi apaan ini",1,2026-04-22 19:14:38,Negatif
mantap juga,5,2026-04-22 19:10:32,Positif
sangat suka dan sangat membantu sekali di karir saya berbisnis🙏,5,2026-04-22 19:09:41,Positif
jangan kebanyakan otp saldo ku jadi hilang karena ga bisa di buka karena kartu sudah hilang,1,2026-04-22 19:05:22,Negatif
bagus,5,2026-04-22 19:05:06,Positif
kenapa dana cicilnya tidak ada?,5,2026-04-22 19:03:01,Positif
gk bisa kasih solusi nih,1,2026-04-22 18:55:44,Negatif
kenapa dana cicil aku di dana GK ada muncul,5,2026-04-22 18:53:34,Positif
mengerti,5,2026-04-22 18:52:57,Positif
dana parah banget uang tiba² ke ambil google harus nya jaga keamanan dong ini malah ga aman mana ga bisa di balikin lagi padahal tidak pernah membeli di playstor atau segala apapun itu tapi kenapa ke ambil,1,2026-04-22 18:52:53,Negatif
good,5,2026-04-22 18:50:19,Positif
aplikasinya di perbaiki yh supaya tida lemot alias lelet,5,2026-04-22 18:48:57,Positif
lebih bagus lagi kalo bekas transaksi di hapus otomatis perminggu,5,2026-04-22 18:47:35,Positif
"apk yang bermanfaat, baik juga sangat membantu",5,2026-04-22 18:39:13,Positif
mantap,5,2026-04-22 18:33:22,Positif
Verry good,5,2026-04-22 18:27:15,Positif
kenapa gk bisa masuk,5,2026-04-22 18:26:40,Positif
sangat baik,5,2026-04-22 18:21:08,Positif
"dr dulu ga pernah ada solusi kenapa tiba2 uang hilang di akun dana. tidak pernah ada pengembalian. ini saya sudah 2 x seperti ini , 2x ganti nomor tp tetap saja uang saya hilang di akun dana. saya tidak pernah pakai tautkan akun dana di gogle atau semacamnya. tp tiba2 ke potong . nominal memang bagi kalian kecil. tp buat saya itu besar. pertama 300 ribu. kemarin malam 162 ribu.",1,2026-04-22 18:20:17,Negatif
"APLIKASI GAJELAS, KEBANYAKAN ERROR. UDAH GA GUNA NIH APLIKASI",1,2026-04-22 18:16:34,Negatif
semua fitur-fitur belum tersedia,1,2026-04-22 18:13:45,Negatif
tolong aktifkan dana cicil,5,2026-04-22 18:07:24,Positif
sangat membantu,5,2026-04-22 18:05:39,Positif
fitur aplikasi dana cicil GK fungsi nunggu dua tahun GK bisa di gubakan,5,2026-04-22 17:58:32,Positif
sangat bagus,5,2026-04-22 17:46:30,Positif
baguss lah,5,2026-04-22 17:45:39,Positif
tidak ada dana cicil dan dana instan padahal sudah banyak transaksi dan sudah premuim,1,2026-04-22 17:43:38,Negatif
bagus,5,2026-04-22 17:39:11,Positif
super,5,2026-04-22 17:34:37,Positif
"keamanan nya minimalis syekaleh,udh sering banget di bobol sama pt pintu kemana aja tapi pihak dana ga bisa ngatasin..paraaaahh",1,2026-04-22 17:27:43,Negatif
Kenapa saya tidak ada untuk fitur dana cicil,5,2026-04-22 17:25:54,Positif
"dipaksa buat jadi premium, tapi ga jelas kocak bgt,",1,2026-04-22 17:18:05,Negatif
saya mau login aplikasi dana tanpa kode otp karna nomor sudah hilang,1,2026-04-22 17:06:45,Negatif
sangat membantu👍,5,2026-04-22 17:02:55,Positif
mantap,5,2026-04-22 17:02:47,Positif
bagus,5,2026-04-22 17:02:13,Positif
dana cicil kok tidak muncul padahal data saya masih bersih belum ada sama sekali pinjaman masi bersih semua data nya tapi fitur dana cicil kok tidak ada ya coba kasi saran min,5,2026-04-22 17:01:54,Positif
"aplikasi rusak,uang tiba tiba hilang sebesar 500 ribu rupiah,sudah minta bantu cs buat tindak lanjuti tidak ada respon",1,2026-04-22 16:58:41,Negatif
min Saya mau buat akun bisnis kok Lama ya verifikasih nya?,5,2026-04-22 16:52:53,Positif
mantap,5,2026-04-22 16:51:28,Positif
luar biasa,5,2026-04-22 16:51:08,Positif
jossd harus bagus,5,2026-04-22 16:50:49,Positif
setiap bulan di potong uang saya,1,2026-04-22 16:49:46,Negatif
"munculkan lh fitur dana cicil diaplikasi saya,,Krn saya ingin menggunakan fitur dana cicil limit2 kecil aja",4,2026-04-22 16:47:17,Positif
aplikasi apa ini kaya gini ga jelas,1,2026-04-22 16:45:39,Negatif
bagus,5,2026-04-22 16:43:38,Positif
"Kpd Yth Developer,Admin ,kenapa setiap kali akses A+Rewards untuk Chek-In setiap hari Ketujuh aneh bin heran,suka tidak bisa diakses,mentok di hari ke-6 suka lompat lagi ke hari kesatu hari ke-7 nya tidak bisa diakses/cek-in, tolong diperbaiki lagi fiturnya ini terjadi setiap minggunya semenjak tahun 2026 sekarang kalau tahun yg lalu normal-normal saja bisa diakses pas hari ke 7 nya.Terima Kasih",5,2026-04-22 16:40:07,Positif
Bagus,5,2026-04-22 16:38:23,Positif
saya tidak bisa mengambil akun dana saya dikarenakan syaratnya hp saya hilang karna bencana banjir dan semua akun dana saya hilang beserta hp hpnya saya mau ambil ulang malah ga bisa harus ngirim jawaban itu ini yang tidak ada dalam kejadian saya hanya ingin mengambil akun saya dikarenakan tabungan saya berada di dalam sana bagaimana saya mau ambil kalau persyaratan nya aja di luar kejadian dan pertanyaan nya agak konyol,1,2026-04-22 16:38:10,Negatif
gmna akun saya tidak bisa kembalikan,1,2026-04-22 16:35:06,Negatif
ok lumayan.,5,2026-04-22 16:34:22,Positif
puas,5,2026-04-22 16:33:41,Positif
"mantap afk nya, uang tertabung terus 😊",5,2026-04-22 16:31:53,Positif
tolong buka lagi dana cicil saya karena gabisa d pakai tapi dana cicil sudah ada limit,1,2026-04-22 16:29:39,Negatif
limit dana cicil ada tapi gx bisa d gunakan parah,1,2026-04-22 16:27:43,Negatif
gk pda bisa bantu parah pitur dana cicil ny gk bisa aktif,1,2026-04-22 16:17:21,Negatif
aplikasi yg sangat bagus,5,2026-04-22 16:15:45,Positif
aplikasi gaje TF malah pending kocak,1,2026-04-22 16:14:29,Negatif
membantu,5,2026-04-22 16:13:03,Positif
Kenapa ya kq apl nya gk bisa kebuka,1,2026-04-22 16:11:53,Negatif
"saya ingin bertanya kenapa uang yang saya pakai untuk berlangganan Netflix tidak bisa di tonton dan pembayaran belum sama sekali ada bukti pembayaran nya, saya sudah bertanya ke layanan Diana tapi ia hanya mulut berlibet tanpa ada penjelasan yang masuk akan tolong di perbaiki yah",5,2026-04-22 16:11:21,Positif
"kalo bisa di next update fitur refound diadakan untuk mencegah pengguna melakukan salah transfer/salah kirim jadi gampang di refoundnya, untuk kenyamanan, keamanan dan kemudahan pengguna juga, semoga masukan saya ini diterima dengan baik oleh pihak dana, terimakasih.",4,2026-04-22 16:10:45,Positif
"dana mulai gak aman orang lain banyak yang mau retas/nyuri akun danaku padahal hp baru nomor baru juga. punyaku udah premium tapi klo ini beneran jebol berarti keamanan nya kurang ketat. saya harap orang lain yang mau masuk ke dana .. verifikasi wajah salah, sidik jari salah dan pin salah OTP gak ada. udah langsung halagin aja pihak dana. itu penyusup atau pencurian (orang gak bertanggung jawab)..!!!..",1,2026-04-22 16:09:59,Negatif
"jelek bgt anjr gabisa ngirim duit, alesannya kendala jaringan trs duit gue ketahan",1,2026-04-22 16:09:47,Negatif
malas kasih bintang 5 to buat aplikasi yang ngga jelas utk apdatu jadi premium to di persulit tahun ini di DANA.,1,2026-04-22 16:07:51,Negatif
mantap,5,2026-04-22 16:07:07,Positif
mantap,5,2026-04-22 16:04:48,Positif
harus baguss,5,2026-04-22 16:00:56,Positif
jangan g masuk akal orang scand wajah pakai wajah sendiri gabisa jangan bobrok masuk pakai nomer sendiri kok ga bisa SAYA TUNGGU JAWABAN SECEPATNYA.,1,2026-04-22 16:00:45,Negatif
transaksi cepat dan mudah dan banyak fitur yang bermanfaat,5,2026-04-22 16:00:19,Positif
membantu bager,5,2026-04-22 15:56:08,Positif
tdak btul,2,2026-04-22 15:55:17,Negatif
akun premium saya di proses terus,3,2026-04-22 15:54:11,Netral
dana cicil saya tidak muncul,5,2026-04-22 15:52:05,Positif
bermanfaat,5,2026-04-22 15:50:44,Positif
gagal... proses aktivasi dana cicil.. bagaimana cara spaylater saya bisa.,5,2026-04-22 15:42:47,Positif
bagus,5,2026-04-22 15:42:37,Positif
good,5,2026-04-22 15:41:34,Positif
bgus,5,2026-04-22 15:40:23,Positif
sangat membantu,5,2026-04-22 15:36:16,Positif
"saya sangat terbantu oleh dana,, karena transaksi lebih mudah dan aman,, kita juga bisa isi saldo ewallet dan token listrik",5,2026-04-22 15:34:49,Positif
"aku top up dana tapi ngga masuk, tanya di cs apk nya udah aku kasih bukti top up malah katanya tidak sesuai, pdhl logo dari permata bank udah ganti lumayan lama sekitar 2 bulan lalu, sedangkan dana tidak update akan hal itu, JD bukti yang aku kasih ngga diterima, sayang sekali pdhl udah pakai dana lama, ngga pernah sekecewa ini",1,2026-04-22 15:32:16,Negatif
sangat membantu,4,2026-04-22 15:31:16,Positif
ok,5,2026-04-22 15:28:22,Positif
nyaman saat menggunakan,5,2026-04-22 15:28:16,Positif
minta dikirim kode OTP ke WA & SMS aja susahnya pake ribet. Gagal terus mau login DANA. Tolong dong dipermudah !!,1,2026-04-22 15:27:55,Negatif
dana cicil tidak bisa digunakan,5,2026-04-22 15:26:41,Positif
mantap aja,5,2026-04-22 15:25:42,Positif
gmna daftar dana playater min,5,2026-04-22 15:25:22,Positif
"masa potong saldo secara sepihak, di langganan ga ada pemberitahuan sma skali dari aplikasi dana cukup kecewa sih tiba2 saldo kepotong padahal ga ada persetujuan untuk langganan",1,2026-04-22 15:23:00,Negatif
keren. tapi saya sampai saat ini belum muncul fitur dana cicilnya,5,2026-04-22 15:21:41,Positif
mantap juga pake dana,5,2026-04-22 15:18:59,Positif
saya baru ganti no rek isi dana pertama 100k. eh malah di ambil setan jadi sisanya 67k.. kok gitu ya,1,2026-04-22 15:18:50,Negatif
gimana dana cicil saya masih belum bisa di gunakan padahal saya sudah lunasin semua,1,2026-04-22 15:18:37,Negatif
bagus,5,2026-04-22 15:16:40,Positif
mantap,5,2026-04-22 15:09:28,Positif
bagus tapi kok lelet,5,2026-04-22 15:08:43,Positif
saya tidak bisa membayar pakai apk dana ini padahal semua syarat verifikasi berhasil semua tolong perbaiki atau dihapus aja daripada membuat pengguna dana jadi kesusahan ingat itu,1,2026-04-22 15:03:22,Negatif
nice,5,2026-04-22 15:01:31,Positif
bagus banget,5,2026-04-22 14:59:00,Positif
awas jangan simpen uang di sini bahaya . lebih aman pake yg lain,1,2026-04-22 14:58:52,Negatif
kak tolong akun dana sana kena ambil orang,4,2026-04-22 14:57:04,Positif
bagus sekali.tapi kenapa dana cicil gagal .,5,2026-04-22 14:53:05,Positif
goood,5,2026-04-22 14:52:19,Positif
aplikasi nya nda mau ke buka,1,2026-04-22 14:50:30,Negatif
dana cicil saya aktipkan dong,5,2026-04-22 14:49:41,Positif
bagus banget,5,2026-04-22 14:49:17,Positif
tidak bagus meminta dana cicil tidak pernah di aktifkan sudah 25thn saya menggunakan dana,1,2026-04-22 14:48:16,Negatif
bagus,5,2026-04-22 14:45:37,Positif
banyak yang baru bikin akun sudah dapt fitur dana cicil saya yang bertahun tahun belum bisa disuruh tunggu 1 bulan kalau ngajuin sampai tahunan gak dapat sekali dapat aktivasi gagal apk gak jelas,1,2026-04-22 14:45:35,Negatif
"aplikasinya memang bagus, tapi kenapa kalo narik uang di dana goals harus pake verifikasi wajah perasaan sebelumnya enggak deh, tolong perbaiki pakai pin saja",5,2026-04-22 14:42:33,Positif
bagus,5,2026-04-22 14:40:17,Positif
ok,5,2026-04-22 14:38:35,Positif
min aktipkan fitur dana cicil kenapa belum bisa di gunakan ya,5,2026-04-22 14:37:20,Positif
senang menggunakan dana,5,2026-04-22 14:36:33,Positif
ini berkuna,5,2026-04-22 14:35:13,Positif
apknya hrus pakek wifi baru bisa di buka,1,2026-04-22 14:34:44,Negatif
mantap,5,2026-04-22 14:30:56,Positif
bagus,5,2026-04-22 14:29:44,Positif
mantap,5,2026-04-22 14:29:41,Positif
jos,5,2026-04-22 14:28:27,Positif
semakin kesini semakin banyak elor nya,1,2026-04-22 14:28:13,Negatif
"dari dulu premium tiba tiba jadi tidak premium, di upgrade gagal mulu, tolol",1,2026-04-22 14:28:12,Negatif
bagus,5,2026-04-22 14:26:15,Positif
"Aplikasi setan,, susah dibuka,,, Aplikasi rusak gak ada perbaikan...",1,2026-04-22 14:21:44,Negatif
gimana cara hapus akun dana,1,2026-04-22 14:20:35,Negatif
"knpa harus pakai kode otp , kan sudah ada verivikasi wajah",5,2026-04-22 14:19:58,Positif
sangat rekomended,5,2026-04-22 14:18:50,Positif
bagus,5,2026-04-22 14:16:51,Positif
good.. memudah kan bertransaksi,4,2026-04-22 14:14:49,Positif
bangus,5,2026-04-22 14:13:54,Positif
Bagus bgt apa lagi kalau dana cicil nya aktif lagi,5,2026-04-22 14:13:27,Positif
saya pengguna lama Dana dan serinh melakukan transaksi di Dana tetapi fitur dana cicil tidak ada sedang kan teman saya yang baru menggunakan dana sudah terbuka fitur dana cicil,3,2026-04-22 14:06:34,Netral
dana cicil. keluarin,5,2026-04-22 14:05:17,Positif
tidak bisa logen,1,2026-04-22 14:03:45,Negatif
tp Dana saya banyak yg hilang,5,2026-04-22 14:02:37,Positif
"pelitt,udah make selama 4 tahun gak di bolehin aktifin dana cicil,gk recommend buat kalian",1,2026-04-22 14:01:21,Negatif
mantaaaap,5,2026-04-22 13:58:32,Positif
mantappppppp,5,2026-04-22 13:50:42,Positif
bisa nabung,5,2026-04-22 13:47:26,Positif
ok,5,2026-04-22 13:46:18,Positif
bagus,5,2026-04-22 13:45:46,Positif
bagus bgt,5,2026-04-22 13:45:39,Positif
mantap,5,2026-04-22 13:40:39,Positif
Ga bisa di download kenapa ini,5,2026-04-22 13:39:16,Positif
sangat bagus,5,2026-04-22 13:38:53,Positif
baik,1,2026-04-22 13:36:50,Negatif
"Yg kita keluhkan itu di buat kirim (TRANSFER) gak bisa,harus premium bukan buat belanja Sampe sini jelas kan yang saya maksudkan Kalo memang itu regualsi dari BI harusnya berlaku juga untuk penerima'an,begitu bener gak  Sama sam demi keamanan Karna nomer dana yang belum premium tidak memiliki identitas jadinya antara nerima dan kirim sama2 gak ada identitas tapi dia boleh nerima tanpa identita tapi gak boleh kirim kalo tanpa identitas mau gak mau haru pake blanja baru saldonya bisa kluar",1,2026-04-22 13:35:20,Negatif
Tolong jangan di pakai lagi DANA ini. karena sangat merugikan pengguna dana,1,2026-04-22 13:31:49,Negatif
"uda saya dm lewat ig gda respon nya sama sekali ada si, responnya pun seperti itu pas saya bls lgi ga dibls lgi gda solusinya sama sekali, chat ke wa lebi parah ga direspon sama sekali, tolong kedepannya diperbaiki min. uangpun sampe skrg ga kembali terakhir gunain dana sabtu mohon maaf min kapok uang saya uda 2 kali seperti itu gda kembali'nya smpe skrg mana nominal cukup besar kan lumayan🙏🙏🙏",1,2026-04-22 13:29:04,Negatif
Saldo gue 0,5,2026-04-22 13:27:57,Positif
gatau gaada uang soalnya,5,2026-04-22 13:26:10,Positif
bagus,5,2026-04-22 13:25:59,Positif
kenapa setiap brli paket data diaplikasi dana kadang tidak masuk ke nomor.ini juga tadi beli paket data diaplikasi dana masuk tapi tidak bisa dipakai,3,2026-04-22 13:25:24,Netral
bagus membantu,5,2026-04-22 13:21:25,Positif
kerja disini hehe,5,2026-04-22 13:21:22,Positif
baguss,5,2026-04-22 13:19:59,Positif
so good,5,2026-04-22 13:16:16,Positif
sangat bermanfaat,5,2026-04-22 13:15:30,Positif
tolong di tampilkan fitur dana cicil di akun dana saya. saya sering transaksi sampai limit tapi kenapa saya tidak punya fitur dana cicil,5,2026-04-22 13:12:52,Positif
jaringan bermasalah mulu,3,2026-04-22 13:12:52,Netral
WOY ..DANA CICIL SEKARANG G BISA D PAKE. RUSAK PA NI SISTEMNYA .BAYAR TERUS ..DANA CICIL DAH G BISA. HAPUS Z,5,2026-04-22 13:11:12,Positif
mantap,5,2026-04-22 13:10:49,Positif
"yg penting jangan sampe di bobol maling, dan jugo jangan dikit2 saldo di potong trus rugi bandar",5,2026-04-22 12:52:08,Positif
"min ko barusan danaku hilang 50 .000 padahal ga ku pake buat apa apa,kemarin Masi 100, terus mau beli paket tinggal 50 ,terus ga ku buat apa apa masa bisa ilang?? sekarang kalo ga di pake bisa ngurang duitnya toh?",3,2026-04-22 12:51:34,Netral
Sangat baik,5,2026-04-22 12:49:30,Positif
dana cicil saya tidak bisa dipakai tolong bantuannya,5,2026-04-22 12:43:15,Positif
bagus tapi saya kecewa saya pernah uninstall tapi tak instal ulang lagi masuk ke akunnya malah ga bisa ...DANA BERHENTI gimana tolong uang ku masih di situ,5,2026-04-22 12:41:12,Positif
keren,5,2026-04-22 12:40:03,Positif
"mudah beli ap saja, melalui Dana, apalagi beli token, puas banget make aplikasi Dana",5,2026-04-22 12:38:50,Positif
coba dulu baru pakai.kalo bagus baru sya kasih bintang 5,4,2026-04-22 12:37:40,Positif
kenapa ko dana saya ga bisa masuk ke aplikasi dana saya pas mau masuk aplikasi dana keluar trs,4,2026-04-22 12:33:45,Positif
good,5,2026-04-22 12:32:25,Positif
BUG MULU HADEH PRBAIKI DONG,1,2026-04-22 12:25:55,Negatif
"jumat 2 januari 2026 jam 17:30 saldo dana sya hilang Rp4,399000 , ada yg melakukan transaksi tanpa sepengetahuan sya saldo ludes , dari pihak dana tdk ada niat mengganti atau uang di kembalikan jadi saran jangan pake dana bahaya sistem gampang di retas atau hack, dan sudah banyak yg jadi korban coba liat d tiktok yg jadi korban , dan pihak dana tdk ada niat untuk memperbaiki sistemnya dan tdk ada solusi bagi kita yg kehilangan saldo yg sudah jadi korban, dan tidak ada niat bertanggung jawab",1,2026-04-22 12:25:46,Negatif
Bagus sangat membantu,5,2026-04-22 12:24:41,Positif
bagis,5,2026-04-22 12:24:06,Positif
sangat mantap,5,2026-04-22 12:19:44,Positif
lumayan bagus dan cepat,3,2026-04-22 12:18:45,Netral
busuk,1,2026-04-22 12:18:05,Negatif
cara aktif dana dicicil,5,2026-04-22 12:16:02,Positif
"apaan sih ni apk makin ga jelas, tbtb transfer sendiri. nyimpen duit disini makin ga aman dulu ilang 50k skrg duit ke tarik 20k blm ada pembayaran kemana mana loh ini sy.",1,2026-04-22 12:14:48,Negatif
sangat membantu saya dalam bertransaksi,5,2026-04-22 12:12:13,Positif
Mudah & cepat!,5,2026-04-22 12:09:29,Positif
saya tidak menerima kde otp karena kartu udah hilang knpah harus dipersulit kan akun saya Uda premium,2,2026-04-22 12:06:11,Negatif
bagus banget deh,5,2026-04-22 12:05:51,Positif
"voucher google Play Store kenapa tidak bisa digunakan padahal sudah beli voucher 21rb lebih buat voucher google Play Store 25rb pada saat topup di dalam game, voucher tidak dapat terpakai dan harga topup tidak terpotong padahal dulu bisa aktif sekarang lebih seperti scam bikin rugi. edit: aplikasi dana sekarang sudah beda login harian a+rewards saja masih tetap tidak bisa di claim sudah sebulan lebih, sudah hubungi cs tapi jawabannya muter"" seperti bot kalo masih tidak diperbaiki parah sekali.",1,2026-04-22 12:05:18,Negatif
ok,5,2026-04-22 12:04:04,Positif
"kecewa dengan aplikasi dana , gak aman simpan uang, kalau gak bisa jaminin uang nasabah ngapain buka aplikasi,",1,2026-04-22 12:00:23,Negatif
"sangat membantu,",5,2026-04-22 11:59:55,Positif
sangat membantu.,5,2026-04-22 11:59:45,Positif
aplikasi yg memudahkan segala urusan,5,2026-04-22 11:59:37,Positif
senang,5,2026-04-22 11:59:18,Positif
mantap,5,2026-04-22 11:54:13,Positif
ok,5,2026-04-22 11:53:04,Positif
sangat membantu,5,2026-04-22 11:52:07,Positif
woy dana saya belum uga masuk,1,2026-04-22 11:51:52,Negatif
good,5,2026-04-22 11:45:29,Positif
"bagus,memudahkan untuk segala pembayaran,jika lupa membawa cash,bisa menggunakan apk dana ini",5,2026-04-22 11:42:34,Positif
ribet kalau anak²,1,2026-04-22 11:40:59,Negatif
"aplikasi ini sangat membantu, tapi masih lemot....😢",4,2026-04-22 11:39:39,Positif
"kocak ni dana mau top up malah gak bisa ada tulisan ""dana menolak pembayaran karena batas transaksi"" batas apaan woy gw gak pernah ngasih batas aneh banget ni dana perbaikilah woy",2,2026-04-22 11:35:56,Negatif
"uang saya menghilang dr dana tanpa ada riwayat transaksi!! riwayat transaksi semua benar tp uang saya menghilang. jumlah saldo tidak sesuai dengan yg seharusnya, sudah saya keluhkan lewat number tlp keluhan dana hanya iya iya saja tdk ada kejelasan lg sampai detik ini, saya dm lewat ig jg tdk jls, tdk ada kejelasan jg sampai detik ini! email jg sama! KECEWA BGT, mending gausah pake apk ini lg deh walaupun satset! GK AMAN!.",1,2026-04-22 11:34:23,Negatif
sangat membantu,5,2026-04-22 11:33:55,Positif
sangat membantu sekali mks,5,2026-04-22 11:32:45,Positif
Mantul,5,2026-04-22 11:32:17,Positif
wow,5,2026-04-22 11:28:48,Positif
tidak ada fitur dan instan,5,2026-04-22 11:28:40,Positif
"aplikasi kebanyakan daftar, pas mau TF ke bank lain malah isi UPGRADE KE PREMIUM ishhh ngeselin bgt mana udh terlanjur beli makanan isi ini isi itu ngeribetin bangettt luu, pas udh daftar pake e KTP gua malah sistem bermasalah disuruh nunggu lagi beberapa saat gua udh bela2in buang waktu buat daftar gini doang malah eror sistemnya, mana udh urgent mau bayar belanjaan semua duit gua ada disini SUMPAH NGERIBETIN BGT DANA",1,2026-04-22 11:28:04,Negatif
saya ingin mengajukan tentang dana cicil saya yang belum ada,4,2026-04-22 11:26:15,Positif
apakah dana ga punya pkrja.. smpai smpai balasan cht dari pengguna cuma di bls mnggunakn ketikan komputer..stiap kli cht..blsan itu itu doang yg tmpilkn... tmbh lgi sy minta dana cicil sy di aktivkn kmbali .TPI smpai skrng blom juga di aktivkn.. parah..,2,2026-04-22 11:14:33,Negatif
jelek,1,2026-04-22 11:12:43,Negatif
"Untuk sementara, saya kasih bintang 2 dulu. Mengapa demikian? Akun dana saya sudah premium, kemudian saya ingin mendaftar dana bisnis. Pendaftaran dana bisnis susah selesai, namun ketika saya ingin membagikan kode qr nya, ternyata masih di proses. Pemrosesan ini sungguh lama, sejak 3 atau 4 hari yang lalu, saya sedikit kesal kenapa ini bisa lama. Saya tanya kepada beberapa AI, dan mencari di internet, pembuatan kode qr pada dana bisnis tidak akan selama itu. Saya benar2 kecewa untuk hal ini.",2,2026-04-22 11:11:35,Negatif
bagus,5,2026-04-22 11:09:35,Positif
gk ada menu dana cicil nya,1,2026-04-22 11:09:08,Negatif
"saya minta tolong hapus data di akun saya terimakasih, karena akun saya disabotase orang lain...",5,2026-04-22 11:06:09,Positif
"Buat gratis transfer 50/100 antar bank, dikit banget 10x cuk",2,2026-04-22 11:05:53,Negatif
🤮,1,2026-04-22 11:05:20,Negatif
bagus,5,2026-04-22 11:04:04,Positif
"kenapa dana cicil saya tidak bisa dipakai, saya tidak memiliki tagihan dan juga terdapat limitnya, sudah dua bulan lebih dari saya melunasi sampai sekarang malah tidak bisa digunakan, mohon segera di perbaiki agar bisa digunakan kembali",1,2026-04-22 11:03:09,Negatif
tarik tunai ga2l tapi saldo g kembali..😥😥😥,5,2026-04-22 11:01:45,Positif
saya tidak bisa menggunakan dana cicil,5,2026-04-22 11:01:04,Positif
baik,5,2026-04-22 10:54:29,Positif
sangat baik apl ini,5,2026-04-22 10:54:14,Positif
Bagus&Sangat Membantu👍,5,2026-04-22 10:50:19,Positif
good,5,2026-04-22 10:43:43,Positif
mantaap,5,2026-04-22 10:43:18,Positif
cemerlang,5,2026-04-22 10:43:01,Positif
"akunku dibekukan, setelah hpku dicuri orang, akunku ganti nomor. udah berhasil tapi malah saldo beku. gabisa diapa-apain. chat Diana sama telpon cs ujung2nya hanya dibilang akan dibantu proses dan disuruh tunggu 3 hari jam kerja. pas 3 hari, udah kayak gak ada apa-apa. giliran ditelpon lagi csnya kayak seolah pura2 gak tau. ini wajib OJK turun nih",1,2026-04-22 10:40:15,Negatif
pengiriman dana gagal tapi saldo tetap terpotong dan saya chat CS tetap tidak terhubung. serta di aktifitas juga tidak ada catatan atas pengiriman nya,1,2026-04-22 10:38:13,Negatif
mantap,5,2026-04-22 10:37:07,Positif
kenapa dana cicil selalu tidak tersedia. padahal angsuran sudah di lunasi semua. tapi tetap tidak berlaku. masalah yah di mana. kalau begitu buat apah di adakan dana cicil kalo tidak bisa di gunakan. sangat tidak berguna.👎👎👎,2,2026-04-22 10:37:03,Negatif
bagus,5,2026-04-22 10:36:37,Positif
sayang nya dana cicil tidak ada di aplikasi ku,5,2026-04-22 10:34:45,Positif
kren,5,2026-04-22 10:32:38,Positif
mantap,5,2026-04-22 10:31:57,Positif
saya kan masih baru pertama menggunakan aplikasih ini. ya..semoga lancar.,5,2026-04-22 10:30:11,Positif
"buka aplikasi dana sekarang harus ngelawati iklan dlu ,boros kuota bro🤣",5,2026-04-22 10:30:07,Positif
mantap,5,2026-04-22 10:24:15,Positif
oke,5,2026-04-22 10:24:12,Positif
bug: batas waktu code penarikan uang akan membeku jika handphone dimatikan,4,2026-04-22 10:19:53,Positif
ok,5,2026-04-22 10:19:41,Positif
mantap,5,2026-04-22 10:19:12,Positif
OK,5,2026-04-22 10:17:20,Positif
ok,5,2026-04-22 10:15:16,Positif
kualitas jelek,1,2026-04-22 10:14:32,Negatif
"aduhh minn,,, dana aku udah aku di premium in tapi kok pas mau coba ambil qr sendiri kok gabisa, padahal katanya pengerjaan nya 2-3 hari ini udah lebih mau hari ke 5 setiap hari saya cek ke dana bisnis tetep ada bacaan toko tidak ada sama coba lagi saya pencet gabisa bisa tolong min kasih tau penyebabnya,,,,.",1,2026-04-22 10:14:28,Negatif
Bagus Banget Aplikasi Dana,5,2026-04-22 10:13:27,Positif
Sangat Membantu S X semua pekerjan yg tadi nya sangat melelahkan jadi lebih muda hemat waktu & hemat biaya bisa di lakukN drmah gk perlu keluar kemana² lg tingal klik apa pun bisa di lakukkan dengan DANA,5,2026-04-22 10:11:00,Positif
knpa habis update malah jadi lambat mau TF aja lambat sekali prosesnya😮‍💨,1,2026-04-22 10:10:24,Negatif
😭😭,1,2026-04-22 10:08:59,Negatif
costumer service dana susah d hubungi saya butuh bantuannya mohon admin memperbaiki nya,1,2026-04-22 10:08:03,Negatif
saya membeli satu produk di game tapi saya sudah membayar tetapi produk tidak muncul di dalam game dan uang dana saya tidak di kembalikan dasar aplikasi bosok sekali ini,1,2026-04-22 10:06:15,Negatif
woi Dana kenapa ini sistem keamanannya kacau banget akhir² ini. saldo dana tiba² terpotong aja oleh aplikasi gak dikenal yang bahkan kita gak instal dan gak berlangganan dan semua itu tanpa melalui proses memasukkan sandi atau pin keamanan dari akun Dana kita. saya hari ini tanggal 22 april 2026 saldo dana saya terpotong yang tadinya 212.000 kini tinggal 80.000 dan itu terpotong oleh aplikasi gak dikenal dan gak ada di hp saya. bagaimana ini solusi dan tanggung jawabnya?!!,1,2026-04-22 10:02:46,Negatif
saya suka,5,2026-04-22 10:01:28,Positif
"tidak ada dana cicil atau dana instan, tolong lah di perhatikan",5,2026-04-22 09:55:55,Positif
"untuk verifikasi nya tolong di permudah, untuk dana bisnis nya untuk kios rumahan"" kelontong kecil""an dan juga tolong untuk riwayat transaksinya tolong di adakan Cetak Struk. dan Fitur Hutang, juga jaminan di adakan terimakasih.",4,2026-04-22 09:55:36,Positif
selalu bermaslah,5,2026-04-22 09:52:30,Positif
sangat bagus,5,2026-04-22 09:48:39,Positif
"Allahmdulillah terimakasih DANA, saya sangat senang sekali fitur DANA CICIL & DANA INSTAN sudah tersedia di aplikasi DANA saya, sehingga kebutuhan saya bisa dibantu dengan adanya fitur-fitur pinjaman seperti DANA CICIL & DANA INSTAN TOLONG TAMBAHIN LAGI DONG LIMIT DANA INSTAN NYA 🙏🙏🙏",5,2026-04-22 09:47:56,Positif
aplikasi yang sangat mudah buat transaksi,5,2026-04-22 09:36:06,Positif
"sangat puas dengan aplikasi nya, tapi gak bisa pakai dana cicil",5,2026-04-22 09:36:00,Positif
cepat,5,2026-04-22 09:35:57,Positif
akhir akhir ini meng ngecewakan dana limit di lunasi sebelum jatuh tempo hanya terpakai 2x aja seterusnya masih blm bisa kepakai ngapain juga kasih dana cicil gak guna.. bukanya naik limitnya malah ini gak bisa kepakai sama sekali,2,2026-04-22 09:35:37,Negatif
"hai dana aku. suka sih Ama apk nya bisa TF uang dan dll tapi keluhan ku di sini knp ya uang yg di tf suka tiba tiba kekuras sendiri yg awalnya 200 ribu jadi 100 ribu ih kesel bet sumpah , trs aku juga pas mau top up pake dana itu kan harga topupnya lumayan murah awalnya 38 saldo ku top up 9 ribu jdi kan 38 di kurg 9, 29 itu sisanya, nah tiba tiba dana ku jdi 23 nah tiba tiba lagi jdi 14 ribu Sumpah aneh bet heran pdhl itu uang sisa ku buat jajan 😔",4,2026-04-22 09:33:33,Positif
ok,5,2026-04-22 09:30:45,Positif
ngga bisa masuk pake data harus pake wifi,1,2026-04-22 09:27:49,Negatif
gangguan Mulu dana abis nya dana di pake buat slot,1,2026-04-22 09:22:29,Negatif
bagus,5,2026-04-22 09:19:54,Positif
donwload qris dari dana bisnis gak bisa malah ke pengaturan aplikasi mulu,3,2026-04-22 09:17:40,Netral
keren,5,2026-04-22 09:17:40,Positif
ok,5,2026-04-22 09:12:39,Positif
ok,5,2026-04-22 09:12:18,Positif
bagus,5,2026-04-22 09:12:03,Positif
perbarui dana cicil,1,2026-04-22 09:10:42,Negatif
oke,5,2026-04-22 09:10:41,Positif
untuk dana cicil kok tidak bisa di gunakan ya... padahal limit ada 150000..tolong jelaskan min 🙏,4,2026-04-22 09:08:57,Positif
Hai Play Store & Hai DANA. apakah Playstore Ku Sudah Nyambung Ke DANA. yah ? sebab Aku Suka Juga BERMAIN GAME YANG ACTIVE. dapat CASH REELS MONEY. nya saat ini Aku Sedang Bermain GAME Terima kasih,5,2026-04-22 09:00:07,Positif
tolong dana saya 6 juta di kembalikan di mana etika bosnya ini 6 juta emng kecil buat kalian tapi 6 juta buat kamu itu banyak sekali setiap update aplikasi ini saya tetap bakal buat laporan sperti ini trimakasih laporan di cs ngga nyambung,1,2026-04-22 08:57:15,Negatif
"luar biasa loh aplikasi dana saya sering pake dana, mohon maaf ibu bapa yang saya hormati kenapah sya gagal aktifkan dana cicilan tolong bantuan limit nya muncul saya sudah sangat kecewa sama dana kurang bagus",1,2026-04-22 08:57:09,Negatif
mantap,5,2026-04-22 08:56:56,Positif
aman,5,2026-04-22 08:54:53,Positif
"syh gak bisa buka Dana karna Kartu syh Hilang, tolong dong ferivikasi nya cukup Wajah sajah",5,2026-04-22 08:50:32,Positif
tess dulu,5,2026-04-22 08:47:20,Positif
Mantap,1,2026-04-22 08:44:50,Negatif
bagus,5,2026-04-22 08:43:51,Positif
pihak dana atau karyawan nya sendiri udah mulai rakus mau komplain juga percuma hehe,1,2026-04-22 08:43:03,Negatif
dana instan tidak bisa di cairkan,2,2026-04-22 08:42:53,Negatif
gacor,5,2026-04-22 08:42:48,Positif
terimakasih.... atas segalanya.... sukses selalu untuk kita semua... 💯💯💯,5,2026-04-22 08:41:48,Positif
josssss,5,2026-04-22 08:40:46,Positif
ya lumayan lah,5,2026-04-22 08:40:35,Positif
kenapa dana cicil tidak muncul?,1,2026-04-22 08:34:37,Negatif
bagus,5,2026-04-22 08:33:54,Positif
"aneh banget, pas ada duit di dana tiba2 lgsg kepotong . ktnya langganan di google . giliran gk ada duit nya gk ada pemberitahuan begitu . mana customer service nya robot bukan orng aneh jelk bgt dana",1,2026-04-22 08:32:42,Negatif
aplikasi yang sangat membantu,5,2026-04-22 08:29:09,Positif
"baru buka dana saldo sudah hilang ludes.saya cek di pesan ada transaksi atas nama seven bank jago.di dana saya tidak ada nama diatas tiba"" saldo ludess sudah lapor tidak direspon tolong ya atas nama diatas dikembalikan",1,2026-04-22 08:26:09,Negatif
"banyak nya peretas akun dana,, saya sudah kecolongan uang di dana",2,2026-04-22 08:19:14,Negatif
keren aplikasi mantafff,5,2026-04-22 08:08:56,Positif
Saldo kepotong tiba² padahal gaka da langgganan apa²!!!,1,2026-04-22 08:05:01,Negatif
"Mengecewakan pelayanannya. Hp dan nomor lama hilang tidak bisa masuk akun dana lagi. pengajuan ganti nomor ribet dan selalu gagal. Transfer akun dari nomor hilang ke yang baru tidak bisa di lakukan, alasan ada aset aktif. Justru itu minta penggantian akun karena ada isinya. kebayang kalo di dalamnya ada 3 triliun. pas minta transfer akun gak bisa. dimakan tuh sepertinya ama mereka. data padahal lengkap, scan muka juga lolos. alasan ada aset aktif, jadi gak bisa. keren banget uang panasnya",1,2026-04-22 08:04:37,Negatif
"uang saya 93ribu hilang tiba"" padahal saya tidak pernah melakukan pembayaran tersebut,saya merasa rugii,saya juga sudah meminta refund tetapi di tolak",1,2026-04-22 08:01:29,Negatif
gampang buat teransaksi,4,2026-04-22 07:59:10,Positif
saya udah 3tahu. pakek dana. tapi gak ada dana cicil di aplikasi saya,5,2026-04-22 07:57:10,Positif
Ini gimana si dana untuk keamanannya masa ada perangkat lain yang tidak di kenali masuk k akun dana saya dan saldo saya 4.2 juta lenyap tolong solusinya udah minta arahan ke asisten Diana gk ad juga pencerahan sedikitpun dan juga itu orang yang hack akun saya bukan cuma mengambil saldo dana saya tapi juga meminjam dana cicil ini gimana solusinya dana? saya udah lapor via email tapi GK ad solusi juga tolong pihak dana kasi solusinya jgan main cuci tangan aja apk kalian GK ad keamanaya sama sekali,1,2026-04-22 07:54:50,Negatif
ok,5,2026-04-22 07:50:37,Positif
saya mau jukan dana cicil,5,2026-04-22 07:46:26,Positif
good,5,2026-04-22 07:36:19,Positif
lama bngt anj,2,2026-04-22 07:34:11,Negatif
dana cicil tidak muncul,3,2026-04-22 07:32:30,Netral
bgaus,5,2026-04-22 07:32:20,Positif
tolong di hapus notifikasi ocean itu sangat sangat terganggu.,2,2026-04-22 07:32:09,Negatif
mempermudah pembayaran secara online.,5,2026-04-22 07:27:37,Positif
aplikasihnya agak leg pas saya mau afdet dana premium bukanya muncul gambarnya malah layarnya yng putih Uda hampir 6 jam gitu gitu aj padahal memori GK penuh jaringan pun lancar Tah apa masalahnya GK bisah afdet dana premium tolong dong diperbaiki dana premium nya,3,2026-04-22 07:25:34,Netral
kok gak bisa di liat saldo ny kok 0 saldo nyapencairan di rekening ada gak ada transaksi hari ini. padahal ada.,3,2026-04-22 07:25:12,Netral
"sumpah sangat membantu sekali fitur fitur di aplikasi ini, untuk bertransaksi sangat lah mudah no ribet ribet, dan adanya fitur dana cicil dana instan sangat lah membantu saat saat mendesak. semoga kedepannya ada via chat online bukan botchat diana lagi agar kita langsung terhubung dengan customer carenya.",5,2026-04-22 07:24:53,Positif
"mengecawakan banget aplikasi gak amanah saldo 10jt bisa kebobolan katanya yang premium di awasi ojk tapi bohong banget, setelah di konfirmasi pihak dana nya acuh",1,2026-04-22 07:24:31,Negatif
dana tidak bisa di hapus permanen,1,2026-04-22 07:23:01,Negatif
"aplikasi sangat jelek,, akun mudah di bobol orang,, akun saya habis di bobol 200k kakak aaya juga 850k raib di bobol orang",1,2026-04-22 07:19:45,Negatif
dana cicil,4,2026-04-22 07:17:56,Positif
mantap,5,2026-04-22 07:17:53,Positif
mantap,5,2026-04-22 07:16:56,Positif
"tidak amanah, beri bantuan minuss",1,2026-04-22 07:15:57,Negatif
Makin lama makin ga jelas ini aplikasi kadang keluar sendiri uang selalu ilang kadang ga jelas mau minta bantuan aja susah bener,1,2026-04-22 07:14:14,Negatif
sangat baik,5,2026-04-22 07:14:02,Positif
"ga amanah blas, duet 10jt hilang tanpa babibu",1,2026-04-22 07:11:45,Negatif
oke,5,2026-04-22 07:10:43,Positif
"bagus, tapi apa' serba pakai adm",4,2026-04-22 06:59:06,Positif
Kak kenapa di setiap melunasi semua cicilan dana cicil limit nya tidak bisa di gunakan kembali bahkan sudah 1 bulan lebih dana cicil tidak bisa d gunkann. kenapa kak padahal aku di setiap pinjam dana cicil selalu di lunasi lebih awal.. mohon bantuannya,5,2026-04-22 06:57:06,Positif
Memang terbaik,5,2026-04-22 06:55:11,Positif
sekarang dana susah login kalau udah ganti hp baru,5,2026-04-22 06:52:29,Positif
"aplikasi yang benar² membingungkan mau pindahin akun ke nomor lama gak bisa karena harus otp,bisa tapi harus ngosongin saldo gimana ceritanya ngosongin saldo tapi ktp udah dipakai diakun lama,hubungi CS sama aja ngak membantu sama sekali dan di akun lama itu masih ada sedikit uang🥲🥲",1,2026-04-22 06:50:42,Negatif
mantap,3,2026-04-22 06:47:38,Netral
awal awal nya aplikasi ini bagus dan terpercaya tapi kenapa sekarang malah jadi tidak bisa dipercaya uang yang didana saya masih ada tapi apk nya tidak bisa dibuka dan tidak bisa dipakai lagi nomor dana yang biasa mau diganti pun ke nomor baru tetap saja tidak bisa dibuka aplikasi ini PEMBOHONG DAN PENGAMBIL UANG ORANG DIAKUN DANA ‼️‼️‼️‼️,1,2026-04-22 06:46:41,Negatif
sangat buruk,4,2026-04-22 06:46:06,Positif
mau aktif dana cicil di fitur dana,5,2026-04-22 06:45:21,Positif
oke,5,2026-04-22 06:39:08,Positif
mantap,5,2026-04-22 06:29:17,Positif
setuju bagus,5,2026-04-22 06:27:47,Positif
kenapa aktipasi dana cicil harus nunggu 5 hari padahal udah bener hadeh,2,2026-04-22 06:26:45,Negatif
Sy sangat membutuh kan aplk ini,5,2026-04-22 06:23:59,Positif
niat hati mau dipakai buat transaksi jualan ehh malah ngak bisa di tarik uangnya. buat yg lain lebih baik pakai qris bank aja deh asli ngak ribet dan nasib seperti saya ini. entah uang harus diikhlaskan atau gak bingung saya,1,2026-04-22 06:21:25,Negatif
sangat membantu👍🏻👍🏻,5,2026-04-22 06:20:06,Positif
duek ku balek no,1,2026-04-22 06:19:52,Negatif
sangat membantu skali,5,2026-04-22 06:17:07,Positif
mantap,5,2026-04-22 06:16:07,Positif
sangat bagus,5,2026-04-22 06:14:43,Positif
Joss gandos dana,5,2026-04-22 06:14:07,Positif
"nunggu di proses 2hari daftar dacil ujung""nya malah gk bisa,padahal udah lebih dari 7thn transaksi pke dana,dasar apk gk jelas",1,2026-04-22 06:12:28,Negatif
aplikasi ini sangat bagus 👍,5,2026-04-22 06:05:58,Positif
good,5,2026-04-22 06:05:01,Positif
saya suka aplikasi ini sangat membantu,5,2026-04-22 06:01:45,Positif
terima kasih sahabat ku semuanya,5,2026-04-22 06:01:22,Positif
Kenapa ga bisa di Install.. padahal sudah Update... Sekarang ribet banget... Hubungi Call center nya lama respon nya.. sampai pulsa habis... Tolong segera diperbaiki..,5,2026-04-22 05:59:49,Positif
"wrong password, padahal belum pernah ganti",4,2026-04-22 05:56:29,Positif
sangat bgus,5,2026-04-22 05:50:54,Positif
aplikasi suka log out sndri saat digunakan,1,2026-04-22 05:48:17,Negatif
kenapa da saya gak ada dana cicilannya,1,2026-04-22 05:47:42,Negatif
mantap,5,2026-04-22 05:47:33,Positif
mantap aplikasi dana cepat jaminan,5,2026-04-22 05:44:11,Positif
bagus,5,2026-04-22 05:43:18,Positif
gimana akun saya ko Masi belom Adah dana cicil nya mohon di bantu,5,2026-04-22 05:42:47,Positif
oke,5,2026-04-22 05:40:15,Positif
jadi lebih baik.,5,2026-04-22 05:33:52,Positif
puas,5,2026-04-22 05:32:18,Positif
hampir tiap minggu Update melulu kerjaan coba sekalian,2,2026-04-22 05:31:42,Negatif
sangat membantu untuk segala jenis transaksi,5,2026-04-22 05:24:11,Positif
mntap,1,2026-04-22 05:23:56,Negatif
aplikasinya bagus cuman fitur dana cicil nya ngaa di bukak,5,2026-04-22 05:20:28,Positif
good,5,2026-04-22 05:15:40,Positif
sangat membantu,5,2026-04-22 05:15:06,Positif
saya bingung kenapa saya sudah gak bisa pakai lagi menu REKAN DANA PADAHAL SELAMA INI BISA.. SUDAH RESET UN INSTAL ULANG APLIKASI DANA TETAP SAJA GAK BISA. SUDAH LAPOR JAWABANNYA ITU2 AJA.. GAK ADA SOLUSINYA.. BINGUNG HARUS LAPOR KEMANA LAGI😪😪😪,5,2026-04-22 05:11:04,Positif
infomarsi dana cicil kapan bisa digunakan dan dana instan juga gak bisa di buka,5,2026-04-22 05:10:27,Positif
bagus,1,2026-04-22 05:09:09,Negatif
tolong perbaiki fitur penarikan dana goals lah saya gabisa narik malah ngestuck,3,2026-04-22 05:07:15,Netral
aplikasi nya sudah bagus tapi masih ada kendala dimana saya belum mempunyai fitur dana cicil pedahal saya pengguna lama dan terkadang saat menggunakan fitur qris gagal terus,4,2026-04-22 05:05:41,Positif
mantap,5,2026-04-22 05:03:02,Positif
"sejauh ini sudah bagus untuk aplikasi dana ada fitur dana cicil dan dana instan,cuma yang menjadi permasalahan saya pribadi..bunyi notifikasi nya lebih bagus yang pertama dari pada bunyi notifikasi yang sekarang.. kalo bisa di perbaiki aja seperti semula sekian dan terimakasih",5,2026-04-22 05:02:42,Positif
"Qadarallah, Hilang 500 rupiah perharinya. Sadarnya ketika saldo saya genap. Karna baru top up 250rb hari pertama kurang 500, hari kedua berkurang lagi 500. Nampaknya kecil, namun kalau setiap hari gak sadar namanyakan pencurian. Saya tidak ada mengklik ataupun mengaktifkan apapun. Biasnaya saya tidak pernah cek saldo karna memang anggaknya kadang tidak genap juga makannya gak ngeh. Padahal sudah bertahun tahun pakai DANA ini. Semoga bisa lebih baik lagi.",1,2026-04-22 04:56:51,Negatif
aplikasi nya bagus,5,2026-04-22 04:49:24,Positif
transaksi lancar tapi sayang nya di akun saya tidak ada dana cicil nya,1,2026-04-22 04:44:38,Negatif
Yoba dulu,3,2026-04-22 04:41:11,Netral
ok,5,2026-04-22 04:40:26,Positif
bailk,5,2026-04-22 04:39:09,Positif
ini gimana sih. udah update premium tapi masih belum bisa transfer ke bank lain.,4,2026-04-22 04:34:07,Positif
bagus,5,2026-04-22 04:26:26,Positif
seharusnya beri dana paylater untuk bentuk sebagai nasabah yang sudah berangasur lama dan menggunakan aplikasi dana...dan tolong keamanannya segera di perketat mosok aku gada tagihan kok malah hilang saldonya gampang dibobol,4,2026-04-22 04:23:52,Positif
sbnrnya rada ragu mau download lgi... soalnya di tempatku dana banyak yg kebobolan .. katanya udh ga kerjasama sama ojk lagi apa iya??,3,2026-04-22 04:23:25,Netral
"Dana Dompet Digital, sangat mewakili pembayaran kaula muda. mempermudah uang digital",5,2026-04-22 04:19:45,Positif
bagus,5,2026-04-22 04:17:50,Positif
good,5,2026-04-22 04:11:44,Positif
sangat gila,4,2026-04-22 04:08:50,Positif
mantap,5,2026-04-22 04:06:00,Positif
dana cicil saya ga bisa di aktifkan,5,2026-04-22 03:55:38,Positif
bagus,1,2026-04-22 03:51:58,Negatif
tolon di aktip la dana peleter saya,1,2026-04-22 03:51:56,Negatif
smartpay parah...knapa harus otomatis saya di telpon setiap hari kaya utang aja...sangat mengganggu,5,2026-04-22 03:51:50,Positif
"uang Gw tiba"" ilang bangke lah padahal gak di pake apa apa baru kali ini kecewa bet sama apk ini",1,2026-04-22 03:51:41,Negatif
dana instan belum ada,5,2026-04-22 03:45:56,Positif
bagai mana cara munculkan dana cicil,3,2026-04-22 03:42:57,Netral
ok,5,2026-04-22 03:42:26,Positif
ok banget,5,2026-04-22 03:40:55,Positif
sangat cocok dan membantu dalam dompet keuangan massa kini,5,2026-04-22 03:39:41,Positif
"mending yg pakai dana uninstal aja pelayanan buruk eror, mending gausah dipakai. dana cicil gabisa dipakai, ngapain ada saldo dana cicil tapi gabisa dipakai tir mikir!",1,2026-04-22 03:39:28,Negatif
bagus,5,2026-04-22 03:39:07,Positif
saya tarik saldo fizzo ke dana hari Sabtu 18 April 2026 dan sudah dilaporkan ke customer care saldo belum masuk sampai sekarang belum ada solusi.. sangat mengecewakan.. kayaknya pakai gopay lebih baik kali y,1,2026-04-22 03:30:50,Negatif
aplikasi nya mantap cmn penarikanya kurang bagus,3,2026-04-22 03:29:21,Netral
karena jelek tidak ada gratis uang,5,2026-04-22 03:29:10,Positif
sangat terbantu pake aplikasi ini,5,2026-04-22 03:28:32,Positif
kacau udah bertahun tahun pake dana transaksi setiap saat tapi piltur dana cicil nya belum muncul juga sementara yang baru punya dana udah muncul kecewa sama pelayanan dana,1,2026-04-22 03:27:53,Negatif
sangat membantu transaksi saya,5,2026-04-22 03:27:22,Positif
bagus,5,2026-04-22 03:27:02,Positif
mau upgrade malah di bilang KTP editan emang aplikasi gak guna,1,2026-04-22 03:23:02,Negatif
iklan sangat mengganggu,1,2026-04-22 03:22:29,Negatif
kenapa akun dana saya sudah masuk terhenti dan keluar ?,1,2026-04-22 03:20:15,Negatif
Bantu akunnku untuk Yg terbaik boss,5,2026-04-22 03:18:49,Positif
aplikasinya sangat bagus,5,2026-04-22 03:18:29,Positif
lumayan,5,2026-04-22 03:18:09,Positif
sangat bagus,5,2026-04-22 03:14:04,Positif
ini dana ko ngk bisa ke buka knp ya sebelumnya msih aman² aja udh 2 hari sya coba lagi tetep ngk bisa.keluar ke beranda trss apa lgi eror?,1,2026-04-22 03:13:47,Negatif
blum muncul Dana cicil,5,2026-04-22 03:12:19,Positif
kenapa tidak bisa kalo mau buat premium,1,2026-04-22 03:11:51,Negatif
bintang satu ajah karna fitur dana cicil saya tidak muncul padahal akun dana sudah premium dan selalu aktiv berteransaksi...,1,2026-04-22 03:11:27,Negatif
aplikasih bagus bisa buat top up game,5,2026-04-22 03:11:14,Positif
baik,5,2026-04-22 03:10:05,Positif
sangat membantu,5,2026-04-22 03:00:38,Positif
gak bisa login mohon pihK dana di perbaiki,5,2026-04-22 02:59:36,Positif
aplikasi cacat,1,2026-04-22 02:56:25,Negatif
"kenapa saya masih belom ada fitur dana cicil yaah,,padahal saya sudah hampir 5tahun pakai aplikasi ini.",5,2026-04-22 02:55:07,Positif
trima kasih,5,2026-04-22 02:46:52,Positif
"Kenapa sekarang dana jadi lemot bget sih ? mau buka menu dana emas, dana bisnis lelet bgt plislah benerin, kalau perlu tingkatin gaji it nya 😌🙏",3,2026-04-22 02:44:21,Netral
mantap,5,2026-04-22 02:43:04,Positif
sangat baik,4,2026-04-22 02:39:30,Positif
ok,5,2026-04-22 02:33:29,Positif
"saya dh bertahun tahun pake dana kok blum ad dpat dana instannya dan dana cicil saya ngak naik2 limit ny,padahal saya bayar trus..mohon dibantu boss..teman2 saya dpat dana instan di dana ny..saya ngak dapat2 mohon di bantu ..makasih",5,2026-04-22 02:32:58,Positif
tolong aktifkan dana cicil ku,5,2026-04-22 02:32:42,Positif
Bagus,5,2026-04-22 02:29:52,Positif
"gak jelas amat, bayar hutang dana cicil lebih cepat malah di ban akun nya. ngamplong nih aplikasi.",1,2026-04-22 02:24:05,Negatif
teri makasu,5,2026-04-22 02:24:04,Positif
dana cicil saya kok belum muncul kak,5,2026-04-22 02:21:57,Positif
lebih mudah Dan lancar,5,2026-04-22 02:18:50,Positif
"lama kali ah proses qris aja padahal, dah 4 bulan lebih kutungguin nggak juga jadi. disuruh nunggu 7 hari 4 hari tapi gajadi jadi. data semua okee padahal, pada kerja apa nggak si orang dana ni",1,2026-04-22 02:18:27,Negatif
assalamualaikum izin nanya saya pengguna lama tapi knpa saya dana payleter saya ga muncul ia tolong donk di bantu...,5,2026-04-22 02:14:18,Positif
keamanan sangat rendah uang saya 500 RB lenyap dibajak orang padahal saya udah premium pake kode otp lagi tapi Masih bisa dibajak orang lain,1,2026-04-22 02:11:45,Negatif
"Fitur Dana Cicil Saya Kok Ga Ada Yaa , Padahal Dana Sudah Premium Dan Sudah Aktif DANA+",4,2026-04-22 02:07:10,Positif
Dibantu login ke akun saya,4,2026-04-22 02:04:23,Positif
transaksi uang masuk kena biaya 1000. sehari 50x transaksi masuk udh habis 50rb. makin parah aja !!!,1,2026-04-22 01:54:08,Negatif
saya kasih bintang 5 karena respon cepat menutupi keluhan usernya. Semoga seterusnya danasemakinsukses dan terus bisa membantu kelancaran financial usernya,5,2026-04-22 01:53:36,Positif
"Saya Memberikan 3⭐ Karena Selama Saya Menggunakan APK DANA Sampai Saat INI Belum Bisa Menggunakan Fitur DANA CICIL,..",3,2026-04-22 01:53:30,Netral
Keren Lah Dompet Digital Yang Tidak pernah memotong Transferan.. TRANSFER GRATIS KE SEMUANYA,5,2026-04-22 01:50:12,Positif
mantap,5,2026-04-22 01:47:42,Positif
"sejauh ini aplikasi berfungsi dengan baik, aku nyimpen uang di dana sampe 1th pun nominal tidak berubah dan tidak hilang. tapi tadi malam kecewa karna top up gopay lewat dana sampe sekarang saldo belum masuk. dimana letak permasalahan nya ya? karna nomer tujuan sudah benar, sudah lapor ke cs juga. mohon segera diproses refund nya karna uang itu jumlah nya tidak sedikit terima kasih",5,2026-04-22 01:45:59,Positif
"cara hapus akun lama yang tidak bisa di akses bagaimana,? customer service juga tidak ada buruk",1,2026-04-22 01:45:45,Negatif
kecewa banget sama dana udah pakai lama tapi di php in ada fitur dana instan dulu pertama kali pakai bisa sekarang sudah di lunasin tidak bisa di pakai lagi kalau gitu tau dari dulu gak ku pakai atau jangan di adakan fitur dana instan,1,2026-04-22 01:39:55,Negatif
kalau nomer dana tidak aktif gimana min masuk dana nya?,4,2026-04-22 01:37:47,Positif
"pengalaman yang sangat baik tapi tolong min ini kan keamanan saya udh 100% premium tapi kok ada yang mencoba masuk min, tolong dong solusinya min soalnya jadi takut nyimpen uang di dana kalo ada notif kyk begitu, soalnya dulu pernah ilang langsung uang di aplikasi dana Saya, bukan masalah saldo nya min tapi masalah keamanannya tolong min di perkuat lagi kalo masalah saldo saya sudah ikhlas tapi keamanan dari aplikasinya min soalnya dari kemarin dana saya ada notif, ada yang mencoba masuk.",5,2026-04-22 01:26:59,Positif
waw apl nya bagus buat menyimpan duit bisa buat top up game 100 si kalau pakai dana karna emang debest,5,2026-04-22 01:19:25,Positif
bagus banget sangat membantu,4,2026-04-22 01:13:54,Positif
"Isi indomaret card saldo ngak masuk, lapor ampe capek dan emosi tp tangapanya buruk. 👎👎👎",5,2026-04-22 01:08:57,Positif
ok,5,2026-04-22 01:05:01,Positif
sangat puas,5,2026-04-22 01:02:06,Positif
"aplikasi eror keluar terus, mau transaksi pembayaran jadi susah..maff turun bintang",1,2026-04-22 00:51:05,Negatif
kenapa dana sya g ada dana cicil nya y,5,2026-04-22 00:49:30,Positif
aplikasi yang saya sukai,5,2026-04-22 00:48:44,Positif
"kenapa akun dana sy bisa terkunci ya,dan gmn cara masuk nya lagi🙏😥",5,2026-04-22 00:45:40,Positif
"beliau kira aku ga melakukan transaksi apa? alasannya, ""yah, sistem kami sedang ramai nih. Coba lagi dalam beberapa menit, ya"" apala dah dari 2 hari aku tunggu masih sama. kadang malah ""sedang banyak yang bertransaksi"" aneh emang! perbaiki dong developer.",5,2026-04-22 00:45:17,Positif
sangat bagus sekali untuk buat kepentingan,5,2026-04-22 00:43:35,Positif
good,5,2026-04-22 00:42:46,Positif
"gausah deh nyimpen uang di dana, suka terpotong otomatis ntah itu admin atau lainnya cs bot, tidak menyelesaikan masalah saldo hilang tanpa riwayat kemana uang tsb hilang potongan langganan yang double, padahal di apl langganan tsb hanya 1 pembayaran tolong tingkat kan ya!",1,2026-04-22 00:41:59,Negatif
saya kesulitan dalam mengaktifkan DANA CICIL,5,2026-04-22 00:39:34,Positif
bagus abis,5,2026-04-22 00:39:22,Positif
kurang puas belum ada notifikasi dana cicil nya ..,4,2026-04-22 00:36:54,Positif
bagus sangat,5,2026-04-22 00:25:22,Positif
agak kpntol tapi oke,5,2026-04-22 00:13:46,Positif
halo mimin kenapa untuk pilihan propinsinya malah gak ada untuk kota makassar buruk sekali,1,2026-04-22 00:09:45,Negatif
"tidak ada perubahan.sudah update tp gk muncul dana cicilan, 🙏",1,2026-04-22 00:00:09,Negatif
Kualitas baik dan terpercaya,5,2026-04-21 23:58:15,Positif
sangat baik,5,2026-04-21 23:44:11,Positif
"bagus ,akhir2 ini tak bisa saya gunakan,dengan alasan keamanan,lalu bagaimana mna ini?",2,2026-04-21 23:43:56,Negatif
"Banyakk Scam dan saya kena tipu,,pihak dana nya slow responnn",1,2026-04-21 23:40:39,Negatif
tidak puas Karena saya tidak ada dana cicil nya,1,2026-04-21 23:40:08,Negatif
lemotttttttt,2,2026-04-21 23:37:15,Negatif
"aneh di tempat hadiah harian belum aja 7 hati udah reset ke hati pertama, itu sebenarnya sistemnya gimana gak jelas banget, tolong perbaiki sebelum ratingnya turun drastis",1,2026-04-21 23:33:33,Negatif
katanya dana ulangtahun bagi² 500rb udah di sher malah suruh main slot mending jangan donlot apk dana uang gua juga sering hilang pliss jangan donlot nanti nyesel 🙏,1,2026-04-21 23:32:58,Negatif
"saya beli token pelanggan lama bnr berhasil nya harus 3 kali nunggu,pertama 3 menit,kdua 3 menit,ktiga harus nunggu 9 menit,ga worthit ni kalo gangguan gini",1,2026-04-21 23:32:17,Negatif
sangat memuaskan,5,2026-04-21 23:31:49,Positif
ok,5,2026-04-21 23:26:19,Positif
good,5,2026-04-21 23:23:52,Positif
"jelek banget, uang hilang membayar apk padahal kita ga mau, pokoknya jelek",1,2026-04-21 23:19:59,Negatif
"terimakasih gak kerasa hampir 5tahun sudah menggunakan dana, selama menggunakan dana tidak pernah mengalami gangguan mau kehilangan saldo",5,2026-04-21 23:19:23,Positif
bagus,5,2026-04-21 23:12:50,Positif
Koin harian nya yang gratis lebihin..hehe,5,2026-04-21 23:11:27,Positif
bagus,5,2026-04-21 22:57:06,Positif
Gooooooddd,5,2026-04-21 22:45:28,Positif
saya sangat suka tapi gak bisa aktif kan tolongin dong,5,2026-04-21 22:43:50,Positif
nice,5,2026-04-21 22:38:32,Positif
BISMILLAH,5,2026-04-21 22:18:26,Positif
cara aktifkan dana cicil,4,2026-04-21 22:11:23,Positif
ok,5,2026-04-21 21:48:18,Positif
"kenpa punya saya tidak ada fitur dana cicil nya,, tolong diaktifkan di akun saya",1,2026-04-21 21:48:06,Negatif
bagus,5,2026-04-21 21:44:33,Positif
aplikasi dana susah di install,5,2026-04-21 21:24:59,Positif
tolong min kenapa dana cicil saya ngk muncul,5,2026-04-21 21:22:49,Positif
memunculkan fitur dana cicil,5,2026-04-21 21:07:41,Positif
ok bngt,5,2026-04-21 21:03:28,Positif
mantap gan bagus sekali,5,2026-04-21 21:01:59,Positif
wah aplikasi DANA ini layanan nya sayang senang dan mudah,5,2026-04-21 20:43:09,Positif
good,5,2026-04-21 20:42:03,Positif
mantap,5,2026-04-21 20:36:52,Positif
Limit dana cicil saya tidak bisa digunakan (sedang tidak tersedia) tolong dong gmna si,1,2026-04-21 20:19:55,Negatif
bagus,5,2026-04-21 20:19:36,Positif
akun dana saya tidak bisa dibuka pasword karena alasan.mohon penjelasannya agar bisa dibuka,3,2026-04-21 20:02:39,Netral
saya sudah bertahun tahun pake dana belom ada jug fitur dana cicil,2,2026-04-21 19:57:09,Negatif
sangat mudah di gunakan dan banyak promosi...,5,2026-04-21 19:54:31,Positif
makin lama makin gak jelas beli data sekali bayar 2 kali potongan saldo makin gak jelas banget lama lama bikin kecewa,1,2026-04-21 19:49:46,Negatif
sangat bagus dana,5,2026-04-21 19:47:30,Positif
semoga fitur dana cicil sya timbul,5,2026-04-21 19:46:30,Positif
mantap dana,5,2026-04-21 19:38:49,Positif
bagus,5,2026-04-21 19:36:35,Positif
Maaf sy mao tanya tolong di bantu kenapa di hp sy selalu gagal downloet Dana tolong di proses... Trmksh,5,2026-04-21 19:35:36,Positif
sangat membantu,5,2026-04-21 19:34:22,Positif
percuma punya limit dana cicil gabisa di gunain tutup aja tutup,1,2026-04-21 19:33:17,Negatif
mantap,5,2026-04-21 19:26:38,Positif
bagus,5,2026-04-21 19:14:20,Positif
mau masuk malah gabisa muncul pas key terus padahal pin benar tolong lah dana diperbaiki lagi,4,2026-04-21 19:06:45,Positif
"pihak dana tidak bisa menjamin keamanan uang yg ada di dalam dana, karna uang saya bisa hilang di dana tanpa konfirmasi pasword dari kita. dan pihak dana lepas tanggung jawab",1,2026-04-21 19:06:22,Negatif
bagus,5,2026-04-21 19:04:09,Positif
dana mantap mempermudah urusan,5,2026-04-21 19:00:57,Positif
good job,5,2026-04-21 18:57:49,Positif
sangat membantu,5,2026-04-21 18:56:49,Positif
jempolll,5,2026-04-21 18:56:34,Positif
dana cicil nya gx muncul muncul,5,2026-04-21 18:48:31,Positif
senang,5,2026-04-21 18:41:12,Positif
mantap,5,2026-04-21 18:38:23,Positif
bagus,5,2026-04-21 18:26:43,Positif
ok,5,2026-04-21 18:24:57,Positif
dana cicil saya tidak muncul muncul,4,2026-04-21 18:19:22,Positif
bagus,5,2026-04-21 18:18:45,Positif
ok,1,2026-04-21 18:17:13,Negatif
sangat puas,5,2026-04-21 18:13:12,Positif
bagus,5,2026-04-21 18:11:12,Positif
nice,5,2026-04-21 18:09:25,Positif
dana rekomendasi banhet,5,2026-04-21 18:09:23,Positif
kalo ada dana pinjam kenapa gak bisa di pake mohon di perbaiki kembali...kalo gak bisa di pake mending ilangin aja,2,2026-04-21 18:04:15,Negatif
layanan terbaik sepanjang masa bersama DANA,5,2026-04-21 18:02:07,Positif
"RUWET... buat akun baru harus upgrade ke premium biar bisa kirim saldo sedangkan status premium masih nyantol di akun lama. Di akun yang lama nomer yang terdaftar sudah tidak aktif, sedangkan untuk verifikasi login menggunakan nomer tersebut.",1,2026-04-21 17:59:28,Negatif
sangat baik sekali,5,2026-04-21 17:59:02,Positif
udah masukin data semua buat premium tapi masih sama aja di suruh nungguin mana lama banget prosas proses tulis an nya apk jelek,1,2026-04-21 17:57:45,Negatif
mantap,5,2026-04-21 17:50:50,Positif
bagus gak ada bandingan nya 👍👍😎😎,5,2026-04-21 17:49:14,Positif
"transaksinya Tampa ribet cepat, cuman knapa dana cicil sya blum ada di menu padahal sya pengguna lama dan akun sya sudah premium, itu aja kendala nya satu, yang lain semuanya mantapp",5,2026-04-21 17:43:18,Positif
siip,5,2026-04-21 17:36:58,Positif
ok,5,2026-04-21 17:35:28,Positif
"APLIKASI SAMPAH,TANPA IJIN SALDO TERPOTONG 👎👎👎👎👎👎👎👎",1,2026-04-21 17:33:06,Negatif
dana cicil,5,2026-04-21 17:32:20,Positif
Terimakasih,5,2026-04-21 17:32:17,Positif
ADA APK DANA CICILAN TAPI NGAK BISA DI GUNAKAN BUAT APA ADA DANA CICILAN DI APK DANA.. BINTANG BERBICARA,1,2026-04-21 17:31:16,Negatif
bagus,5,2026-04-21 17:29:56,Positif
tak ada dana cicil,5,2026-04-21 17:26:34,Positif
Biar bisa simpan uang dan keprluan yg lain,1,2026-04-21 17:13:19,Negatif
bagus,5,2026-04-21 17:08:07,Positif
bagus,5,2026-04-21 17:07:30,Positif
sangat baik,5,2026-04-21 17:06:02,Positif
"kaga jelas apk nya,isi saldo notifnya masuk saldonya kaga dah dua kali di waktu yang sama,minta bantuan kaga jelas malah suruh periksa jaringan kocak emang.mending jangan pake ni apk,rada rada",1,2026-04-21 17:02:26,Negatif
semoga bisa z gunakan lagi,5,2026-04-21 17:01:44,Positif
"dana cicil tidak bisa di gunakan,padahal limit gede hapus saja fitur dana cicil",4,2026-04-21 17:00:58,Positif
mantap dana cicil ny tapi bermasalah,5,2026-04-21 16:59:22,Positif
"yang lain bisa dana cicil, kenapa saya ngak bisa, pilikasih, kalau begini apa hebat nya dana",5,2026-04-21 16:58:49,Positif
dana sangat membantu,4,2026-04-21 16:57:15,Positif
kenapa dana saya tidak berfungsi dan tidak bisa di buka,4,2026-04-21 16:54:37,Positif
ok,5,2026-04-21 16:54:16,Positif
Puas,5,2026-04-21 16:53:22,Positif
akun dana sudah bertahun-tahun digunakan sebagai transaksi. tapi fitur tidak lengkap di akun dana yang saya gunakan. aplikasi yang tidak bermanfaat. otw uninstal,1,2026-04-21 16:52:31,Negatif
top,5,2026-04-21 16:48:01,Positif
good,5,2026-04-21 16:46:10,Positif
lumayan lah...,3,2026-04-21 16:45:08,Netral
ok,5,2026-04-21 16:44:25,Positif
bagus,5,2026-04-21 16:43:56,Positif
baik,5,2026-04-21 16:39:56,Positif
fitur untuk hapus akun susah dipahami,2,2026-04-21 16:39:01,Negatif
puass,5,2026-04-21 16:37:11,Positif
akun q terkunci,3,2026-04-21 16:35:52,Netral
maaf saya kurangi karna dana cicil saya ga bisa di aktivasi,3,2026-04-21 16:31:54,Netral
mantul,5,2026-04-21 16:30:58,Positif
susah buat premium,5,2026-04-21 16:29:16,Positif
sangat keren,5,2026-04-21 16:23:42,Positif
aplikasi dana sampah selalu berubah trus persyaratan bila ada keluhan,1,2026-04-21 16:17:33,Negatif
sangat puas,5,2026-04-21 16:16:53,Positif
dana kinerja nya buruk,1,2026-04-21 16:16:20,Negatif
baguss,5,2026-04-21 16:14:00,Positif
mantap,5,2026-04-21 16:13:33,Positif
oke,3,2026-04-21 16:11:00,Netral
pengiriman cepat dan mudah,5,2026-04-21 16:10:54,Positif
sangat puas,4,2026-04-21 16:10:16,Positif
cukup mudah dan tidak berbelit Belit pencairan dan pemasukannya. Coba dari awal sy mendonwloadnya yah.,5,2026-04-21 16:04:14,Positif
lunayan lah buat transaksi tiap hari ini apk,5,2026-04-21 16:04:10,Positif
sangat mantap and transper ke mana aja jadi mudah good!!,5,2026-04-21 16:02:00,Positif
ok sip,5,2026-04-21 15:59:31,Positif
tong di ferifikasi kan dana saya bos,1,2026-04-21 15:58:59,Negatif
dana cicil saya g bisa,1,2026-04-21 15:58:51,Negatif
"udah di upgrade tapi gak mau padahal saldo ada 500k, kalu kirim masuk. tapi giliran mau narik gak bisa gak benar ni sumpah. 🤮",1,2026-04-21 15:55:11,Negatif
saya mengucapkan terimakasih,5,2026-04-21 15:54:33,Positif
saya ingin mengaktifkan fitur dana instan kak gimana,3,2026-04-21 15:52:03,Netral
Bagus,5,2026-04-21 15:49:49,Positif
sangat mantapppp.emang luar biasa saya sangat puass.,5,2026-04-21 15:48:39,Positif
sana cicil mah ketakutan gak di bayar baru telat beberapa hari dana cicil nya udahgak bisa dipakai padahal saya sudah lunasin ... payah ini mah,1,2026-04-21 15:43:14,Negatif
pembodohan.,1,2026-04-21 15:40:22,Negatif
sangat puas buat transaksi cepat,5,2026-04-21 15:38:10,Positif
sangat cocok,5,2026-04-21 15:37:17,Positif
terlalu banyak ngambil potongan setiap transaksi...jadi males pake ni apk,1,2026-04-21 15:31:38,Negatif
kenapa tidak bisa Upgrade dana beta,5,2026-04-21 15:30:39,Positif
sangat mudah transaksi,5,2026-04-21 15:28:49,Positif
setiap top up di potong 1000 dalam sehari 20x top up 20 rebu cepet kaya bos orang lain rugi bank besar juga gk kaya gini bos.. udah pemasukan gede dana cicil gk bisa parah sekalian aja bos sekali top up 5000..udah bayar top up nya juga udab di potongin gk ngerti gue sistem lo,1,2026-04-21 15:26:11,Negatif
"Tiap bulan transaksi nominal lumayan tapi fitur dana cicil belum tersedia,, Taik. haruss brapa nominal tiap bulan..?????",5,2026-04-21 15:25:44,Positif
mudah di gunakan,5,2026-04-21 15:25:13,Positif
👍,5,2026-04-21 15:24:26,Positif
kirim secepat kilat,5,2026-04-21 15:22:37,Positif
"tidak bisa untuk login ,harus mnggunakn kode seperti barcode ,sedangkan saya login mengunakan pin dan verifikasi wajah ,setelah berhasil ,selanjut harus menggunakan kode seperti barcode",1,2026-04-21 15:21:10,Negatif
luar biasa,5,2026-04-21 15:15:31,Positif
dana ini gk serius bikin fitur transaksi udah sering tapi limit dana gk kluar,1,2026-04-21 15:10:00,Negatif
ngadain dana cicil tapi gak bisa di pake gajelas,2,2026-04-21 15:06:23,Negatif
sangat membantu masyarakat,5,2026-04-21 15:06:13,Positif
best,5,2026-04-21 15:03:19,Positif
tolong proses dana cicil saya yang tidak tersedia,1,2026-04-21 15:01:00,Negatif
mengapa dana cicil saya tidak bisa di gunakan,5,2026-04-21 15:00:15,Positif
aman dan dpt di percaya,5,2026-04-21 14:58:31,Positif
mending jangan pke dana aja uang saya hilang,1,2026-04-21 14:54:59,Negatif
Alhamdulillah banyak manfaat dr DANA,4,2026-04-21 14:54:10,Positif
kenapa akun dana cicil saya tida bisa di gunakan lagi padahal saya suda melunasi tagihan dana cicil nya,3,2026-04-21 14:53:56,Netral
"aku mau bikin nomor dana baru, tapi malah nyambung ke nomor dana lama ku. aku udah lupa password nya😡",2,2026-04-21 14:53:43,Negatif
baguuuussss,5,2026-04-21 14:51:25,Positif
sekarang ada peningkatan yang signifikan... terima kasih DANA,5,2026-04-21 14:48:34,Positif
"apk nggk jelas,,nggk ada transaksi kok saldo hbs",1,2026-04-21 14:45:15,Negatif
Akan saya coba utk bertransaksi dg sebaik2nya,3,2026-04-21 14:41:20,Netral
knpa dana saya blum ada fitur dana cicil ya,4,2026-04-21 14:40:54,Positif
berguna sekali situs dana ini,2,2026-04-21 14:40:15,Negatif
mantap,5,2026-04-21 14:39:44,Positif
sangat membantu...,5,2026-04-21 14:37:44,Positif
bagus,5,2026-04-21 14:34:58,Positif
sangat puas,5,2026-04-21 14:33:30,Positif
Kak kenapa pinda aplikasi dana ke hanpon baru itu susah baget... Pas hanpon lama aplikasi dana uda d hapus lupa log out....padahal imel dan no wa aktif .....mohon bantuan donk kak. Agar aplikasi dana saya bisa d pakai d hp yg baru...sudah donwload aplikasi dana ikuti sarat betu masuk no dana yg trdaftar loding berkali2 gak bisa masuk.. Sinyal ok...mohon d bantu... Dan link sea bank sy bgtu donlond Msukan no hp lgsg aktif bisa d gunakan..,1,2026-04-21 14:32:55,Negatif
masih tahap proses aktivasi... Karena aktivitasi disetujui kasih bintang lima donk...😊,5,2026-04-21 14:32:29,Positif
tolong Kenapa akun dana ku sudah lama tapi tidak dapat dana cicil!,4,2026-04-21 14:31:30,Positif
dana sangat membatu tuk trasaksi apa pun tapi saat ini hp ini ga bisa donlod nya,5,2026-04-21 14:31:03,Positif
akun dana saya knpa error gk bisa d buka,1,2026-04-21 14:30:33,Negatif
"pengguna lama tapi dana cicil baru aja tampil eh ditolak,aneh kalah sama yang baru daftar ,gmn keadilannya,kecewa",1,2026-04-21 14:28:23,Negatif
min mohon perbaiki lagi ini uang ku kenapa hilang tiba² udah 2 kali selalu kepotong 40 kalo isi dana 100+ pasti kepotong,1,2026-04-21 14:25:46,Negatif
bagus,5,2026-04-21 14:25:25,Positif
knp sering ad potongan yg tidk di ketahui,5,2026-04-21 14:25:01,Positif
udah update tp masih GK muncul dana cicil nya,2,2026-04-21 14:24:39,Negatif
cirit ko,5,2026-04-21 14:19:11,Positif
kok bisa ilang uang ny pdahal baru lihat ada uang ny pas mau beli koata ilang uang ny,2,2026-04-21 14:16:59,Negatif
sangat baik,5,2026-04-21 14:14:54,Positif
sangat berguna,5,2026-04-21 14:14:45,Positif
sangat membantu dalam keuangan,5,2026-04-21 14:13:44,Positif
aplikasi ini sangat baikk,5,2026-04-21 14:12:10,Positif
"sangat bagus,",5,2026-04-21 14:07:39,Positif
ok,5,2026-04-21 14:05:59,Positif
kok gak bisa daftar dana cicil udah 3 bulan in,2,2026-04-21 14:05:59,Negatif
kok makin ga karuan.mau masuk akun harus fermuk dlu..ga da pilihan masuk akun dengan cara lain...kebetulan kamera depan lagi rusak jadi ga bisa fermuk tolong batuannya agar bisa masuk akun,1,2026-04-21 14:05:02,Negatif
bagus.. semua transaksi cepat dan mudah..,5,2026-04-21 14:03:02,Positif
"gimana ini, saya udah transaksi beli kuota , saat digunakan gk bisa, seperti gk ada kuota jelas jelas masih utuh 15gb , dan sinyal pun ada dan artinya dari transaksi itu, tolong lah kalau gini saya rugi dong, giliran coba beli kuota yang lain bisa apa ini",4,2026-04-21 14:02:03,Positif
tolong bantuin apk dana ada masalah,5,2026-04-21 14:01:20,Positif
sangat bermanfaat,5,2026-04-21 14:00:36,Positif
Bagus sekali,5,2026-04-21 13:59:38,Positif
sangat baik,5,2026-04-21 13:56:57,Positif
bagus,5,2026-04-21 13:56:23,Positif
ok,5,2026-04-21 13:54:48,Positif
sudah berapa tahun saya pake aplikasi dana sampai sekarang belom juga ada fitur dana cicil nya. apk dana emng bagus luarbiasa bisa transaksi kemana saja semua jenis bank dan ewalet,5,2026-04-21 13:49:55,Positif
knpa ga bsa dbuka apliksix,5,2026-04-21 13:46:45,Positif
akun dana saya ga ada tolong bisa muncul kan lagi akun dana saya. terima kasih,5,2026-04-21 13:44:35,Positif
ok,4,2026-04-21 13:43:12,Positif
saya mengunakan dana udah lama dan sering bertansaksi tapi limit dana cicil nya masih kosong 😁,3,2026-04-21 13:42:12,Netral
aman dan lancar,5,2026-04-21 13:40:38,Positif
4 tahun pake dana tapi ngga ada dana cicil nya payah,5,2026-04-21 13:38:53,Positif
buat apa ada dana cicil dan limit kalo slalu ga bisa di gunakan.aneh..padahal saya bayar lunas.mengecewakan,1,2026-04-21 13:36:17,Negatif
lama bnr,5,2026-04-21 13:36:16,Positif
ok 👌,5,2026-04-21 13:32:45,Positif
kenapa akun dana saya tida bisa mengunakan dana cicil lagi,5,2026-04-21 13:29:39,Positif
luar biasa,5,2026-04-21 13:28:56,Positif
josss,5,2026-04-21 13:28:27,Positif
"sering terjadi pembobolan akun, padahal tidak ada konfirmasi otp tapi masih saja uang hilang. sudah ke 3 kalinya dibobol dan sudah lapor tapi tetap aja uang tidak kembali",1,2026-04-21 13:26:54,Negatif
kenapa sisa saldo di dana recehan langsung hilang jadi nol kejadian sering dibawah 1000langsung nol.,1,2026-04-21 13:25:44,Negatif
bagus,3,2026-04-21 13:25:34,Netral
"saat transfer, saldo yg berkurang melebihi saldo yg keluar.. transfer 200k saldo yg terpotong 300k.. dan saldo sering hilang entah kemana tidak terlacak di history transaksi",1,2026-04-21 13:24:03,Negatif
saggat bagus,5,2026-04-21 13:22:42,Positif
ok,5,2026-04-21 13:20:55,Positif
lebih mudah,5,2026-04-21 13:19:18,Positif
kenapa apk dana ku kok gak bisa di instal,1,2026-04-21 13:12:36,Negatif
mantap,5,2026-04-21 13:11:52,Positif
kenapa tiba-tiba aplikasi berhenti kalo di buka,1,2026-04-21 13:10:32,Negatif
ka cara login tanpa kode otp gimana ka,1,2026-04-21 13:10:07,Negatif
saya baru satu kali gunakan dana cicil tapi sekarang tidak bisa di gunakan lagi kenapa,4,2026-04-21 13:09:52,Positif
apknya sangat bagus,5,2026-04-21 13:09:20,Positif
sangat membantu saya,5,2026-04-21 13:06:33,Positif
kenapa apkasi dana saya g ad dana cicil nya,4,2026-04-21 13:05:16,Positif
bagus,5,2026-04-21 13:04:38,Positif
harus ada tambahan pilihan nada notifikasi jika b5,4,2026-04-21 13:00:46,Positif
aplikasi ngaco,1,2026-04-21 13:00:27,Negatif
"saya Masi pemula,dan sudah 1x coba transfer k bank. allahmdllah Midah dan cepat,juga geratis tanpa ada pemotongan",5,2026-04-21 12:59:29,Positif
aplikasi nya lelet pas mau transaksi.lama sekali jadi tolong di perbaiki sekian dan terimakasih,5,2026-04-21 12:57:20,Positif
optmalkan,4,2026-04-21 12:56:46,Positif
min coba ada mode malam biar ga terlalu terang,5,2026-04-21 12:55:03,Positif
kenapa setiap kali membuka apk dana suka keluar sendiri.jika sudah baik bintang full,5,2026-04-21 12:52:54,Positif
ok,5,2026-04-21 12:51:45,Positif
Bagus,5,2026-04-21 12:51:40,Positif
semoga lebih baik dari sebelumnya,5,2026-04-21 12:48:34,Positif
wow sang hebat,5,2026-04-21 12:40:06,Positif
keren,5,2026-04-21 12:37:08,Positif
good,5,2026-04-21 12:36:55,Positif
sangat baik👍,5,2026-04-21 12:36:38,Positif
Aman nyaman dan terpercaya,5,2026-04-21 12:35:50,Positif
good,5,2026-04-21 12:34:10,Positif
good,4,2026-04-21 12:30:52,Positif
bagus membantu bisnis,5,2026-04-21 12:30:24,Positif
bagus,5,2026-04-21 12:27:25,Positif
sangat bagus menolong orang,5,2026-04-21 12:26:09,Positif
bagus,5,2026-04-21 12:26:00,Positif
bagus sekali,5,2026-04-21 12:22:23,Positif
sangat membantu,5,2026-04-21 12:21:58,Positif
sangat bagus,5,2026-04-21 12:20:19,Positif
saya suka kirim uang cepat,5,2026-04-21 12:19:58,Positif
sangat,5,2026-04-21 12:19:49,Positif
sangat puas,5,2026-04-21 12:18:22,Positif
bermanfaat untuk menabung dan pembayaran,5,2026-04-21 12:16:37,Positif
"kenapa dana sekarang kaya gini sih, mau masuk akun sendiri aj susah😠",3,2026-04-21 12:15:15,Netral
saya Uda lma pake dana.tapi engak ada dana cicil..padahal trasaksi banyak dan tak henti henti..,5,2026-04-21 12:12:28,Positif
sangat bagus dan amanah,5,2026-04-21 12:12:23,Positif
bagus sekali,5,2026-04-21 12:11:56,Positif
Baguss,5,2026-04-21 12:07:36,Positif
aplikasi ga guna bikin dana bisnis aje ga bisa,1,2026-04-21 12:07:09,Negatif
luar biasa sangat membantu,5,2026-04-21 12:06:06,Positif
"INI APK GAJE MEMANG!,YG PUNYA DUIT SIAPA,YG NGATURNYA DANA😒",1,2026-04-21 12:06:04,Negatif
"jangan di kait,kan di situs lain atau akun lain",5,2026-04-21 12:00:58,Positif
gk bsa login padahal pin benar trs pake verifikasi wajah jga tetep gk bs STUCK di loading trs,1,2026-04-21 11:59:45,Negatif
gokill,5,2026-04-21 11:58:56,Positif
cuman saya gak bisa pakai dana cicil sisanya bagus semua,4,2026-04-21 11:56:10,Positif
makasih,5,2026-04-21 11:55:36,Positif
transaksi apapun mudah n praktis,5,2026-04-21 11:55:19,Positif
bagus,2,2026-04-21 11:54:32,Negatif
bagus cuma limit knp sampe di 40 aja knp gabisa lebih,5,2026-04-21 11:52:59,Positif
mantap,5,2026-04-21 11:52:18,Positif
mantap,1,2026-04-21 11:52:10,Negatif
sy sangt suka dngn aplikasi ini trimaksih,5,2026-04-21 11:48:07,Positif
aplikasi 2 mayan bagus makanya aku kasi bintang 5,5,2026-04-21 11:46:56,Positif
dana sangat tidak aman tiba2 saldo saya hilang 15 juta.... padahal saya tdk merasa transaksi apapun.,1,2026-04-21 11:46:42,Negatif
aku daftar bisnis tapi ga bisa kirim pendaftaranya kecewaaaa,3,2026-04-21 11:46:13,Netral
"orang tf ke kita bisa, giliran kita yang mau tf ke orang gabisa, disuruh update dana premium. Udah berkali² masukin foto ktp danw ajah tetap aja gagal.",1,2026-04-21 11:45:19,Negatif
mantap,5,2026-04-21 11:45:15,Positif
dana cicil tidak bisa digunakan padahal bayat tept waktu,1,2026-04-21 11:43:58,Negatif
"Aplikasinya sangat bagus juga fitur - fitur terbarunya di Aplikasi Dana sangat bermanfaat & sangat membantu, Sukses selalu untuk Aplikasi Dana, Trmksh 🙏",5,2026-04-21 11:43:31,Positif
Pollll,5,2026-04-21 11:39:09,Positif
mantap akun dana,5,2026-04-21 11:38:13,Positif
"aplikasi pencuri, jgn percaya dana, uang suka hilang, sejuta, 3 juta hilang entah kemana dengan alasan di bekukan, ini yang dibilang tempat penyimpanan aman?",1,2026-04-21 11:36:10,Negatif
Aplikasi Dana sangat membantu mobilitas kegiatan saya,5,2026-04-21 11:35:33,Positif
dana terbaik,5,2026-04-21 11:27:52,Positif
ok,5,2026-04-21 11:26:18,Positif
terimakasi customer suda melayani saya untuk membukak akun dana saya yang dibekukan dan saya suda bisa malakukan transasi,5,2026-04-21 11:25:50,Positif
dana kebanyakan akun phising,1,2026-04-21 11:24:41,Negatif
sangat baik,5,2026-04-21 11:14:14,Positif
baik,5,2026-04-21 11:14:13,Positif
memuas kan,3,2026-04-21 11:14:04,Netral
thank you,5,2026-04-21 11:12:13,Positif
its the best dana,5,2026-04-21 11:12:11,Positif
cepat,5,2026-04-21 11:11:27,Positif
"beli paketan simpati untuk 5 hari bayar pakai dana tapi ga masuk masuk udah ada 10 menit nunggu tapi ga masuk masuk malah saldonya Udah berkurang, ga ada notifikasi sama sekali dari Telkomsel nya, mana ini katanya ada jaminan pengembalian apa bila terjadi gangguan, ini udah terjadi tapi ga ada tuh respon untuk pengembalian saldo yang sudah berkurang,",5,2026-04-21 11:10:47,Positif
"dana bisnis ga Banget masak saldo ku ga bisa di tarik,minta verifikasi Selpi tapi eror Mulu apk nya😡",2,2026-04-21 11:10:05,Negatif
lebih mudah bertransaksi,5,2026-04-21 11:09:40,Positif
Oke,5,2026-04-21 11:07:57,Positif
bagus,1,2026-04-21 11:06:20,Negatif
kacau sekarang dana ini,2,2026-04-21 11:05:52,Negatif
ok,5,2026-04-21 10:57:14,Positif
kenapa Dana cicil saya tidak bisa digunakan,5,2026-04-21 10:56:02,Positif
sangat bagus dan baik,5,2026-04-21 10:54:48,Positif
slalu sukses,5,2026-04-21 10:54:44,Positif
dompet elektronik yg aman dn vepat,5,2026-04-21 10:53:16,Positif
"nyaman, tapi sayang gak muncul fitur dana instan, temen yang belom lama malah muncul🤣🤣",5,2026-04-21 10:50:04,Positif
bagusekali,5,2026-04-21 10:48:56,Positif
Sangat Membantu Sekali 👍🏻,5,2026-04-21 10:47:09,Positif
sangat membantu,2,2026-04-21 10:44:21,Negatif
baguss,5,2026-04-21 10:41:39,Positif
sangat baik,5,2026-04-21 10:40:22,Positif
"uangnya gampang kesedot, akunnya gampang di login in orang karna pake nomor telepon",1,2026-04-21 10:35:52,Negatif
"dana cicil nya GK muncul""",1,2026-04-21 10:31:41,Negatif
"baru gunakan aplikasi ini, tapi aku sangat menyukainya",5,2026-04-21 10:28:19,Positif
"akhir-akhir ini kendala dengan banyak transaksi di aplikasi ini, sehingga terkendala juga. cuman sy berharap segera diatasi permasalahannya.",2,2026-04-21 10:27:56,Negatif
mantaap,5,2026-04-21 10:27:19,Positif
bagus,5,2026-04-21 10:26:34,Positif
praktis,4,2026-04-21 10:26:22,Positif
ok,5,2026-04-21 10:23:34,Positif
sangat puas,5,2026-04-21 10:20:50,Positif
g bisa top up dana mohon di bantu padahal sy udh perimum akun dana ny msih. kena limit jdi sy g bisa top up lg mohon di bantu,1,2026-04-21 10:20:23,Negatif
Dengan menggunakan transaksi pakai Dana sangat mudah dan tidah besar biaya transasi antar bank sukses selalu Dana Dompet Digital,5,2026-04-21 10:13:11,Positif
banyak yang bilang kalau akun dana susah buat transfer tp sampai saat ini aku belum ada Kendala semua lancar2 aja.alhamdulillah mudah2an dana makin best kedepannya.,5,2026-04-21 10:11:29,Positif
BAGUS,5,2026-04-21 10:09:39,Positif
sangat membantu untuk transaksi dll,5,2026-04-21 10:09:32,Positif
saat mudah dan cepat,5,2026-04-21 10:08:29,Positif
mantap banget 👍👍👍,5,2026-04-21 10:04:41,Positif
Sangat²mémbantu👍🏻,5,2026-04-21 10:03:29,Positif
oke,5,2026-04-21 10:03:06,Positif
aflikasi nya susah di gunakan kalo pakai data sendiri kalo nge hosfot ke orang lain bagus cumn kalo penting banget susah,3,2026-04-21 10:02:09,Netral
"aplikasi ga guna, saya mau narik reksa dana tidak bisa, harus pake scan wajah sedangkan akun dana saya premiumnya menggunakan KTP nenek saya dan nenek saya sudah almarhum lumayan lama, gimana ini masa saya tidak bisa narik reksa dana menggunakan pin!!!",1,2026-04-21 10:01:06,Negatif
aman dan terpercaya,5,2026-04-21 10:00:22,Positif
mantap,5,2026-04-21 09:58:51,Positif
beri binTang 1 karena Terlalu bnyak verifikasi saaT hendak menarik saldo,1,2026-04-21 09:58:39,Negatif
Setelah donload kenapa ga bisa buat login....,5,2026-04-21 09:58:32,Positif
Menyesal!!! keamanannya gampang sekli di bobol! orng lain login akun ku dan menguras saldoku!!! pokoknya keamanannya kurang sekli!!,1,2026-04-21 09:57:41,Negatif
mantap,5,2026-04-21 09:52:41,Positif
ok,5,2026-04-21 09:49:36,Positif
"kecewa gue ga beli apa tau"" saldo gw berkurang mana ga ada verivikasi pembelian lagi😡",1,2026-04-21 09:47:25,Negatif
"MANGKIN KESINI MANGKIN GA NGETI GW SAMA DANA JADI BUAT YANG PAKE DANA UDAH LAMA TERUS HP NYA DI CURI SAMA KARTU"" NYA GIMANA DIA MAU LOGIN LAGI TOLONG LA HP GW DI CURI GW BUTUH SALDO YANG DI DALAM AKUN DANA SAYA",1,2026-04-21 09:44:33,Negatif
terimakasih,5,2026-04-21 09:41:52,Positif
aktifkan dana cicil di dana,5,2026-04-21 09:40:36,Positif
bagus bngt..,5,2026-04-21 09:38:52,Positif
dana cicil belom tersedia,3,2026-04-21 09:38:13,Netral
bagus,5,2026-04-21 09:36:19,Positif
menikmati dengan adanya aplikasi dana lebih cepat,5,2026-04-21 09:35:41,Positif
"aplikasih dana anjin9,",1,2026-04-21 09:34:59,Negatif
"kenapa fitur Dana instan saya belum muncul? padahal saya upgrade premium dan melakukan banyak transaksi di Dana hingga limit, tolong bantu untuk mengajukan Dana instan saya",5,2026-04-21 09:34:16,Positif
tolong di upgrad.... dana cicil nya tidak bisa digunakan padahal limit ada,3,2026-04-21 09:33:54,Netral
bagus,5,2026-04-21 09:27:45,Positif
Bagus,5,2026-04-21 09:27:11,Positif
keren nyaman dan terpercaya dari dulu sampai sekarang tetap pakai DANA,5,2026-04-21 09:26:48,Positif
"aplikasi yg bagus, mudah di gunakan dan ga ribet..🫰",5,2026-04-21 09:25:01,Positif
good job,5,2026-04-21 09:22:35,Positif
APK YANG SANGAT LENGKAP FITURNYA SERTA SIMPEL COCOK BANGET BUAT YANG MAU BUKA BISNIS 🤩,5,2026-04-21 09:19:36,Positif
sering error aplikasi taikk,1,2026-04-21 09:18:36,Negatif
bagus,5,2026-04-21 09:16:17,Positif
"Dana sebagai alat transaksi tercepat sangat penting untuk di miliki,, trimakasih Dana",5,2026-04-21 09:15:38,Positif
simpan saldo terbaik,5,2026-04-21 09:15:32,Positif
lopyu pokonya buat dompett Indonesia,5,2026-04-21 09:14:42,Positif
responnya sunguh lambat di saat buat laporan dikarnakan akun bermasalah dan di saat ada respon bukan hal yang bermasalah yang di bahas malah hal yang tidak ada kaitanya dengan problem pada akun,1,2026-04-21 09:11:49,Negatif
terimakasih memang baik,5,2026-04-21 09:04:01,Positif
aplikasi transaksi yg sangat membantu,5,2026-04-21 08:58:03,Positif
duit ilang mlu di dana aneh,1,2026-04-21 08:55:37,Negatif
terlalu sering erroor,5,2026-04-21 08:53:17,Positif
good,4,2026-04-21 08:52:34,Positif
ga ada dana cicil,5,2026-04-21 08:51:43,Positif
dana saya tiba tiba hilang padahal tidak pernah melakukan langganan atau percobaan gratis langganan pas di cek di google juga tidak ada transaksi tapi di dana ada tolong perbaiki melakukan refund juga tidak bisa,1,2026-04-21 08:51:22,Negatif
mantap,5,2026-04-21 08:48:54,Positif
ngescan ga bisa pengembalian dana lama laporan di tanggapi lama apa apa gabisa rusak ini apk,1,2026-04-21 08:48:23,Negatif
mantap dan praktis,5,2026-04-21 08:46:35,Positif
keres sangat baik,5,2026-04-21 08:43:14,Positif
GK pungsi mau d premiumin ko macet loding,1,2026-04-21 08:41:04,Negatif
sangat membantu dalam proses kirim narik,5,2026-04-21 08:40:33,Positif
"aplk makin ribet aja,gk bisa masuk akun saya,masalahnya nomor akunndana sama nomor wa saya beda,jadi gk bisa masuk,,yah padahal SDH masukan sandi masih minta vertivikasi lewat wa,terus gimana klaw nomor wa saya beda dengan nomor akun dana saya",1,2026-04-21 08:39:47,Negatif
ok,5,2026-04-21 08:37:56,Positif
ok,3,2026-04-21 08:34:47,Netral
"Sangat kecewa, Kenapa saya tidak mendapatkan fitur dana cicil,dana instan, padahal saya rutin ber transaksi di aplikasi ini,,,tolong muncul kan fitur dana cicil dan dana instan di akun saya",5,2026-04-21 08:33:23,Positif
ingin mengaktifkan dana cicil saya biar lebih nyaman di dana,5,2026-04-21 08:32:34,Positif
baguss,5,2026-04-21 08:32:17,Positif
terbaik,5,2026-04-21 08:31:59,Positif
ok,5,2026-04-21 08:31:26,Positif
aplikasi sering eror tidak bisa transfer ke ewalet seperti shpe pay atau pun bank lain nya,1,2026-04-21 08:28:32,Negatif
masa ada orang tf gada notifnya sih,1,2026-04-21 08:22:47,Negatif
bagus,2,2026-04-21 08:19:17,Negatif
Sangat Membantu,5,2026-04-21 08:14:31,Positif
bagus,5,2026-04-21 08:12:11,Positif
mohon bantuannya admin kenapa dana cicil saya tidak bisa di gunakan ( tidak berlaku),4,2026-04-21 08:12:01,Positif
bagussss,5,2026-04-21 08:09:35,Positif
aplikasi ini sangat membantu untuk semua transaksi digital.,5,2026-04-21 08:06:48,Positif
sangat puas,5,2026-04-21 08:06:47,Positif
sngat membantu,5,2026-04-21 08:06:45,Positif
mntap,3,2026-04-21 08:04:03,Netral
"tolong dong saya sudah aktivasi dana cicil tapi gagal padahal syaratnya sudah benar semua, sampe sekarang belum bisa aktivasi ulang lagii",4,2026-04-21 07:58:45,Positif
knpa saldo dana cicil saya tidak bisa di gunakan...,2,2026-04-21 07:57:14,Negatif
ga bisa dibuka di hp smsng j72016,5,2026-04-21 07:56:45,Positif
bagus,5,2026-04-21 07:56:45,Positif
bagus,5,2026-04-21 07:55:52,Positif
ok,4,2026-04-21 07:55:39,Positif
info cara muncul dana cicil gimana??,5,2026-04-21 07:52:52,Positif
jadi lebih mudah bertransaksi,5,2026-04-21 07:48:33,Positif
"jangan pernah pakek aplikasi penipu ini, uang saya hilang mana lagi itu untuk bayar hutang, langsung di potong Tampa meminta konfirmasi sama saya dulu, sedakan saya tidak pernah menghubungkan aplikasi penipu ini dengan aplikasi manapun,. peringat bagi yg sudah mendownload bisa langsung di hapus sebelum kalian jadi korban",1,2026-04-21 07:45:04,Negatif
bagus banget saya suka,5,2026-04-21 07:44:04,Positif
Saldo hilang tanpa diketahui. Aplikasi Dana lepas tangan tidak bisa menindaklanjuti. Parah,1,2026-04-21 07:43:52,Negatif
APKmu uaboot butuh HP Ram 80 ta ?,2,2026-04-21 07:37:59,Negatif
"saya mengunakan apl ini waktu saya mau tarik dana, dana saya tiba tiba di blokir katanya ada penguna lain yang mengunakan terus waktu aktif kembali uang saya hilang semua padahal saldonya cukup banyak. habis itu saya sempat top up 2× dan hilang semua ini bagai mana pertangung jawabanya",1,2026-04-21 07:36:40,Negatif
baik👍,5,2026-04-21 07:34:09,Positif
update terus tapi dana cicil saya tidak aktf aplikasi sampahhhh,1,2026-04-21 07:32:47,Negatif
Tolong untuk pihak DANA SAYA bertahun tahun pake DANA aman aman aja sekarang mau buka aktivitas aja susah nya minta ampunn lagi keadaan darurat begini bisa nya bikin emosi . tolong di perbaiki sekarang,5,2026-04-21 07:31:14,Positif
admin saya kemarin tanggal 20 melakukan pembayaran wifi. cuma sampe sekarang masih ada kendala dalam proses pembayaran. tapi uang saya sudah terpotong di dalam akun. itu solusinya bagaiaman??. atau di kembalikan saja ke akun dana saya. soalnya saya sudah melakukan pembayaran lewat brilink. sampe sekarang saya cek aktifitasnya di akun dana masih di proses terus,3,2026-04-21 07:29:11,Netral
pengen dana cicil masuk kedana premium saya,5,2026-04-21 07:25:44,Positif
sangat bagus,5,2026-04-21 07:21:15,Positif
ok membantu disaat lagi mendesak,5,2026-04-21 07:20:54,Positif
Mantap,5,2026-04-21 07:20:31,Positif
kak bagaimana cara menghapus akun dana yg udah premium secara permanen,2,2026-04-21 07:19:57,Negatif
baik,4,2026-04-21 07:19:29,Positif
update nya lama,1,2026-04-21 07:18:25,Negatif
makin kerenn,5,2026-04-21 07:14:00,Positif
ok,5,2026-04-21 07:11:13,Positif
Aplikasi yg sangat ber manfaat,5,2026-04-21 07:09:55,Positif
proses mudah Dan cepat,5,2026-04-21 07:03:55,Positif
jos,5,2026-04-21 07:03:08,Positif
mantap,5,2026-04-21 07:01:23,Positif
tidak bisa di premiumkan,1,2026-04-21 06:58:17,Negatif
bagus,5,2026-04-21 06:51:30,Positif
"akun dana saya diblokir secara sepihak? dan saldo tidak bisa ditarik/ akun dana tidak bisa diaktifkan kembali, seenaknya emaknya , saldo hilang cuma cuma di DANA, sangat dirugikan sekali Saldo di dalam dana gak bisa diapa apain dengan nominal Rp.565.000, dan sekarang akun dana saya di blokir secara permanen dan tidak bisa dikembalikan, enak bgt ya, kita kerja cape cape eh saldo di dana diblokir se akun akunya, good job dana dompet digital sangat sangat👌",1,2026-04-21 06:46:36,Negatif
bagus mudah dan cepat,4,2026-04-21 06:45:17,Positif
sangat bagus,5,2026-04-21 06:41:56,Positif
siip,5,2026-04-21 06:32:16,Positif
apps bagus dan sangat membantu saya...... (harus jeli di pengaturan keamanan),5,2026-04-21 06:30:08,Positif
sangat bagus,5,2026-04-21 06:28:31,Positif
abagus,1,2026-04-21 06:27:53,Negatif
bgus sih TPI sering terjadi ngeleg klok mo buka apk in,3,2026-04-21 06:27:17,Netral
apakah benar admin tagihan listrik bulanan menjadi IDR 3000,5,2026-04-21 06:23:26,Positif
aplikasinya dh bgus tapi mau TF uang ke ewalet atau ke bank. knp hrus upgrade ke dana premium sih. tolong solusinya donk. jgn di persulit.,2,2026-04-21 06:18:48,Negatif
bagus,5,2026-04-21 06:16:11,Positif
pembaruan mulu,2,2026-04-21 06:15:19,Negatif
mntap,5,2026-04-21 06:09:05,Positif
keren bangat,5,2026-04-21 06:05:34,Positif
BOSOK gabisa kirim uang ke sesama DANA.,1,2026-04-21 05:58:47,Negatif
sangat manfaat,5,2026-04-21 05:56:43,Positif
"nyesal banget ambil kuota Axis dr paket di dana, bentar2 off jaringan, nonton ngeleg nya minta ampun asuuuuu. binatang. mending Ambil langsung dr apk Axis nya",1,2026-04-21 05:54:18,Negatif
di update malah hilang pilihan pindai ny,1,2026-04-21 05:53:15,Negatif
"Update fitur DANA sudah cukup bagus, transaksi terasa lebih cepat dan tampilannya lebih rapi. Namun semoga ke depannya bisa ditambahkan fitur pengubahan nama toko dan hanya bisa dilakukan sekali untuk melakukan perubahan nama toko. Secara keseluruhan update ini layak diapresiasi. saya harap fitur ini segera ditambahkan🙏",5,2026-04-21 05:52:44,Positif
goodjob,5,2026-04-21 05:50:46,Positif
aplikasi bagus,5,2026-04-21 05:46:00,Positif
😁😁😁😁😁,5,2026-04-21 05:44:12,Positif
Dana memudahkan transfer tanpa admin,5,2026-04-21 05:42:22,Positif
mantap,4,2026-04-21 05:36:53,Positif
"sampe kiamat pun tak bisa akun danaku pake dana cicil,,, capek juga make dana ini",1,2026-04-21 05:32:04,Negatif
sy Mau menghapus DANA tapi tidak bisa... tolong hapus Akun sy,1,2026-04-21 05:30:03,Negatif
enak pakek apk dana.. tapu kenapa ya gak bisa masuk ke menu.. hrus buka ke PS dlu..,5,2026-04-21 05:27:44,Positif
sangat membantu,5,2026-04-21 05:26:42,Positif
dana memang pilihan terbaik,5,2026-04-21 05:22:47,Positif
Mantap,5,2026-04-21 05:22:45,Positif
sanga bagus dan cepat,5,2026-04-21 05:22:44,Positif
error mulu,1,2026-04-21 05:16:34,Negatif
lemott bgtt,1,2026-04-21 05:14:45,Negatif
keren bngggggtþ,5,2026-04-21 05:08:41,Positif
mantap,5,2026-04-21 05:08:11,Positif
sangat membantu,5,2026-04-21 05:05:12,Positif
"saldo dana instan banyak tapi nggak bisa di tarik , apl rusak nih, nggak pernah telat bayar padahal",1,2026-04-21 05:04:09,Negatif
akun dana sangat membantu👍👍♥️,5,2026-04-21 05:04:06,Positif
kren,5,2026-04-21 05:01:47,Positif
lumayan buat kirim ke orang tua,5,2026-04-21 05:01:20,Positif
puas,5,2026-04-21 05:00:58,Positif
godddd banget,5,2026-04-21 04:59:24,Positif
bagus aplikasi nya,5,2026-04-21 04:58:54,Positif
mantap,5,2026-04-21 04:56:56,Positif
bagus dan simple,5,2026-04-21 04:50:33,Positif
dana instan saya tidak dapat di cairkan lagi kenapa udah 2 bulan ?,5,2026-04-21 04:50:09,Positif
"aplikasi taik.. memaksa untuk upgrade ke premium, jika tdk. tidak bisa di gunakan",1,2026-04-21 04:47:37,Negatif
bagus,5,2026-04-21 04:46:15,Positif
good,4,2026-04-21 04:39:55,Positif
"dana instan belum keluar yang lain udah ada, padahal akun udah premium dan transaksi udah 16juta bulan ini",5,2026-04-21 04:35:48,Positif
mengapa aplikasi Dana saya tidak bisa di buka,1,2026-04-21 04:33:20,Negatif
Tampil propil saya ko berubah pada kemana piktur dana cicil emas dll,5,2026-04-21 04:26:09,Positif
"suka transaksi pakai Qris, 👍",5,2026-04-21 04:25:53,Positif
sangat baik,4,2026-04-21 04:25:29,Positif
sangat baik,5,2026-04-21 04:24:36,Positif
aplikasi yang sangat mempermudah transaksi apa pun.,5,2026-04-21 04:17:09,Positif
mantap,5,2026-04-21 04:13:34,Positif
Mantap,5,2026-04-21 04:12:50,Positif
apk bagus dan terpercaya,5,2026-04-21 04:11:23,Positif
sangat membantu sekali dan traferan nya tidak lelet langsung cepet hitungan berapa detik langsung masuk ke rekening Apalikasi dana nomor 1 Dan selalu terpercaya,5,2026-04-21 04:09:33,Positif
"tolong dong dana instan saya agar dapat di gunakan,saya bayar ngk pernah telat,malah bulan pertama langsung lunasin,ayolah dana jangan kecewakan pengguna lama mu",5,2026-04-21 04:08:33,Positif
puas dgn aplikasi dana,5,2026-04-21 04:05:56,Positif
"makasih atas terdaftarnya nama saya, semoga ini sangat membantu dalam kondisi apapun, dan mempermudah.",2,2026-04-21 04:05:22,Negatif
bagus,5,2026-04-21 04:03:19,Positif
bagus banget,5,2026-04-21 04:00:26,Positif
membantu sangat,4,2026-04-21 03:58:53,Positif
bagus,5,2026-04-21 03:55:45,Positif
loading lama sering keluar sendiri,1,2026-04-21 03:55:18,Negatif
bagus,5,2026-04-21 03:53:22,Positif
tingkatkan lagi yg LBH terbaik,5,2026-04-21 03:52:30,Positif
cukup puas..,5,2026-04-21 03:51:15,Positif
mantap,5,2026-04-21 03:50:49,Positif
ok,4,2026-04-21 03:50:19,Positif
sudah kasih bintang 4 tetap tidak dapat fitur dana instan tolong perbaikan sistem nya,4,2026-04-21 03:50:08,Positif
terus tingkatkan,5,2026-04-21 03:48:49,Positif
"bagus sekali, tolong layar belakangnya ada yg warna hitam",5,2026-04-21 03:46:07,Positif
t o p,5,2026-04-21 03:45:56,Positif
bagus sekali dan mudah digunakan sebagai pembayaran maupun simpan,5,2026-04-21 03:43:43,Positif
mantab,5,2026-04-21 03:43:23,Positif
dana Diam Aja Bikin Iklan Jminan uang kembali tapi mana Tapi diem Aja Ketika saya laporkan Rendah Pelayanan nya ngadu masalah Sama AI Jelas Jelas Gada Solusi Skrng Saldo Saya Hilang Pihak Dana diam Aja kesabaran Uda Habis dri Kemarin,1,2026-04-21 03:41:43,Negatif
aplikasi bagus dan perlu di tingkatkan kembali,5,2026-04-21 03:40:50,Positif
"sering terjadi permasalahan pada sistem pembayaran menggunakan kode QR, sering juga mengalami proses transaksi yg sangat lama, penanganan masalah lambat, operator diana yg di sediakan juga sangat lambat dalam memproses laporan, dan yang paling parah adalah data kita mudah bocor ke sindikat penipuan cuma dengan lewat DM ig pribadi dengan akun resmi dana.",1,2026-04-21 03:40:09,Negatif
pln mantap,5,2026-04-21 03:37:15,Positif
nice,5,2026-04-21 03:33:39,Positif
mantap betul,5,2026-04-21 03:32:39,Positif
aplikasi nya ok sanget ngrbantu,5,2026-04-21 03:29:52,Positif
sejauh ini baik nggak ada masalah,5,2026-04-21 03:28:04,Positif
tiba' ada orang lain yang masuk ke akun dana dan top up pulsa di dana saya. tolong dong dana upgrade tingkat keamanannya,1,2026-04-21 03:23:49,Negatif
lebih mudah bertransaksi .mohon jaminkan keamanan saldo kami dari tangan tangan jahil atas akun dana kami ini,5,2026-04-21 03:17:34,Positif
okeh,5,2026-04-21 03:13:58,Positif
bagus,5,2026-04-21 03:13:43,Positif
mantap,5,2026-04-21 03:12:15,Positif
dana cicil GK bisa di gunakan untuk transaksi,5,2026-04-21 03:12:13,Positif
parah ada transferan dari bca di Jam 11:30 malem sampe skrg belom masuk uang nya padahal saldo BCA nya udah ke potong,1,2026-04-21 03:06:40,Negatif
saya mau naikkan limit dana cicil sama dana instan karena terlalu kecil,1,2026-04-21 03:03:46,Negatif
lebih praktis n aman,5,2026-04-21 03:02:40,Positif
"Aplikasi bagus, cuman sedikit saran agar fitur DANA cicil saya yang tampil halaman agar dapat digunakan",5,2026-04-21 02:58:21,Positif
terbaik,5,2026-04-21 02:58:06,Positif
terbaik,5,2026-04-21 02:51:41,Positif
sangat tidak membantu,1,2026-04-21 02:50:19,Negatif
bagus,5,2026-04-21 02:46:13,Positif
ok,5,2026-04-21 02:44:47,Positif
bagus,5,2026-04-21 02:44:14,Positif
bagus dan amanah,5,2026-04-21 02:42:57,Positif
"kak saya ada kendala saat masuk akun lama,sandi lupa nomor hp sudah tidak bisa di gunakan,saya sudah datang ke garpari Telkomsel nomor sudah tidak bisa aktv gimana kak apa saya datang ke kantor cs dana,saya sudah berusaha chat Diana sama sekali tidak membantu,sedangkan saldo lumayan nominalnya berharga bagi saya,mohon bantuannya kak,pihak Telkomsel juga sudah memberi surat keterangan",5,2026-04-21 02:42:16,Positif
"apk jahatt!! saldo ga di pake tiba-tiba ilang,susah kembali",1,2026-04-21 02:40:10,Negatif
untuk saat ini masih oke,4,2026-04-21 02:39:31,Positif
"aplikasi banyak bug, udah jadi dana premium, masih aja gak bisa transfer, aneh banget",1,2026-04-21 02:38:05,Negatif
ok,5,2026-04-21 02:34:58,Positif
Aplikasi Dana Dompet Digital ini bagus Dan baik,5,2026-04-21 02:31:49,Positif
bagus,5,2026-04-21 02:31:40,Positif
bagus,5,2026-04-21 02:31:17,Positif
sangat membantu,5,2026-04-21 02:27:14,Positif
good,5,2026-04-21 02:25:33,Positif
👍👍,5,2026-04-21 02:24:57,Positif
Bagus,5,2026-04-21 02:21:41,Positif
ok,5,2026-04-21 02:18:56,Positif
geratis lagi dan dapat bonus,5,2026-04-21 02:16:50,Positif
dana cicil paylater nya ga bisa,5,2026-04-21 02:16:21,Positif
cara mengatasi dana tidak bisa menerima transfer gimana,5,2026-04-21 02:10:05,Positif
"aplikasi lumayan bagus di awal, tapi untuk ganti sandi baru lumayan susah karna emang saya lupa kata sandi yang lalu, sudah hubungi diana dana tapi gabisa juga, udah DM lewat sosmed tapi belom juga di bales sampe sekarang, padahal saya cuma minta bantuan buat ganti kata sandi, kalo admin liat komentar saya mohon bantuannya ya kak, soalnya masih ada sisa uang yang lumayan🙏",3,2026-04-21 02:09:03,Netral
"hanya orang tolol yang pakai wallet ini saldo kepotong ga jelas, histori ga jelas curiga gua ada orang dalam yang main, buat ngambil uang nasabah, dipotong secara otomatis, kocak mending kalian pilih ovo/gopay, lebih safety, gada tu kendala saldo kepotong sendiri (kecuali lu langganan sesuatu) di dana meski lu ga langannan apapun, tetap kepotong saldo lu",1,2026-04-21 02:08:56,Negatif
saya lupa PIN 😭😭,5,2026-04-21 02:07:46,Positif
mantap,5,2026-04-21 02:07:03,Positif
bagus,5,2026-04-21 02:07:00,Positif
mantap,5,2026-04-21 02:03:16,Positif
Trimakasih aplikasinya,5,2026-04-21 02:02:53,Positif
sangat baik dan sungguh bermapaat,5,2026-04-21 01:58:49,Positif
good,5,2026-04-21 01:58:09,Positif
"Bot nya tidak ada perubahan Orang tanya apa jawabnya apa di perbaiki lah, untuk castemer service nya orang castemer service nya kaga mampu apa",1,2026-04-21 01:58:03,Negatif
pertama kali menggunakan apk ini..,5,2026-04-21 01:56:57,Positif
knapa GK bisa di instal,5,2026-04-21 01:56:03,Positif
Mantaf aplikasinya,5,2026-04-21 01:53:03,Positif
aplikasi updet terus ngak bisa di gunakan,4,2026-04-21 01:51:28,Positif
Dana sangat membantuh,5,2026-04-21 01:51:06,Positif
mohon maaf kepada apk dana pas ganti hp knpa akun dana yang lama ga bisa trus. memang sih kata dia masukan kode ke watsap tapi kan nomornya udah mati trus wa-nya beda padahal sandi sama wajah udah pass tolong dong kasih saran biar bisa login susah kalo gada apk dana,3,2026-04-21 01:48:55,Netral
sangat puas simpel dan nyaman,5,2026-04-21 01:46:33,Positif
good,5,2026-04-21 01:46:26,Positif
"ini kenapa lemot sekali, lihat detail transaksi loAding terus, lihat aktivitas transaksi loading, terakhir ini suruh update data loading terus juga, stuck ga bisa dipencet apa apa. gimana ini woi",2,2026-04-21 01:46:03,Negatif
lalulintas uang yg lumayan bagus,5,2026-04-21 01:41:36,Positif
"unruk aplikasinya bagus, tpi saya blm pernah tarik dana dari aplikasi ini...",5,2026-04-21 01:39:13,Positif
mantap aplikasi ini ga ribet,5,2026-04-21 01:34:30,Positif
bagus,5,2026-04-21 01:34:02,Positif
akun dana saya tidak dapat di buka karena nomor hp sudah tidak aktif dan transfer premium juga tidak bisa,1,2026-04-21 01:30:27,Negatif
mantap,5,2026-04-21 01:29:37,Positif
aplikasi Baik,4,2026-04-21 01:28:32,Positif
bagus cuma ada limit dana cicil tidak bisa digunakan,5,2026-04-21 01:27:24,Positif
sangang puas membantu sekali,5,2026-04-21 01:24:52,Positif
"saldo ialang tiba""",1,2026-04-21 01:23:37,Negatif
mantap,5,2026-04-21 01:16:11,Positif
mempermudah dalam transaksi,4,2026-04-21 01:15:59,Positif
"TETAP AJA ADA BEBERAPA FITUR DI DANA YANG LEMOT EROR NGEBUG TROBEL KAYAK A REWARD+ WALAUPUN UDAH LAPOR KE ALIPAY+ BAHKAN KE DANA TAPI YANG MENANGANI MALAH CHAT BOT DIANA BUKANNYA NGASIH SOLUSI & MENYELESAIKAN MASALAH MALAH SALING LEMPAR TANGGUNG JAWAB HADEH PARAH""",1,2026-04-21 01:15:30,Negatif
sangat praktis DLM bertransaksi,5,2026-04-21 01:15:28,Positif
ok,5,2026-04-21 01:12:49,Positif
mudah di gunakan tp knp setiap saya ingin menggunakan saldo dana cicil setelah verifikasi wajah selalu masuk ke semua layanan seperti tidak bisa di gunakan,4,2026-04-21 01:11:17,Positif
ok,5,2026-04-21 01:10:50,Positif
baik,1,2026-04-21 01:09:44,Negatif
mantap sekali,5,2026-04-21 01:08:03,Positif
aplikasi yang sangat mudah dalam melakukan pengaduan,5,2026-04-21 01:06:13,Positif
layanan top markotop,5,2026-04-21 01:04:30,Positif
oke,5,2026-04-21 01:02:29,Positif
sangat puas dan mudah,5,2026-04-21 01:01:21,Positif
mantap,5,2026-04-21 00:58:31,Positif
aneh buat apah ada dana cicil limit udh ada tapi giliran mau pake malah tidak tersedia,2,2026-04-21 00:50:14,Negatif
ok,5,2026-04-21 00:44:58,Positif
ok,5,2026-04-21 00:42:25,Positif
saya sudah mengajukan permohonan dana cicil Saya tapi tidak muncul jugaa ini gimana solusinya,5,2026-04-21 00:41:00,Positif
terima kasih dana dompet digital yang akan sangat membantu mengatasi perekonomian masyarakat,5,2026-04-21 00:40:25,Positif
oke mantap,5,2026-04-21 00:40:05,Positif
ok,5,2026-04-21 00:36:04,Positif
satu aja kenapa gak bisa bayar kredit di akun saya ini ya ??,5,2026-04-21 00:30:55,Positif
Sangat baik,5,2026-04-21 00:30:00,Positif
sangat bagus dan membantu bagi kami rakyat kecil,5,2026-04-21 00:27:28,Positif
"akun saya tiba"" dikunci sama dana. mnta di buka kan tapi no respon. saya kasi bintang 1 aja... kesel banget duit masih di akun tersebut. mentang""isinya banyak langsung dikunci..",1,2026-04-21 00:26:50,Negatif
mantap merasa puas,5,2026-04-21 00:19:20,Positif
Bajuz...tingkatkan lagi Min👍👍,5,2026-04-21 00:15:05,Positif
apk ini sangat membantu,5,2026-04-21 00:13:35,Positif
luar biasa 👍,5,2026-04-21 00:12:33,Positif
josss,5,2026-04-20 23:58:46,Positif
mantap,5,2026-04-20 23:57:37,Positif
lancar,5,2026-04-20 23:55:25,Positif
aplikasi bagus,5,2026-04-20 23:54:17,Positif
sangat baik,5,2026-04-20 23:52:51,Positif
bgusss,5,2026-04-20 23:50:33,Positif
mantap,5,2026-04-20 23:50:13,Positif
sangat membantu,5,2026-04-20 23:48:57,Positif
dana instan tidak muncul jelek,1,2026-04-20 23:45:29,Negatif
transfer mudah QR MUDAH ayo pakai dana😇,5,2026-04-20 23:37:04,Positif
"gak bisa di semua tempat, kendala jaringan jadi Masalah",1,2026-04-20 23:36:38,Negatif
good,5,2026-04-20 23:32:16,Positif
lebih baik kedepannya,5,2026-04-20 23:31:28,Positif
ok,5,2026-04-20 23:19:35,Positif
lebih simpel,5,2026-04-20 23:11:54,Positif
sangat membantu,5,2026-04-20 23:11:20,Positif
aplikasi membantu banget,5,2026-04-20 23:04:32,Positif
kenapa sekarang ada biaya administrasi ny 2500,2,2026-04-20 23:04:21,Negatif
Ok banget,5,2026-04-20 23:04:18,Positif
ok,5,2026-04-20 22:56:31,Positif
sangat bagus,5,2026-04-20 22:55:31,Positif
sangat bagus dan cepat,5,2026-04-20 22:53:04,Positif
Mao beli kuota geh banyak bonus yg ga jelas udah saya Mao beli kuota utama malahan jadi kuota genflix 3,3,2026-04-20 22:52:54,Netral
dana membantu sekali saya mau TF jd mudah terimakasih dana,5,2026-04-20 22:52:11,Positif
bagus,5,2026-04-20 22:46:15,Positif
dana memang bagus banget,4,2026-04-20 22:42:18,Positif
sangat berarti,5,2026-04-20 22:37:54,Positif
membantu,5,2026-04-20 22:37:43,Positif
nice,5,2026-04-20 22:36:05,Positif
sangat mudah bertransaksi sangat membantu,5,2026-04-20 22:35:32,Positif
ayok bntu masukan ke aku dana tnpa otp lg,1,2026-04-20 22:31:29,Negatif
dana cicil,5,2026-04-20 22:27:28,Positif
"mau pakai dana cicil kok udah ngga bisa,,,buat beli pulsa,,",2,2026-04-20 22:23:58,Negatif
cepat,5,2026-04-20 22:20:23,Positif
keren,5,2026-04-20 22:15:14,Positif
"Drama nya bagus banget sy suka,tpi klo mau narik uang kenapa harus masukan kode pin,,aplikasi yg lain aja gak pernah minta kode pin,nariķ nya juga mudah banget",5,2026-04-20 22:13:45,Positif
bague,5,2026-04-20 22:11:47,Positif
sangat memuaskan dan bagus dan saya ada permintaan munculkan dana cicil diaplikasi dana saya,4,2026-04-20 22:08:16,Positif
Semua Jadi Mudah,5,2026-04-20 22:07:36,Positif
aktifkan dana cicil saya,5,2026-04-20 21:47:13,Positif
kenapa pihak dana klu ada masalah seperti ini selalu slow respon. saya kurangi aja bintang nya SDH terlalu lama nunggu tp belum diproses juga saya kembali kan lagi ulasan saya dengan terbaik dan saya kasih semua bintang asalkan masalah saya mengenal otp terselesaikan.,2,2026-04-20 21:47:13,Negatif
"asli se simple itu pakai dana , pokok nya ok lah",4,2026-04-20 21:45:10,Positif
sangat cocok dan keren.,5,2026-04-20 21:43:11,Positif
FAST respon sngt mmnbantu untuk menyimpan dana maupun transksi lebih mudah ☺,5,2026-04-20 21:37:26,Positif
ok,5,2026-04-20 21:33:45,Positif
Sangat bagus,5,2026-04-20 21:28:59,Positif
baguss,5,2026-04-20 21:22:18,Positif
lebih baik ditimgkatkan lagi,4,2026-04-20 21:21:47,Positif
ko saya ga muncul fitur dana cicil ya,5,2026-04-20 21:20:25,Positif
"gimana sih aplikasi ini setiap Ada saldo kok transfer "" ke nmr gk diknl , tanpa sepengetahuan saya, apa lagi transfer nya semua dana Ku dikirim ke orang gk diknl, udah ke tiga Kali Ada saldo Baru masuk mau diambil ke konter, pas sampai sana saldo udh kosong Tiba"" Ada notif berhasil tf ke g diknl tanpa sepengetahuan saya, buruk bngt apk nya, Amit"" deh punya apk ini lagi",1,2026-04-20 21:14:53,Negatif
"dana kenapa ya sering banget kesedot uang nya, tolong di perbaiki dong",1,2026-04-20 21:09:42,Negatif
terbaik,5,2026-04-20 20:55:49,Positif
lebih simple,3,2026-04-20 20:54:53,Netral
tambah saldo,5,2026-04-20 20:54:43,Positif
bagus,5,2026-04-20 20:50:19,Positif
DANA Good,5,2026-04-20 20:44:48,Positif
sangat membantu,5,2026-04-20 20:32:33,Positif
puas,5,2026-04-20 20:26:09,Positif
gacor,5,2026-04-20 20:25:45,Positif
Pelit cuih,1,2026-04-20 20:25:15,Negatif
baguss,5,2026-04-20 20:23:39,Positif
nice boy,5,2026-04-20 20:23:19,Positif
saya suka bertransaksi di apk dana ini mudah dan gampil,5,2026-04-20 20:20:59,Positif
menarik,5,2026-04-20 20:07:12,Positif
mantap,5,2026-04-20 20:04:49,Positif
bintang 1 saya sering sekali transaksi di dana tapi dana cicil gak pernah muncul,1,2026-04-20 20:04:15,Negatif
kerennn,5,2026-04-20 20:01:26,Positif
sangat puas,5,2026-04-20 20:00:24,Positif
bagus,5,2026-04-20 19:58:49,Positif
AQ suka aplikasi dana AQ puas,5,2026-04-20 19:58:42,Positif
ok,5,2026-04-20 19:58:34,Positif
mantap,5,2026-04-20 19:56:18,Positif
ók,5,2026-04-20 19:54:06,Positif
sangat membantu terbauk deh pokoknya,5,2026-04-20 19:53:11,Positif
puas,5,2026-04-20 19:44:48,Positif
ok lah,5,2026-04-20 19:44:01,Positif
DANA⭐⭐⭐⭐⭐,5,2026-04-20 19:38:49,Positif
bagus,5,2026-04-20 19:36:59,Positif
knpa di saya tidak ada dana cicil,1,2026-04-20 19:33:59,Negatif
dana ok,5,2026-04-20 19:32:50,Positif
ok,5,2026-04-20 19:30:59,Positif
sangat praktis dan memuaskan,5,2026-04-20 19:30:02,Positif
mantap,5,2026-04-20 19:29:55,Positif
bagus sangat membantu,5,2026-04-20 19:28:33,Positif
saya kapok simpen d dana uang saya pada ilang teruss udah beberapa kali dana sangat2 tidak aman adik saya teman sodara pada ilang,1,2026-04-20 19:28:19,Negatif
"keseringan terjadi trouble di sistem kirim uang pakek barcode, gak bisa di andelin, waktu bayar mau pakek barcode eror apa apa eror, dikit dikit eror, apalah ngatasin masalah penyakit kaya gini dari dulu gak becus, niat bikin aplikasi ya kasih kenyamanan buat para pengguna, nyusahin orang mau bayar pakek barcode kalau kaya gini, udan antri nunggu lama gak bisa bisa, aplikasi sampah",1,2026-04-20 19:23:43,Negatif
tapi dana cicil saya gak bisa di pake,5,2026-04-20 19:15:41,Positif
jangan ada lemot diantara kita 😁keren.. terus tingkatkan ya😁,5,2026-04-20 19:13:00,Positif
Dana Ewallet paling ok..,5,2026-04-20 19:10:07,Positif
mantap,5,2026-04-20 19:07:39,Positif
ok,5,2026-04-20 19:06:11,Positif
ok lah,4,2026-04-20 19:04:45,Positif
baik,4,2026-04-20 19:04:43,Positif
"bintang 3,soalnya tambah parah aja, biaya admin dari Rp.500 sekarang udah menjadi Rp.1000 parah",3,2026-04-20 19:03:59,Netral
ok,5,2026-04-20 19:01:40,Positif
tolong tampilkan fitur dana cicil,5,2026-04-20 18:59:53,Positif
dana lebih mudah,5,2026-04-20 18:55:14,Positif
puas,5,2026-04-20 18:54:54,Positif
buat yg mau pake apk ini harap htht saldo bisa tiba tiba hilang. barusan terjadi sama sy ada uang masuk 500 pas mau di ambil udh ga ada saldonya. dan blm lama juga terjadi pada ade sy sama kasusnya ky saya saldo nya ilang malh lebih gede dia 800 . kalo bisa si lebih baik jngan pake apk ini untuk transaksi lebih baik pake yg lain dah lebih aman. karna sdh banyak kejadian jngan ampe jd korban selanjutny. apk MALING ampir semu keluarga saya pernah merasakan sldo nya hilang di MALING APK DANA,1,2026-04-20 18:49:52,Negatif
sangat membantu,5,2026-04-20 18:49:50,Positif
Saya merasa puas,4,2026-04-20 18:46:46,Positif
knpa menu dan cicil saya tidak ada,5,2026-04-20 18:43:18,Positif
good,5,2026-04-20 18:38:30,Positif
akun dana saya tidak bisa di akses,5,2026-04-20 18:37:54,Positif
"aku ingin menghapus akun ,,,dan mengaktifkan akun lama saya tapi sudah 6 bulan belum juga ada penyelesaian,, chat dengan diana tidak menyelesaikan masalah",1,2026-04-20 18:37:25,Negatif
ok,5,2026-04-20 18:31:14,Positif
Saya sudah mengajukan fitur dana cicil tapi sampai sekarang belum muncul fitur nya ini gimanaa ya,5,2026-04-20 18:29:47,Positif
👌,5,2026-04-20 18:29:40,Positif
sangat membantu,5,2026-04-20 18:28:15,Positif
saya sudah lebih dari 2 tahun hampir 3 tahun menggunakan aplikasi ini tapi belum muncul juga dana cicil padahal saya selalu bertransaksi dengan aplikasi ini,1,2026-04-20 18:26:19,Negatif
bagus,5,2026-04-20 18:25:29,Positif
aflikasi ini sangat membantu proses transaksi....🫰🫰🫰,4,2026-04-20 18:24:15,Positif
"fitur dana cicil nya gak adil,di hp saya GK ada",5,2026-04-20 18:23:59,Positif
sangat membantu,4,2026-04-20 18:20:30,Positif
sangat cepat,5,2026-04-20 18:19:16,Positif
tolong saya mengajukan Dana cicil,5,2026-04-20 18:18:50,Positif
mantap,5,2026-04-20 18:18:29,Positif
ngebug ini apk knpa gabisa buat transfer sih malah keluar sendiri,1,2026-04-20 18:14:06,Negatif
"limit dana cicil ada,tungggakan gak ada tapi gak bisa di pakai,jadi apa gunanya dana cicil ni",2,2026-04-20 18:09:48,Negatif
aneh dana cicil udah di lunasi eh malah ga bisa. ngambil lagi,1,2026-04-20 18:09:37,Negatif
"kenapa ada gangguan koneksi menghubungkan ulang, pedahal sinyal sangat bagus, saya kasih bintang 3 dulu aja deh",3,2026-04-20 18:08:43,Netral
tidak bisa di buka,1,2026-04-20 18:08:01,Negatif
udah ada fitur dana instan eh malah limit nya yang gak bisa di pake parah,5,2026-04-20 18:06:39,Positif
mantap,5,2026-04-20 18:02:40,Positif
good lah tapi blm muncul fitur dana cicil nya guys,5,2026-04-20 18:02:20,Positif
semoga dana semakin terdepan...Dana Ia The Best.....,5,2026-04-20 18:02:17,Positif
pinjam uang lewat dana bayar otomatis saldo dana terpotong,5,2026-04-20 18:00:52,Positif
mantap,5,2026-04-20 17:54:26,Positif
uang aku hilang,1,2026-04-20 17:44:46,Negatif
kren,5,2026-04-20 17:44:24,Positif
ok,5,2026-04-20 17:42:06,Positif
"masa hp saya ga bisa pake dana mental"" mulu mau bikin juga gabisa",1,2026-04-20 17:40:27,Negatif
sangat tidak aman uang saya tibah2 terkirim entah ke mana padahal nomornya bener,1,2026-04-20 17:38:07,Negatif
bagus,5,2026-04-20 17:35:44,Positif
mudah di gunakan,5,2026-04-20 17:31:30,Positif
buruk👎👎👎,1,2026-04-20 17:25:52,Negatif
bagus,5,2026-04-20 17:25:31,Positif
gimana sih gua mau unreg KTP gua yg dihack orang aja susah banget,2,2026-04-20 17:23:39,Negatif
"ini gimna maksudnya ada yg kirim keakun dana saya, tapi tidak masuk, saldo yg mengirim sudah terpotong, penipuan kah ini",3,2026-04-20 17:20:24,Netral
sudah premium transaksi selalu besar tiap hari tapi dana cicil tidak muncul.APK GK JLASS,1,2026-04-20 17:17:40,Negatif
"akun busuk, masa ga bisa login padahal nomer bener",1,2026-04-20 17:11:18,Negatif
cepat transaksinya ❤️‍🩹,5,2026-04-20 17:07:30,Positif
tidak recomend nyedot saldo sendiri,1,2026-04-20 17:06:06,Negatif
"kenapa berkendala semua sih, ngapain aja?, mindahin aku kendala, ganti nomor kendala, CS yg bener2 aja lh kerja",1,2026-04-20 17:06:03,Negatif
gud,5,2026-04-20 17:03:44,Positif
gak bisa login terus. akun dana yang lama udah diblokir karna nomor hangus.,1,2026-04-20 17:01:38,Negatif
karna kepotong sendiri,1,2026-04-20 16:59:27,Negatif
bagus,5,2026-04-20 16:58:46,Positif
bagus,4,2026-04-20 16:58:19,Positif
jos,5,2026-04-20 16:56:52,Positif
bagus,3,2026-04-20 16:55:25,Netral
Gangguan terus ini aplikasi,3,2026-04-20 16:54:29,Netral
sangat membantu,5,2026-04-20 16:51:22,Positif
keren,5,2026-04-20 16:46:00,Positif
bgus,5,2026-04-20 16:41:51,Positif
okee,5,2026-04-20 16:41:50,Positif
jos jos,5,2026-04-20 16:40:15,Positif
ok,5,2026-04-20 16:37:12,Positif
oke,4,2026-04-20 16:36:39,Positif
"mending dana lu hapus aja di playstore , karna layananya kurang bagus , terus dana cicil gua ga muncul padahal pemakaian Uda lama",1,2026-04-20 16:35:44,Negatif
sangat berguna untuk saya,5,2026-04-20 16:34:13,Positif
pembayaran jadi mudah dan praktis,5,2026-04-20 16:33:42,Positif
sangat memudahkan dlm bertransaksi,5,2026-04-20 16:32:31,Positif
tidak bisa login error,2,2026-04-20 16:31:36,Negatif
"saldo dana saya dibobol org tak dikenal dan dikirim ke nomer bri org lain tanpa sepengetahuan saya,1,5 jt,saya kecewa yg katanya dana aman tp masi bisa dibobol",5,2026-04-20 16:29:54,Positif
jos jis,4,2026-04-20 16:29:25,Positif
munatappp,5,2026-04-20 16:29:20,Positif
ok,5,2026-04-20 16:28:17,Positif
sangsat membantu 👍👍👍👍👍👍,5,2026-04-20 16:28:02,Positif
bagus,5,2026-04-20 16:25:42,Positif
praktis mudah dan aman dalam ber Transaksi,5,2026-04-20 16:24:46,Positif
bagus banget fitur-fitur ny juga lengkap bagus lh pokoknya ny,5,2026-04-20 16:24:41,Positif
sgat bgus,5,2026-04-20 16:24:13,Positif
👍👍👍,5,2026-04-20 16:23:32,Positif
baik,5,2026-04-20 16:22:50,Positif
keren,5,2026-04-20 16:22:46,Positif
kalau masuk hati jadi senang 😍😘,5,2026-04-20 16:22:42,Positif
heyy saya dapat kiriman uang dari saudara saya tpi saat saya buka ternyata uangnya tiba-tiba terkirim ke aplikasi yg sudah lama dihapus tolong kembalikan uang sayaa!! uang tersebut mau saya gunakan bayar gojek besok skrng saya tidak ada uang bagaimana saya membayar gojek besok!!??? sangat menjengkelkan uang yg seharusnya tersimpan tiba-tiba sudah tidak ada di aplikasi tersebut dan hanya tersisa kurang dari Rp. 50.000. banyak keluhan tpi tidak di tanggapi dengan baik!!!!! aplikasi ga gunaa!!!!!!!,1,2026-04-20 16:22:12,Negatif
aku tidak bisa masuk akunku karna hp hilang sudah minta bantuan di dalam aplikasi. tapi masih gk bisa apakah ada solusi. aku punya dana cicil dan tabungan emas😭,1,2026-04-20 16:21:40,Negatif
"hari ini ga jelas keamanan nya duit w pas di TLP dari pihak dana di nyatakan dana di bekukan eh malah hilang saldo nya,di kuras habis 427rb,blm tau deh masih bisa dipercaya apa ga,skrg aj blm bisa di buka LG aplikasi nya ga bisa di buka loding terus....",1,2026-04-20 16:21:23,Negatif
saya suka sekali,5,2026-04-20 16:19:58,Positif
Dana Cicil tidak berlaku tidak tersedia dari tahun 2025 sampai sekarang 2026 udah 4 bulan nunggu transaksi baru 2hri aja udah mau 3jt malah dana cicil macet terus,5,2026-04-20 16:19:27,Positif
"hilangkan pitur dana cicil enjing kalau GK bisa di pake, tiap bulan ternaskasi lebih dari 5jt ke atas, buat apa fitur dana cicil kalau tidak bisa di gunakan sama sekali, sekali aja bisa masih mending , ini fitur ada tapi GK bisa di gunakan",5,2026-04-20 16:18:02,Positif
sangat membantu,5,2026-04-20 16:14:29,Positif
sukses terus dana,5,2026-04-20 16:13:54,Positif
tolong aktifkan dana cicil,1,2026-04-20 16:13:01,Negatif
sungguh sangat membantu aplikasi DANA ini .,5,2026-04-20 16:11:59,Positif
"Dana Cicil tidak ada muncul di menu aplikasi Dana,kendalanya apa??. tlong dibantu..🙏🏻🙏🏻",3,2026-04-20 16:11:51,Netral
Bagus dan bermanfaat saat transaksi dan pengiriman. 🙏🙏,5,2026-04-20 16:07:38,Positif
good,5,2026-04-20 16:06:05,Positif
bagus,5,2026-04-20 16:05:32,Positif
ok tapi tdk ada dana cicilnya,5,2026-04-20 16:02:46,Positif
bintang 1 aja ngga jelas dana di kirm kena potongan 1000 ngirim kena potongan juga 1500 begini nih klu SDH mulai besar akun dana mulai ambil keuntungan kanan kirim,1,2026-04-20 16:01:37,Negatif
bagus terpercaya,5,2026-04-20 15:59:56,Positif
proses dana cicil,5,2026-04-20 15:59:36,Positif
mantap,5,2026-04-20 15:59:27,Positif
"sampe sekarang duit kaga bisa d tarik d akun dana bisnis,dengan alasan verifikasi wajah berbeda,alasan KONYOL & TOLOL,jelas2 foto profil sama & pas pertama log in jg pake verifikasi wajah & berhasil,giliran mau tarik saldo d dana bisnis kaga bisa,BENER2 PD BLOON & TOLOL",1,2026-04-20 15:59:04,Negatif
baguss,5,2026-04-20 15:58:28,Positif
Pelayanan baik,5,2026-04-20 15:53:36,Positif
kenapa di akun saya tidak ada Fitur Dana Cicil padahal akun saya premium udh lama dan sering bertransaksi dan tidak pinjam apapun.,3,2026-04-20 15:53:12,Netral
login lama susah,4,2026-04-20 15:52:14,Positif
sering transaksi tapi dana cicil gak bisa di pake,1,2026-04-20 15:51:37,Negatif
puas,3,2026-04-20 15:47:54,Netral
mudah cepat dan praktis,5,2026-04-20 15:45:47,Positif
"dana cicil gabisa digunakan,untuk apa di adakan fitur dana cicil tapi kalau tidak bisa digunakan,mending hapus aja tuh fitur,sengaja ngasih bintang5 biar dibaca ga kependem",5,2026-04-20 15:42:57,Positif
keren lancar selalu dana,5,2026-04-20 15:42:44,Positif
mantap,5,2026-04-20 15:38:01,Positif
baguus,5,2026-04-20 15:34:35,Positif
mantul,5,2026-04-20 15:34:31,Positif
"fitur terbaru gak ada padahal udah di apdet tiap saat,dana cicil gak ada dana instan gak ada.gak sama sama yg lain aplikasini milih milih tuk fitur ini gak adil.",1,2026-04-20 15:33:37,Negatif
"saya sarankan mulai dari Skrang tinggal apk dana ini karena bahaya. ade saya nyimpan uang di apk dana tiba tiba hilang sebesar 2,4 juta tinggal kan . sebelum anda jadi korban .",1,2026-04-20 15:32:38,Negatif
kalo aku si yes,5,2026-04-20 15:30:53,Positif
bagus,5,2026-04-20 15:30:52,Positif
syang sekali kena admin dari apk nya,4,2026-04-20 15:28:44,Positif
sangat baik dan mudah proses pengiriman,5,2026-04-20 15:27:41,Positif
gak bisa gunakan. dana cicil padahal sudah ad limitya,5,2026-04-20 15:26:07,Positif
terimakasih dana,5,2026-04-20 15:26:06,Positif
bagus sekali mempermudah Masalah keuy,5,2026-04-20 15:23:59,Positif
okebaik,5,2026-04-20 15:23:40,Positif
kenapa dana saya tidak bisa di buka.sedangkan saya hanya mengganti hp yang baru.alasan sistem anda kebobolan jadi tidak bisa di buka,5,2026-04-20 15:22:58,Positif
gak bisa dana cicil,3,2026-04-20 15:21:15,Netral
suka,5,2026-04-20 15:21:06,Positif
luar biasa,5,2026-04-20 15:18:19,Positif
bagus,5,2026-04-20 15:17:07,Positif
"Kayaknya ribet pakai Dana untung gak ku isi banyak uangnya,saya mau deposit gak bisa kebuka,emang yang bagus penyimpanan uang di Gopay gak ribet.",5,2026-04-20 15:16:44,Positif
Dulu pake dana gampang bgt..knpa skrg susah terus logout muluu...padahal udh diperbarui jg..🤦🏻‍♀️🤦🏻‍♀️🤦🏻‍♀️ sekarang sering bgt saldo ilang berkurang didana kanapa dana ga seenak dlu & mau nyimpen uang berapa pun gak pernah ilang & berkurang jg.,2,2026-04-20 15:15:05,Negatif
baik top,5,2026-04-20 15:14:37,Positif
sangat membantu dan,5,2026-04-20 15:11:58,Positif
mantap,5,2026-04-20 15:10:48,Positif
apk nya bagus tapi aga lemot sa at membuka nya,5,2026-04-20 15:08:33,Positif
aplikasi ini sangat membantu,5,2026-04-20 15:07:36,Positif
sangat baik,5,2026-04-20 15:07:25,Positif
bagus,4,2026-04-20 15:06:58,Positif
pngen ada dana cicil nyaa,5,2026-04-20 15:06:15,Positif
Saya transfer Lewat DANA ke BANK MANDIRI belum masuk saya di suruh nunggu 24 jam ternyata belum masuk juga aplikasi ini gak berguna sangat merugikan SANGAT TIDAK BERGUNA DAN MERUGIKAN😔😟,1,2026-04-20 15:04:35,Negatif
"mantap,dgn fitur2 yang beragam,",5,2026-04-20 15:04:27,Positif
aplikasi sangat aman,5,2026-04-20 15:03:09,Positif
baik,4,2026-04-20 15:02:58,Positif
"Semakin tidak jelas aplikasi nya, saldo tiba tiba kepotog sudah 2x dan tidak ada riwayat transaksi. Cs tidak membantu",2,2026-04-20 15:02:39,Negatif
ok kirim uang cepat,5,2026-04-20 15:02:32,Positif
mantap kali,5,2026-04-20 15:02:02,Positif
mqntapp,5,2026-04-20 15:01:01,Positif
JIKA CUSTOMER TIDAK PUNYA DANA ATAU GO-PAY JANGAN DI SUKSES KAN DONG PENGIRIMANNYA GIMANA SIH RUGI 2X KITA!!,1,2026-04-20 15:00:59,Negatif
bagus,5,2026-04-20 14:58:47,Positif
sangat membantu,4,2026-04-20 14:58:45,Positif
Ok,3,2026-04-20 14:58:20,Netral
mantap,5,2026-04-20 14:56:27,Positif
dana sangat membantu dan proses transaksi cepat,5,2026-04-20 14:54:48,Positif
mantul,5,2026-04-20 14:53:59,Positif
terbaik,5,2026-04-20 14:53:38,Positif
keren,5,2026-04-20 14:52:01,Positif
"KA tolong sya pengen cair kan saldo di dabis saya saya butuh banget , kenapa susah banget ka tolong woi katanya mempermudah, eh ini malah mempersulit",1,2026-04-20 14:47:36,Negatif
bagus,5,2026-04-20 14:45:19,Positif
transaksi terbaik,5,2026-04-20 14:45:06,Positif
"nggak bisa untuk ngisi saldo di tik tok, padahal nggak ada yang salah sama akun nya apalagi goggle nya",1,2026-04-20 14:42:55,Negatif
sangat. baik,5,2026-04-20 14:39:44,Positif
tolong aktif kan fitur dana cicil dan dana instan di aplikasi dana saya bos ku.. saya kasih bintang 2 dlu..,2,2026-04-20 14:39:27,Negatif
tidak bisa login sering eror,1,2026-04-20 14:36:07,Negatif
tolong di perbaiki jika ada yang bayar tolong verifikasi di perhatikan,1,2026-04-20 14:35:35,Negatif
sangat bagus 👍,5,2026-04-20 14:34:39,Positif
bagus,5,2026-04-20 14:34:03,Positif
balikin akun lama saya woy kok gak bisa login,1,2026-04-20 14:33:58,Negatif
bagus,5,2026-04-20 14:33:50,Positif
dana cicil saya sudah memenuhi syarat tapi belom bisa di aktivasi,5,2026-04-20 14:32:20,Positif
mau tny dong kenapa dana punyaku gn BSA buat byr blnja di tiktok pdhl udh premium.. udh verivikasi tp msh disuruh tautkan trs.. mohon jwbnnya ya trs caranya DM dana centang biru/emas gmna ya,4,2026-04-20 14:31:45,Positif
bagus membantu,5,2026-04-20 14:31:40,Positif
mantap dan lebih cepat,5,2026-04-20 14:29:41,Positif
betulin noh pusat aktivitas nya load mulu terus uang yang di transfer orang tua saya tidak masuk total,4,2026-04-20 14:24:53,Positif
saya tiba tiba di potong dan tidak bisa di refund gimana solusinya dana,1,2026-04-20 14:24:40,Negatif
hallo saya mau mengeluh kan knp ya akhir2 ini uang yang ada di dana hilang sendiri😊bagai mana ini udah 3 tahun saya pakai aplikasi dana dan ini baru terjadi tolong di perbaiki apakah di bobol atau bagai mana saya mulai takut untuk mnyimpan uang di aplikasi dana,2,2026-04-20 14:24:38,Negatif
mantab,5,2026-04-20 14:24:14,Positif
Keluarkan fitur dana cicil saya,5,2026-04-20 14:24:05,Positif
mantap,5,2026-04-20 14:22:26,Positif
siip,5,2026-04-20 14:22:03,Positif
jaringan kali ya s7sah se jam l3vih top up tapi belum masuk saldo kw akun aku,4,2026-04-20 14:20:38,Positif
ok,5,2026-04-20 14:19:58,Positif
good,5,2026-04-20 14:19:42,Positif
mantap,5,2026-04-20 14:18:35,Positif
Bagus,5,2026-04-20 14:18:13,Positif
"sayang gak bisa masuk lewat sken wajah gak bisa masuk ,ada saldo 600ribu",1,2026-04-20 14:17:52,Negatif
praktis,5,2026-04-20 14:16:39,Positif
ka kenapa saya mau login Ndak bisa atas nama jasmo,5,2026-04-20 14:15:27,Positif
simpel praktis dan mudah👍,4,2026-04-20 14:15:08,Positif
muantap,5,2026-04-20 14:14:58,Positif
bagus,5,2026-04-20 14:14:11,Positif
tanpa kode ottp,5,2026-04-20 14:13:55,Positif
sngat membantu,5,2026-04-20 14:10:56,Positif
ok,5,2026-04-20 14:10:05,Positif
"saya kasih bintang 5,biar fitur dana cicilnya muncul",5,2026-04-20 14:09:38,Positif
lancar kirim uang nya,5,2026-04-20 14:08:57,Positif
ok,5,2026-04-20 14:08:34,Positif
konternya susah,3,2026-04-20 14:08:01,Netral
lemot,5,2026-04-20 14:06:52,Positif
sangat membantu dalam proses teransfer good lah,5,2026-04-20 14:02:34,Positif
nice,5,2026-04-20 14:02:21,Positif
bagus,5,2026-04-20 14:01:26,Positif
bagus dan terpercaya 🥰🥰🥰,5,2026-04-20 13:59:27,Positif
baik,3,2026-04-20 13:54:33,Netral
apk nya bagus cuman aku agak kesal masa saldo dana ku hilang sendiri 33k lagi padahal belum beli apa apa udh hilang aja itu dana,3,2026-04-20 13:52:25,Netral
Mantap,5,2026-04-20 13:52:17,Positif
subhannallah,5,2026-04-20 13:51:38,Positif
sangat membantu,5,2026-04-20 13:50:02,Positif
mantap,5,2026-04-20 13:48:53,Positif
sangat membantu,5,2026-04-20 13:48:48,Positif
sudah bertahun tahun dana cicil gak ada saya padahal transaksi. tiap hari,1,2026-04-20 13:46:44,Negatif
sangat membantu sekali..,5,2026-04-20 13:45:03,Positif
enak,5,2026-04-20 13:43:11,Positif
"sangat buruk di saat yg lain ada dana cicil dana instan,punya saya malah ga ada padahal transaksi begitu besar",1,2026-04-20 13:42:06,Negatif
pakai apk dana sudah lama . masak fitur dana instan tidak muncul,5,2026-04-20 13:41:39,Positif
👍,5,2026-04-20 13:41:30,Positif
mantap,5,2026-04-20 13:41:01,Positif
sip mantap,5,2026-04-20 13:40:17,Positif
"cepat da tepat alhamdulillah, mudah dan efektif",5,2026-04-20 13:39:24,Positif
ganguan dan lambat masuk atau terkirim,1,2026-04-20 13:38:14,Negatif
sangatt membantu sekali,5,2026-04-20 13:37:19,Positif
gmpng digunain cepet ngirim cuma kadang suka lemot buat transaksi,3,2026-04-20 13:37:05,Netral
bos q bagai mana cara registrasi dana cicil,5,2026-04-20 13:36:08,Positif
mantap,5,2026-04-20 13:35:09,Positif
sangat puas dengan adanya dana,5,2026-04-20 13:35:08,Positif
mantap,5,2026-04-20 13:32:48,Positif
kenapa harus di adakan aplikasi ini kalo gak bisa ngirim harus prefikasi ke premium udah gitu nggu lama..persetujuan nya gak seperti apliksi lainnya..Tolong la admin di perbaiki lebih cepat lagi terima kasih,1,2026-04-20 13:32:32,Negatif
"aplikasi ketinggalan zaman adain fitur print struk dong, apk yang lain sudah ada fitur itu",1,2026-04-20 13:31:54,Negatif
"kenapa ya dana cicil punya gw gk muncul""",2,2026-04-20 13:29:53,Negatif
ok siip sangat membantu,5,2026-04-20 13:29:30,Positif
sangat suka bangt,5,2026-04-20 13:28:18,Positif
"Tim dana tidak bisa membantu keluhan konsumen, saya sangat kecewa menggunakan aplikasi ini.",1,2026-04-20 13:26:15,Negatif
terlalu sering notofikasi bikin kaget,4,2026-04-20 13:25:38,Positif
memuaskan,5,2026-04-20 13:24:30,Positif
sangat bermanfaat saat bertransaksi,5,2026-04-20 13:24:06,Positif
"akun dana mulai marak di gunakan para penipu sebagai media transfer, karena proses report di dana sangat sulit, tidak mudah buat korban melaporkan nomor2 akun penipu, jadi pengguna dana harus ekstra berhati-hati bila melakukan transaksi transfer ke akun dana orang lain, lebih baik minta nomor rekening saja, karena sistem di aplikasi DANA tidak memberikan fasilitas yang mudah bagi pengguna nya yg menjadi korban penipuan, benar-benar sangat sulit melaporkan nomor dana yang melakukan penipuan.",1,2026-04-20 13:22:25,Negatif
sangat membantu,5,2026-04-20 13:21:44,Positif
Lebih mudah pake dana,5,2026-04-20 13:21:28,Positif
ribet bngt mau payment pke dana. udh 3x verifikasi ttp aja ga nyambung2. akun nya.,2,2026-04-20 13:21:22,Negatif
baik,5,2026-04-20 13:21:17,Positif
oke baik,5,2026-04-20 13:20:53,Positif
"tolong kali untuk admin dana ,saya GK pernah telat bayar dana cicil,TPI kenapa berapa bulan ini dana cicil saya tidak bisa di pakai,padalan sudah bolak balik verifikasi wajah,tpy tetap sama aja GK bisa di gunakan,tolong bantuan nya,kalau memang enggak bisa di pakai kenapa Masi ad gitu dana cicil ? tolong bantuan nya trus kenapa juga dana instan tida bisa di gunakan?",1,2026-04-20 13:20:24,Negatif
aman dan cepet transaksinya. Bagus banget,5,2026-04-20 13:19:51,Positif
Gimana sih gak bisa scan barcode ..mesti foto dulu.. udh gtu sesama dana sulit kirim saldo cih..boro2 mudah malah mempersulit,2,2026-04-20 13:18:43,Negatif
sangat membantu,5,2026-04-20 13:16:39,Positif
sangat mantap,5,2026-04-20 13:16:24,Positif
Mantap,5,2026-04-20 13:16:01,Positif
"Mau kirim uang, tarik tunai atau bayar belanjaan sejauh ini lancar.",5,2026-04-20 13:13:34,Positif
Mau login kena notif jaringan bermasalah mulu. trus kapan saya bisa login? gajelas banget. ini sinyal full bar paket data & wifi juga sama. aneh dah apk ini,1,2026-04-20 13:13:19,Negatif
sangat bagus,5,2026-04-20 13:13:17,Positif
"padahal saya sudah up dana premium tapi gabisa akses dana bisnis, mohon untuk diperbaiki",4,2026-04-20 13:12:40,Positif
memuaskan ❤️,5,2026-04-20 13:12:15,Positif
lu premium lu aman,4,2026-04-20 13:11:09,Positif
nyaman dan fleksibel.mantap...,5,2026-04-20 13:10:43,Positif
mantap,5,2026-04-20 13:09:08,Positif
tolong aktifkan fitur dana cicil saya,5,2026-04-20 13:08:39,Positif
ok,5,2026-04-20 13:08:32,Positif
dana menjaga uang simpanan kita. respect,5,2026-04-20 13:07:56,Positif
mantaplah,4,2026-04-20 13:04:05,Positif
sangat membantu,5,2026-04-20 13:03:05,Positif
"mudah, cepat dan aman",5,2026-04-20 13:02:46,Positif
mantap,3,2026-04-20 13:02:23,Netral
Bagus,5,2026-04-20 13:02:10,Positif
"sangat puas, aplikasinya GK ribet mudah di pahami",4,2026-04-20 13:01:16,Positif
ga suka banget apa apa harus premium,3,2026-04-20 13:01:09,Netral
sangatttt baguss,5,2026-04-20 12:59:27,Positif
bagus,4,2026-04-20 12:59:07,Positif
amanah,5,2026-04-20 12:58:46,Positif
saya gk bisa pake dana cicil,1,2026-04-20 12:58:14,Negatif
apk ini sangat membantu saya,5,2026-04-20 12:56:34,Positif
sangat membantu,5,2026-04-20 12:55:46,Positif
"dana ada yang bobol tiba tiba isi pulsa sendiri uang 500 baru disimpen 3 jam langsung hangus beli pulsa, nomor tidak dikenall Dana mangkin kesini mangkin kesana",2,2026-04-20 12:53:59,Negatif
bagus,5,2026-04-20 12:53:51,Positif
Kenapa akun dana saya terputus dari akun prakerja mau nyambungin gak bisa,5,2026-04-20 12:53:34,Positif
"kasih bintang 5 buat dana karena fitur dana instan berguna banget njir apalagi limit sampe 20 juta xixi,thankyou so much for DANA🔥",5,2026-04-20 12:48:45,Positif
sangat membantu,5,2026-04-20 12:46:59,Positif
sportif,5,2026-04-20 12:46:51,Positif
mantap,5,2026-04-20 12:46:35,Positif
good,5,2026-04-20 12:45:51,Positif
bagus,5,2026-04-20 12:45:07,Positif
sangat baik,5,2026-04-20 12:43:56,Positif
bagus banget,5,2026-04-20 12:43:32,Positif
puas,5,2026-04-20 12:39:00,Positif
bagus,5,2026-04-20 12:38:11,Positif
saya mau bayar lewat qris selalu gagal,5,2026-04-20 12:38:03,Positif
sekarang dana cicil ngga bisa digunakan kenapa,2,2026-04-20 12:35:58,Negatif
"Saya mau pengaduan verifikasi wajah saya gak bisa, karna sudah dibuat eror oleh hacker, saya mau minta pemulihan kepada pihak DANA tapi tidak ada solusi gimana cara ngatasinya",1,2026-04-20 12:35:41,Negatif
mantap,5,2026-04-20 12:33:30,Positif
aplikasi ini bagus namun aplikasi saya tidak ada fitur dana cicil walaupun sudah premium,5,2026-04-20 12:32:54,Positif
memudahkan sekali,5,2026-04-20 12:31:02,Positif
mantap aku suka banget,5,2026-04-20 12:30:23,Positif
saya sangat puas dengan aplikasi ini,5,2026-04-20 12:29:53,Positif
sangat membantu saya,4,2026-04-20 12:29:18,Positif
aplikasi dana jelekk 👎,1,2026-04-20 12:28:51,Negatif
sangat baguss aplikasi dana terbaik...,5,2026-04-20 12:28:33,Positif
Dana mantap,5,2026-04-20 12:26:11,Positif
baik,5,2026-04-20 12:25:55,Positif
bagus cuman suka patah²,4,2026-04-20 12:24:25,Positif
aplikasi anj,5,2026-04-20 12:24:04,Positif
sangat bermanfaat,5,2026-04-20 12:23:28,Positif
bikin fitur dana cicil ribet bngt tidak tersedia terus padahal cicilan di bayar Mulu ada in lah fitur chat cs bukan nya bot aneh! live chat cs ga ada kocak bngt ga niat bikin fitur dana cicil jngn di sediain lah aneh!!!,1,2026-04-20 12:23:15,Negatif
Semoga berkah apl nya. Ammin,5,2026-04-20 12:22:36,Positif
saya sangat suka,5,2026-04-20 12:21:41,Positif
bagus dan cepst,4,2026-04-20 12:20:44,Positif
mantap,5,2026-04-20 12:19:29,Positif
ok,5,2026-04-20 12:18:56,Positif
sering gangguan tolong di benarkan,5,2026-04-20 12:12:51,Positif
tolong lah dana lbih teliti saya simpan dana ku ke dana+ tapi saya mau tarik kembali ke dana biasa biar buat bli pulsa telkom ngga bisa harus sidik wajah terus dan gua tau gua udh lbih jelek dari dulu jdi udh ngga bisa ke detect muka gua. jadi tolong jng sidik wajah aja yang ditaruh didana+ buat penarikan tapi sandi nomor juga yg disimpan. padhal gua udh hapus juga loh sidik wajah gua dari dlu karna resah gua ngga pernah ke detect wajah ku. lu kira wajah ngga bisa berubah dongo bet.tdk ada otak,2,2026-04-20 12:11:58,Negatif
saya sengaja bikin bintang 5 biar di baca. kenapa saya bikin dana bisnis cetak qris nya lama mohon di perbaiki lah saya mau buka usaha jdi males karna qris saya belum di cetak,5,2026-04-20 12:11:39,Positif
"DANA BISNIS saya saldo tidak bisa dicairkan, sudah verifikasi akun tetap gagal terus gimana ini cara?",5,2026-04-20 12:11:21,Positif
"uda oke semua sii ini aplikasi, tapi tolong dong tambahin fitur sidik jari kalo mau transaksi biar ga terlalu ribett",5,2026-04-20 12:11:07,Positif
sangat bagus dan mudah di gunakan untuk berbelanja,5,2026-04-20 12:10:39,Positif
trima ksih tanpa atm aku bisa simpan uang,5,2026-04-20 12:05:23,Positif
bagus tapi suka lambat prosesnya,4,2026-04-20 12:04:14,Positif
bagus,5,2026-04-20 12:04:09,Positif
hape hilang nomor hilang sehingga tidak bisa menerima kode otp lagi sudah 2 bulan chat diana katanya nunggu diproses nnti di kabari lewat gmail sudah 2 bulan lebih gdk jawaban,1,2026-04-20 12:03:59,Negatif
kurang baik,3,2026-04-20 12:03:10,Netral
mantp dan puwas,5,2026-04-20 12:02:57,Positif
Transaksi lancar dan enak..,5,2026-04-20 12:02:53,Positif
"klu liat detail g bsa setelah transfer, bagaimna cara",5,2026-04-20 11:59:51,Positif
sangat membantu,5,2026-04-20 11:59:26,Positif
aplikasi yang membantu sekali,5,2026-04-20 11:58:54,Positif
Saya pengguna dana udaha lama,5,2026-04-20 11:58:00,Positif
bagus aman,5,2026-04-20 11:57:35,Positif
ok,4,2026-04-20 11:57:09,Positif
"makin kesini,makin gak ngotak,dana...harus transaksi pake,pulsa..kalo wifi gak bisa,,buat transaksi. .apl tambah,,gila...",1,2026-04-20 11:56:35,Negatif
ok,4,2026-04-20 11:54:34,Positif
puas dengan pelayanannya,5,2026-04-20 11:51:31,Positif
mantaaap👍👍,5,2026-04-20 11:51:28,Positif
perfect,5,2026-04-20 11:50:59,Positif
sanggat bagus,5,2026-04-20 11:50:56,Positif
biasanya gk pernah ada kendala apapun. transaksi tidak berhasil tapi uangnya sudah berkurang. responnya tidak ada refund uang. jadi buruk sistemnya!,1,2026-04-20 11:49:07,Negatif
puas,5,2026-04-20 11:49:02,Positif
bagus kalau di acc dana cicil,5,2026-04-20 11:48:24,Positif
sangat baik,5,2026-04-20 11:47:08,Positif
alhamdulilah,5,2026-04-20 11:47:02,Positif
"awal"" potongan nya cuma 500 rupiah. sekarang sudah naik jauh. auto hapus aplikasi",1,2026-04-20 11:45:25,Negatif
keren,5,2026-04-20 11:45:00,Positif
mantap skli,5,2026-04-20 11:42:28,Positif
jos,5,2026-04-20 11:40:58,Positif
"rugi banget,,..udah saldo tinggal sikit malah di potong, mana bukan sikit di potong nya",1,2026-04-20 11:39:05,Negatif
"aplikasi bagus, gampang di akses",5,2026-04-20 11:38:42,Positif
mantul,5,2026-04-20 11:37:53,Positif
bagus,5,2026-04-20 11:34:12,Positif
mantap lancar abiss.,5,2026-04-20 11:33:25,Positif
bagus sekali mantap,5,2026-04-20 11:31:50,Positif
"kenapa saya tidak bisa menggunakan dana cicil, selalu transaksi pakai dana,dan saat saya kepepet masih belum bisa,saya sangat kecewa dengan hal ini",2,2026-04-20 11:31:49,Negatif
"gangguan mulu noh kaga bisa klik transfer samsek mana lama lagi, udah gitu kaga ada keterangan kesalahan teknis/lagi repair gini kan jadi males safe disini trus juga dana udah dari lama jadi e wallet sehari hari gw tapi kenapa gangguannya kurang jelas mulu kek hubungan gw Ama dia yang gatau arahnya gimana. oiya ini gw ngomel pas mau bayar makan, pemilik toko kaga ada qris trus juga kadang dibikin lama pas lagi tarik saldo di outlet terdekat bikin malu aja gw lama nungguin ampe kasirnya kesel ndr",2,2026-04-20 11:31:21,Negatif
"saya sudah tidak isi saldo dana lagi karena dana cicil selalu tidak tersedia padahal masih ada limit 100rb, ini bentuk protes saya terhadap dana",1,2026-04-20 11:31:01,Negatif
sangat memuaskan,5,2026-04-20 11:28:50,Positif
ok,5,2026-04-20 11:28:31,Positif
Lima Bintang,5,2026-04-20 11:28:07,Positif
sangat bagus,5,2026-04-20 11:27:34,Positif
dana gua di sedot mulu kalian mending gausah dnlod,1,2026-04-20 11:26:25,Negatif
aplikasi yg kerren,5,2026-04-20 11:26:24,Positif
bagus si,5,2026-04-20 11:25:41,Positif
dana lagi rusak,1,2026-04-20 11:24:24,Negatif
mntap,5,2026-04-20 11:21:26,Positif
bagus,5,2026-04-20 11:21:18,Positif
ok,5,2026-04-20 11:19:56,Positif
mantap,5,2026-04-20 11:18:52,Positif
"tanggal 18 april 2026 saya membeli tiket nonton 2 tiket, total nominal 98.000 dengan iming"" dapat cashback 20.000 untuk minimal transaksi 80.000. sampai dengan tanggal 20 april 2026, cashback tidak masuk juga, dan saya tanyakan ke layanan customer service melalui chat online DIANA. permasalahan belum terselesaikan, tetapi chat di akhiri sepihak oleh CS. apakah ini permainan baru dalam mencuri uang digital dalam bentuk cashback ? tolong ditindak lanjut oleh pihak management aplikasi DANA.",1,2026-04-20 11:18:19,Negatif
👍,5,2026-04-20 11:17:39,Positif
sangat cocok,5,2026-04-20 11:15:22,Positif
Komplit dan bikin sglanya jg mudah,5,2026-04-20 11:13:33,Positif
top,5,2026-04-20 11:11:02,Positif
mantap dan terukur puas,5,2026-04-20 11:10:57,Positif
ok,5,2026-04-20 11:10:18,Positif
saya suka,5,2026-04-20 11:06:02,Positif
"saldo sering hilang akun gampang terkena hack,aplikasi ini tidak aman",1,2026-04-20 11:05:53,Negatif
gangguan. mulu,1,2026-04-20 11:05:22,Negatif
bagus,5,2026-04-20 11:01:42,Positif
kenapa saya gk ada dana instan,3,2026-04-20 10:58:46,Netral
mantap,1,2026-04-20 10:57:12,Negatif
transaksi cepat dan mudah,5,2026-04-20 10:56:32,Positif
"apaasihhhh udah d upgrade ke premium knpa.masihhh gbisa tf,pdhal udah d updatee jugaaa",3,2026-04-20 10:56:12,Netral
"adaa yang bisaa bantu gaa sayaa salah tranfer ke no danaa yang tidak aktif , live chat di dana yang bls nyaa robot , telpon call center belum adaa jugaa jawaban mintaa tolong sangat 🙏🙏",1,2026-04-20 10:55:11,Negatif
the best mantap...,4,2026-04-20 10:53:50,Positif
oky,5,2026-04-20 10:52:25,Positif
ok,5,2026-04-20 10:51:36,Positif
"akun dikunci dengan alasan TDK jelas,,",1,2026-04-20 10:50:33,Negatif
sangat membantu sekali,5,2026-04-20 10:49:13,Positif
Dana memang mantap. tPi tolong aktifkan kembali dana cicil saya min🙏🙏,5,2026-04-20 10:47:37,Positif
mudah & cepat,5,2026-04-20 10:46:20,Positif
baik,5,2026-04-20 10:44:07,Positif
mantap,5,2026-04-20 10:42:14,Positif
mantap,5,2026-04-20 10:41:57,Positif
very good,5,2026-04-20 10:41:03,Positif
sangat mmbantu,5,2026-04-20 10:41:01,Positif
sangat bagus,5,2026-04-20 10:39:31,Positif
bagus tapi pernah sekali saya membuka dana dan hp saya malah ngecrash sehingga harus direset data-datanya,5,2026-04-20 10:36:47,Positif
"saya ganti hp, kebetulan nomor dana saya sudah lama hilang, pas masuk akun pake hp baru, saya di minta pin dari hp Vivo v110 , padahal hp baru yg saya gunakan Tecno spark 20 pro plus, saya tidak paham dengan sistem aplikasi DANA, bener bener kecewa",2,2026-04-20 10:34:05,Negatif
tolong munculkan dana instan di akun dana saya,2,2026-04-20 10:32:48,Negatif
terbail,5,2026-04-20 10:32:38,Positif
lumayan,5,2026-04-20 10:29:27,Positif
"akun dana saya sudah premium, tapi kenapa pas saya mau verifikasi di dana bisnis proses nya lama sekali yaa?? sudah lebih dari 4hari belum di verifikasi, tolong segera di selesaikan, saya mau cetak qris untuk berjualan",5,2026-04-20 10:28:49,Positif
dana saya kenapa gabisa pakai data seluler ya harus slalu pakai wifi atau hospot,3,2026-04-20 10:27:42,Netral
udah lebiih dari 5thn tpi ga pernah dpt fitur dana cicil atau dana instan,5,2026-04-20 10:27:25,Positif
terapkan yang sebenarnya,5,2026-04-20 10:27:03,Positif
Joss Transaksi Amanah👍👍,5,2026-04-20 10:27:00,Positif
jos jos,5,2026-04-20 10:26:31,Positif
"apaa""n niih dana main potong saldo saya saya,, saya tidak melakukan transaksi lewat google,, mana transaksi di jam 3 pagii, saya lagi tidur, kenapa transaksi nya bisa sukses, saya saja tidak memasukan pin?? sangaatt sangaatt tidak aman di Dana",5,2026-04-20 10:25:57,Positif
saya sangat puas bertransaksi di dana,5,2026-04-20 10:25:15,Positif
bikin mudah untuk semua,5,2026-04-20 10:24:52,Positif
keren,5,2026-04-20 10:24:44,Positif
sangat membantu,5,2026-04-20 10:22:50,Positif
memuaskan,5,2026-04-20 10:22:14,Positif
cara memunculkan dana instan,5,2026-04-20 10:19:49,Positif
gak bisa login,1,2026-04-20 10:19:28,Negatif
aman dan terpercaya,5,2026-04-20 10:19:17,Positif
nyoba,5,2026-04-20 10:19:09,Positif
"ngak jelas,,saya sudah satu bulan ngak bisa melakukan transaksi,,buat laporan hampir tiap hari tapih juga tidak di perbaiki",2,2026-04-20 10:18:23,Negatif
ok,5,2026-04-20 10:18:03,Positif
"bagus sekali,sangat puas dng aplikasi ini",5,2026-04-20 10:16:38,Positif
luar biasa,5,2026-04-20 10:15:35,Positif
pelayanan cepat,5,2026-04-20 10:13:06,Positif
"tolong min saldo orang itu di jaga bener""tidakkk amannn aplikasi butut jelekkk sering bangett kesedot otomatiss aplikasi butut tolong min perbaiki",5,2026-04-20 10:13:05,Positif
apikas yang bagus,2,2026-04-20 10:12:11,Negatif
👍👍👍👍,5,2026-04-20 10:11:40,Positif
sangat baikkkkk,5,2026-04-20 10:11:07,Positif
Ok,5,2026-04-20 10:07:50,Positif
sangat mmbantu,5,2026-04-20 10:05:23,Positif
good,5,2026-04-20 10:00:40,Positif
kenapa saya tidak bisa mengakses dana cicil. padahal saya sering menggunakan apk dana ini,3,2026-04-20 09:59:53,Netral
mohon bantuannya dana cicil tidak ada di menu saya mohon bantuannya,1,2026-04-20 09:59:22,Negatif
bagus,5,2026-04-20 09:56:26,Positif
cepat dan aman,5,2026-04-20 09:56:03,Positif
oke saya suka,5,2026-04-20 09:55:27,Positif
👍👍👍,5,2026-04-20 09:52:43,Positif
lebih mudah,5,2026-04-20 09:49:36,Positif
bagus,5,2026-04-20 09:49:28,Positif
kurang baik aplikasi ini 👎👎👎👎,1,2026-04-20 09:49:06,Negatif
"apk nya minus banget , ngga bisa tarik tunai kalo ngga update , bagusan apk gopay tanpa update yg penting ada nomor hp aja",2,2026-04-20 09:49:05,Negatif
bagis,5,2026-04-20 09:48:23,Positif
"untuk pembayaran qris jujur ini aplikasi sangat cepat, tapi untuk yang lainnya sangat tidak direkomendasikan. gw mau up ke dana premium selalu aja ada masalah dengan verifikasi wajah, entah itu dikamera error, atau bahkan DANA yang tiba tiba ngelag dan ghost touch. customer service lambat, dan bahkan selalu memberikan solusi yang sama setiap sama menyampaikan kendala. mohon saya minta perbaikannya secepat mungkin!",2,2026-04-20 09:46:42,Negatif
ok,5,2026-04-20 09:46:09,Positif
mantap 😋,5,2026-04-20 09:41:14,Positif
transaksi sangat mudah,5,2026-04-20 09:40:53,Positif
baik bgt,4,2026-04-20 09:37:51,Positif
"mantap,",5,2026-04-20 09:36:16,Positif
nice bermanfaat,5,2026-04-20 09:34:07,Positif
sangat membantu untuk krim uang,4,2026-04-20 09:31:23,Positif
disuruh login ulang mulu Mana login malah gk bisa buka app,4,2026-04-20 09:30:39,Positif
mantap sob,5,2026-04-20 09:29:04,Positif
mudahan aman dan nyaman kedepan nya saat di gunakan amiin,5,2026-04-20 09:24:20,Positif
saya sudah lama pakai dana.. tapi kok belum ada fitur dana cicil ya..,5,2026-04-20 09:23:52,Positif
banyak erornya ga relate,1,2026-04-20 09:22:14,Negatif
dana cicilan saya sudah 2 bulan tidak bisa juga digunakan limit ada tagihan saya tidak ada,1,2026-04-20 09:19:14,Negatif
dana kalo akun itu belum premium plis deh gabisa in nerima duit dari orang lain. saya kemarin salah satu nomber malah ke tf ke orang salah satu no. tapi orang itu akun nya belum permium. kan saya gabisa cari nama dia siapa apalagi no nya udah ga aktif.,1,2026-04-20 09:19:11,Negatif
"mantab dana berguna, aman, mudah bertransaksi",5,2026-04-20 09:18:08,Positif
dana cicil tidak bisa di gunakan. mendingan gausah,1,2026-04-20 09:17:39,Negatif
sangat membantu,5,2026-04-20 09:15:25,Positif
kadang ngeleg tidak bisa di pakai,2,2026-04-20 09:13:51,Negatif
bagus,5,2026-04-20 09:12:50,Positif
oke,5,2026-04-20 09:10:56,Positif
mantap,5,2026-04-20 09:05:13,Positif
sukses dalam setiap transaksi,5,2026-04-20 09:04:01,Positif
berguna banget,5,2026-04-20 09:00:57,Positif
sangat bagus,5,2026-04-20 08:56:18,Positif
gratis admin,5,2026-04-20 08:55:42,Positif
"masa kalo ada keluhan kok tanya bot diana wkwk. bot loh yg ditanya in hahaha. gak guna banget itu para admin yg dulu stndby 24jam menangani keluhan pelanggan, sekarang digantikan jadi BOT DIANA yg menangani keluhan pelanggan. gak jelas banget",2,2026-04-20 08:52:37,Negatif
bisa dapat uang 💸💸💸💸,5,2026-04-20 08:51:24,Positif
bintang 3dulu nanti kalo udh muncul dana cicil baru bintang 5pke dana udh lama trus transaksi udh berjuta juta msih gaa muncul fitur nyaa,3,2026-04-20 08:48:35,Netral
membuat semua lebih efisien,5,2026-04-20 08:48:24,Positif
bagusss,5,2026-04-20 08:47:19,Positif
"Good,gracies",5,2026-04-20 08:45:28,Positif
top,4,2026-04-20 08:44:35,Positif
aplikasi bloon udah dilunasin walaupun telat limit cuman 150k tapi udah 3minggu lebih kagak bisa dipake dana cicilnya asli kocak,1,2026-04-20 08:40:00,Negatif
sangat membantu,5,2026-04-20 08:34:52,Positif
apk nya bagus memudahkan pembelian apapun,5,2026-04-20 08:34:45,Positif
dana gw ilang 34 ribu padahal gada yg ngapain SM ga ad yg ambil atau di pake anehh emg🤮,1,2026-04-20 08:33:54,Negatif
bagus,5,2026-04-20 08:33:32,Positif
trimakasih saya sangat puas dengan pelayanan dana,5,2026-04-20 08:30:58,Positif
bagus,5,2026-04-20 08:28:52,Positif
mantap,5,2026-04-20 08:27:38,Positif
"upgrade ke premium lama, katanya nunggu 2 hari, giliran udah 3 hari udah g bisa upgrade gimana iniii????!!!",1,2026-04-20 08:27:26,Negatif
danasayatidakbertambah cuma notifikasisaja,3,2026-04-20 08:27:01,Netral
bagus,5,2026-04-20 08:26:39,Positif
terbalik,5,2026-04-20 08:22:55,Positif
sangat baik,5,2026-04-20 08:21:12,Positif
kenapaa harus permium,5,2026-04-20 08:18:32,Positif
luar biasa,5,2026-04-20 08:16:24,Positif
dana cicil gak bisa dipakai. padahal pengguna setia dana tiap bulan transaksi bisa jutaan.,1,2026-04-20 08:15:28,Negatif
"APK PALING ANEH , NOMOR BENAR DAN PIN BENAR TPI KENAPA SELALU ADA TULISAN GABISA LANJUT KARNA SISTEM KEAMANAN ,",1,2026-04-20 08:13:44,Negatif
dana instan munculkan,5,2026-04-20 08:13:15,Positif
Susah,4,2026-04-20 08:11:58,Positif
cuman sayang dan intans nya gk ada,5,2026-04-20 08:11:23,Positif
"tidak bisa dana pinjam gmn, kirain semua penguna dana ternyata g semua harusnya semua penguna dana",3,2026-04-20 08:11:16,Netral
👍,5,2026-04-20 08:08:01,Positif
"aplikasinya bagus, untuk transaksi mudah. tapi kenapa akun saya tiba tiba keluar sendiri dan pas mau login ulang malah keluar dari aplikasi. ini saya sudah cukup sering terjadi, beberapa kali hapus install ulang aplikasi untuk perkara seperti ini. mohon bug seperti ini segera di perbaiki",3,2026-04-20 08:07:48,Netral
bisa masuk tak,5,2026-04-20 08:07:42,Positif
bagus,5,2026-04-20 08:06:29,Positif
mantap,5,2026-04-20 08:05:24,Positif
jos,5,2026-04-20 08:04:40,Positif
aplikasi yg mantap dan sangat membantu dalam transaksi dana digital,5,2026-04-20 08:04:09,Positif
okep,5,2026-04-20 08:04:04,Positif
bagus,4,2026-04-20 08:04:01,Positif
jangan mempersulit,5,2026-04-20 08:02:31,Positif
ok,5,2026-04-20 07:59:44,Positif
Pas mau daftar kok gak bisa ya waktu itu saya mau daftar nah disuruh masukin no telpon udah bener dan berkali kali saya coba masukin tapi pas saya pencet lanjutkan gak terjadi apa apa ini kenapa ya,1,2026-04-20 07:55:28,Negatif
ini gimana sih kok saya gabisa aktivasi ulang dana cicil.. kalo emang ga niat ngasih yaa gausah begini lah,1,2026-04-20 07:51:14,Negatif
sudah berkali2 buat laporan dana cicil tidak bisa dpakai lagi TPI ngak ada kejelasan nya.udah buat laporan 100x tetep aja kagak bisa.trus gmna lagi dhapus aja kalau tidak bisa dpakai aneh tahun kemarin bisa KK skrng kgk bisa udah 5blan ini sya trus buat laporan aja tpi tetep g bisa.g dbenerin Ama pihak dananya,1,2026-04-20 07:49:07,Negatif
mengpa saya ngga bisa menggunakan aplikasi ini,5,2026-04-20 07:48:15,Positif
terbalik,5,2026-04-20 07:46:27,Positif
apk mantul sangat membantu,5,2026-04-20 07:45:48,Positif
pembayaran yang mudah dan gak ribet the best lah 👍,5,2026-04-20 07:44:05,Positif
bagus,5,2026-04-20 07:42:43,Positif
di aplikasi transfer nya berhasil tapi uang nya tidak terkirim di pengirim kan kocak nih apk DANA,1,2026-04-20 07:40:26,Negatif
nyaman aman,5,2026-04-20 07:38:20,Positif
"Ini kenapa ya Dana cicil saya tidak bisa di gunakan ? padahal saya selalu bayar tepat waktu. tapi giliran mau di pakai malah tidak tersedia , limit nya masih ada padahal. kecewa banget. tolong dong jangan bikin kapok dan uninstal aplikasi dana",5,2026-04-20 07:38:17,Positif
sangan membatu,5,2026-04-20 07:37:08,Positif
perbarui akun dana,3,2026-04-20 07:36:15,Netral
mempermudah transaksi,5,2026-04-20 07:32:56,Positif
SAYA TIDAK BISA MEMBERI KRITIK TAPI BINTANG LIMA DARI SAYA MEMBUKTIKAN DANA ADALAH E-WALLET TERBAIK,5,2026-04-20 07:32:54,Positif
"sumpah kenapa dah, dana sekarang banyak bug, error dll, padahal dulu bagus ini aku kena bug atau error lagi ga bisa tranfer logo semuanya jadi putih ngeleg, tolong cepet di betulin profesional lah",1,2026-04-20 07:29:39,Negatif
aneh kadang suka error ini apk,1,2026-04-20 07:27:21,Negatif
bagus mudah di pahami menarik,5,2026-04-20 07:26:14,Positif
sangat membatu,5,2026-04-20 07:26:13,Positif
bagus,5,2026-04-20 07:25:40,Positif
good,5,2026-04-20 07:25:04,Positif
sangat membantu dalam aktifitas perdagangan atau jual beli,5,2026-04-20 07:22:10,Positif
top markotop dana nyaaaa 👍👍👍👍👍👍👍👍👍👍👍👍,5,2026-04-20 07:21:37,Positif
mantapp ni apk,5,2026-04-20 07:21:23,Positif
bagus,5,2026-04-20 07:21:02,Positif
tolong di bantu kenapa jadi putih ketika mau upgrade yah😤🙏,1,2026-04-20 07:20:34,Negatif
kesel banget transaksi 2024 masa ngk bisa di liat lg,5,2026-04-20 07:20:07,Positif
bagus,5,2026-04-20 07:20:01,Positif
sangat mudah,5,2026-04-20 07:18:19,Positif
puas sekallli,5,2026-04-20 07:17:43,Positif
suka,5,2026-04-20 07:15:40,Positif
"mudah, dan biru , DANA dompet digital andalanku, kemanapun di manapun, dana pilihanku 👍",5,2026-04-20 07:14:26,Positif
"cepat, aman, nyaman, ga ribet, jos deh",5,2026-04-20 07:13:59,Positif
sangat baik,5,2026-04-20 07:13:32,Positif
prosesnya cepat,5,2026-04-20 07:12:16,Positif
"aplikasi penipu, top up dari bank salah ketik nomor tetap masuk walau nomor tujuan tidak terdaftar di aku dana",1,2026-04-20 07:10:44,Negatif
knpa setiap mau login terkendala jaringan trus,1,2026-04-20 07:09:53,Negatif
tolong dong bos ku. untuk login nya cukup kata sandi sama peripikasi wajah aja. jngan ada kode otp nya. soa'nya punya saya kartu nya udah hilang. terus sekarang kaga bisa masuk,5,2026-04-20 07:09:52,Positif
lumayan membantu Saya dalam bertransaksi,4,2026-04-20 07:05:10,Positif
transaksi lebih cepat,5,2026-04-20 07:05:03,Positif
"limit dana cicil masih ada, tp entah kenapa tertulis tidak tersedia, chat DIANA, d arahkan bertanya ke customer care, d customer care juga tdk menemukan jawaban kenapa dana cicil tidak tersedia",4,2026-04-20 07:04:24,Positif
mantap,5,2026-04-20 07:02:46,Positif
👍,5,2026-04-20 06:59:33,Positif
kenapa aplikasi dana tidak menyediakan pinjaman kepada member dana,5,2026-04-20 06:58:40,Positif
kilat khusus sesuai kebutuhan,5,2026-04-20 06:58:08,Positif
saya sangat mudah melakukan aplikasi ini,5,2026-04-20 06:57:38,Positif
dana cicil nya tolong di mudahkan,5,2026-04-20 06:53:03,Positif
sangat membantu,5,2026-04-20 06:51:21,Positif
tolol,1,2026-04-20 06:51:04,Negatif
Sangat Baik Membatu,4,2026-04-20 06:48:42,Positif
bagus apknya tapi sayang dana cicilnya tidak muncul,5,2026-04-20 06:48:36,Positif
saya ingin mengobrol terkait akun saya dimana bisa bertemu/berkunjung di kantor dana,4,2026-04-20 06:46:57,Positif
bagus 👍🏻👍🏻,5,2026-04-20 06:43:04,Positif
bagusss jossss,5,2026-04-20 06:40:50,Positif
mantap sengat membantu dan bermanfaat good job👍👍👍👍👍,5,2026-04-20 06:39:35,Positif
mantep,5,2026-04-20 06:39:30,Positif
cukup memberi kemudahan dalam bertransaksi,4,2026-04-20 06:35:58,Positif
baik,5,2026-04-20 06:34:26,Positif
aplikasi dana menguntung kan,5,2026-04-20 06:34:07,Positif
bagus sekali,5,2026-04-20 06:33:03,Positif
"hapus aja aplikasi ini. aplikasi ga ada bagusnya. ga guna. banyak kekurangan. lelet,lemot,pelayanan ga bagus.",1,2026-04-20 06:30:10,Negatif
thanks official,5,2026-04-20 06:28:40,Positif
aplikasi ngaco,1,2026-04-20 06:28:32,Negatif
Mantapp,5,2026-04-20 06:28:02,Positif
suka nge bug lelet suka berhenti sendiri susah mau war daget,1,2026-04-20 06:27:26,Negatif
cepat dan mudah digunakan,5,2026-04-20 06:24:35,Positif
proses cepat,5,2026-04-20 06:24:22,Positif
"DANA SEKARANG UDAH MENGARAH PENIPUAN DAN SUDAH BANYAK KORBAN BERJATUHAN, SALAH SATUNYA SAYA SENDIRI . JANGAN PERNAH MENGGUNAKAN JASA DANA SEBAGAI ALAT TRANSAKSI LAGI , UANG TRANSFER DARI BCA SUDAH BERHASIL DENGAN NOMINAL 200RB TAPI DI DANA BELUM MASUK , DAN AKHIRNYA SAYA MEMBUAT ADUAN KE OPERATOR DANA YG DI LAYANI OLEH CHAT ROBOT, TAK ADA LAYANAN MANUSIA SAMA SEKALI , SEHINGGA UANG ANDA AKAN HANGUS DENGAN SENDIRINYA . DAN ADA JUGA KORBAN LAIN NYA YG BERJATUHAN SEHINGGA MENGALAMI KERUGIAN 11 JT",1,2026-04-20 06:19:37,Negatif
"aplikasi tolol kaga ngerasa bertransaksi tiba"" saldo ketarik otomatis tanpa memasukan pin, tolong dibalikin uang saya!!!",1,2026-04-20 06:17:42,Negatif
keren,5,2026-04-20 06:14:40,Positif
cukup sini saja,4,2026-04-20 06:13:20,Positif
"hapus iklan judol nya, ganggu banget",1,2026-04-20 06:12:50,Negatif
"apa sih dana , tiba' saldo ke potong sendiri gila kek maling apk ini ,",1,2026-04-20 06:10:38,Negatif
pusing aplikasi nya aneh udh di top up dan berhasil malah saldo nya ga bertambah anehhh,3,2026-04-20 06:10:28,Netral
"Mntap, tpi kenapa fitur cicilan / dana instan belum muncul padahal saya sudah transaksi pake dana sudah lama",5,2026-04-20 06:09:18,Positif
bagus dan sangat membantu,5,2026-04-20 06:06:34,Positif
dana cicil,5,2026-04-20 06:05:13,Positif
mantap,5,2026-04-20 06:04:14,Positif
Bagus cuma kok Kode OTP nya sering nggak Dikirim ya saya sudah mencoba 5x,5,2026-04-20 06:03:55,Positif
bagus,5,2026-04-20 06:02:06,Positif
sangat baik,5,2026-04-20 06:00:38,Positif
sering uang keluar tanpa izin,1,2026-04-20 05:59:37,Negatif
top up dana belum masuk juga tapi saldo di mbanking ke potong tambah buruk aja dana semakin kemari bukannya tambah bagus malah buruk,1,2026-04-20 05:58:15,Negatif
bagus & simpel,5,2026-04-20 05:56:58,Positif
mantap sangat membantu sekali,5,2026-04-20 05:56:51,Positif
kenapa seminggu ini saya dibuat mumet oleh dana. mau beli kuota tidak menampilkan semua menu kuotanya....,1,2026-04-20 05:56:14,Negatif
bagus sih sejauh ini,5,2026-04-20 05:55:01,Positif
tinggalin dana! lari ke gopay.. aplikasi beratt lelet!!,1,2026-04-20 05:53:24,Negatif
buruk sekali skrng sekrng.kadang keluar bgtu ajh bug,2,2026-04-20 05:53:23,Negatif
kreeeen,4,2026-04-20 05:51:31,Positif
Ok,3,2026-04-20 05:51:21,Netral
dana cicil nya tidak muncul,5,2026-04-20 05:50:55,Positif
mohon untuk mengakses fitur dana cicil,5,2026-04-20 05:50:22,Positif
keren,4,2026-04-20 05:47:17,Positif
nyaman,5,2026-04-20 05:47:09,Positif
ok bagus,5,2026-04-20 05:45:59,Positif
tolong dana saya error bisa dibantu kah? dari bank lain tidak bisa transfer uang kedana saya. walaupun sudah memakai kode yg tersedia. teri.akasih,5,2026-04-20 05:44:14,Positif
"sangat Baik, tapi dana cicil belum ada",5,2026-04-20 05:44:03,Positif
fungsi dana cicil apa klo gk bisa di gunain?,1,2026-04-20 05:43:35,Negatif
oke,5,2026-04-20 05:43:15,Positif
tidak bisa instal aplikasi dana,5,2026-04-20 05:42:54,Positif
sangat memuaskan terimakasih admin,5,2026-04-20 05:41:42,Positif
sangat bagus na freee biaya admin,5,2026-04-20 05:41:13,Positif
Dana dSelalu yang terbaik tidak pernah terkendala😍,5,2026-04-20 05:39:07,Positif
sangat puas,5,2026-04-20 05:37:53,Positif
mantap,5,2026-04-20 05:37:10,Positif
oke,5,2026-04-20 05:36:32,Positif
bagus serba bisa biaya terjangkau,5,2026-04-20 05:36:30,Positif
terpecaya,5,2026-04-20 05:35:44,Positif
"pengajuan ganti pindah akun dipersulit, info sudah lengkap, bolak balik email & chat DIANA lagi",3,2026-04-20 05:35:34,Netral
sangat aman,5,2026-04-20 05:34:39,Positif
ini bug apa gimna ya aku kan udah update ke dana premium tapi pas aku mau coba transfer malah di suruh upgrade lagi pas aku pencet up tulisan nya udah prem tpi ga bisa gimna in dna,5,2026-04-20 05:31:15,Positif
mantap,5,2026-04-20 05:29:42,Positif
Kanapa ya DANA saya tiba-tiba HILANG uang nya dan Saldo TopUp itu ga Masuk tolong dong DANA GIMANA SOLUSI NYA. saya jadi bingung harus gimana?,1,2026-04-20 05:29:36,Negatif
transaksi sangat lancar bagus 👍 melalui apl dana ini,5,2026-04-20 05:29:04,Positif
sangat membantu,5,2026-04-20 05:28:16,Positif
sangat memuaskan,5,2026-04-20 05:26:03,Positif
good,5,2026-04-20 05:25:10,Positif
mantap bisa mempermudah tranfer uang dmna pun pakai dana saya sngat beruntung,5,2026-04-20 05:25:07,Positif
bagus TF gratis admin,5,2026-04-20 05:23:16,Positif
Ok,5,2026-04-20 05:22:45,Positif
keren,5,2026-04-20 05:19:00,Positif
bagus,4,2026-04-20 05:16:23,Positif
bagus,5,2026-04-20 05:13:06,Positif
memudahkan untuk bertransaksi,5,2026-04-20 05:11:50,Positif
dana cicil sekarang tidak bisa di gunakan. itu kenapa?,4,2026-04-20 05:11:34,Positif
mantap,5,2026-04-20 05:06:25,Positif
Alus pisan da,5,2026-04-20 05:06:15,Positif
baru pakai dana,5,2026-04-20 05:06:00,Positif
sangat membantu bisnis saya,5,2026-04-20 05:04:57,Positif
dana memang sangat membantu,5,2026-04-20 05:04:19,Positif
Hati hati menggunakan aplikasi ini Uang kalian bisa lenyap tanpa konfirmasi,1,2026-04-20 05:04:17,Negatif
best,5,2026-04-20 05:01:47,Positif
sistem dana tolong dibenerin..bayangin aja..saya lagii urgent buat kirim uang ke keluarga dikampung yang lagi butuh cepet..tapi sistem aplikasi ini tidak membantu sama sekali..anda ingin melihat keluarga kami menderita?,1,2026-04-20 05:00:35,Negatif
mantap,4,2026-04-20 04:57:45,Positif
aplikasi bagus,5,2026-04-20 04:56:36,Positif
kenapa di akun saya GK ada dana cicil ya padahal transaksi udah banyak dan udah premium juga,3,2026-04-20 04:56:17,Netral
suka sekali,5,2026-04-20 04:53:57,Positif
sangat baik,5,2026-04-20 04:53:10,Positif
Apk yang dapat di percaya sukses terus,5,2026-04-20 04:50:44,Positif
mantap,5,2026-04-20 04:50:28,Positif
aplikasi sangat membantu,5,2026-04-20 04:48:35,Positif
semakin mudah dan banyak promonya,5,2026-04-20 04:48:04,Positif
"aplikasi Dana saya suka kehapus sendiri...alias ke uninstal sendiri,,,dan ini saya instal ulang yg ke 10X dalam waktu 3 hari",2,2026-04-20 04:47:48,Negatif
saya ingin mengisi uang dana 9.9999,5,2026-04-20 04:47:12,Positif
mantap,5,2026-04-20 04:42:47,Positif
saya buat jualan pulsa....tapi ada yang diproses terus statusnya sampai Berjam jam. pembelinya sampai marah2 sama saya. dan gaada kejelasan uangnya kembali atau engga,1,2026-04-20 04:38:07,Negatif
trimakasih,5,2026-04-20 04:33:13,Positif
sangat membantu,5,2026-04-20 04:29:14,Positif
bagus,5,2026-04-20 04:28:40,Positif
aplikasi kacau. makin hari makin buruk,1,2026-04-20 04:28:20,Negatif
"dulunya bagus kenapa tidakk biasa nya kirim sama di tiktok uang cepat gara ""HP ku hilang akhirnya Aku ganti nomor lagi dana",5,2026-04-20 04:27:29,Positif
sudah punya dana cicil tapi tidak bisa di pakai,3,2026-04-20 04:24:20,Netral
mntap,4,2026-04-20 04:23:41,Positif
"Ingin punya fitur DANA CICIL, tolong aktifkan fitur DANA CICIL saya, saya ada kendala saat bertransaksi",2,2026-04-20 04:23:33,Negatif
kenapa saya tidak bisa memakai dana cicil/aktifasi selalu gagal,2,2026-04-20 04:21:45,Negatif
sangat membantu,5,2026-04-20 04:20:09,Positif
tolong aktifin limit dana cicil saya sudah memenuhi syarat dana dana saya juga sudah premium,4,2026-04-20 04:20:07,Positif
ko minta di update mulu,1,2026-04-20 04:19:56,Negatif
Sebagai customer saya merasa di rendahkan .,1,2026-04-20 04:16:20,Negatif
limited dana cicil tersedia tapi tidak bisa digunakan.,2,2026-04-20 04:09:05,Negatif
pakai aplikasi dana sangat gampang dan tidak sulit saat pembayaran terus kembangkan bosku 👍,5,2026-04-20 04:08:58,Positif
"error panjang bikin kapok, mending g usah install . sudah 2 hari g bisa buka...kapok mana uang udah masuk g bisa digunakan",2,2026-04-20 04:08:37,Negatif
baik,5,2026-04-20 04:08:24,Positif
"aneh tidak ada koneksi internet terus padahal jaringan saya stabil bisa di bilang bagus, meskipun pakai wifi rumah juga sama",3,2026-04-20 04:07:41,Netral
dana laternya katanya ada tapibga ada,4,2026-04-20 04:06:18,Positif
aplikasi gak konsisten banyak bug,1,2026-04-20 04:05:10,Negatif
ok ok,5,2026-04-20 04:04:18,Positif
bagus,5,2026-04-20 04:03:49,Positif
"overall bagus semua fiturnya, cuma ini dana cicil udah sering pakai udah dijaga pembayaran nya biar ga telat sampai jatuh tempo, eh tiba tiba malah ga tersedia tidak bisa pakai, kalau tau ga bisa di pakai lagi mending ga usah bayar itu dana cicil.",3,2026-04-20 04:03:19,Netral
"langsung aja ya, saya sering sekali kehilangan uang di dana ini, keamanan nya sangat minim, bisa""nya uangnya hilang ratusan ribu padahal kita tidak pernah mengirim atau membeli sesuatu, tadi saya barusan kehilangan uang 80ribu dengan keterangan membeli pulsa, padahal saya sendiri tidak pernah membeli pulsa😭😭😭😭",1,2026-04-20 04:00:54,Negatif
aplikasi mudah digunakan,5,2026-04-20 03:58:23,Positif
transaksi nya cepat dan aman,5,2026-04-20 03:58:22,Positif
"aplikasi sampah,,hati2 jangan simpan uang di aplikasi ini,,klo moner ilang ga bisa login,, padahal sudah verivikasi wajah,,jadi takut transaksi via aplikasi ini,,jangan di download",1,2026-04-20 03:57:51,Negatif
fitur dana cicil kok gak ad,1,2026-04-20 03:55:49,Negatif
sangat memuaskan,5,2026-04-20 03:55:04,Positif
sangat puas,5,2026-04-20 03:53:13,Positif
limit dana cicil saya kenapa jadi tidak bisa di pakai yah,4,2026-04-20 03:50:53,Positif
akun dana saya dibekukan mantap dana,1,2026-04-20 03:48:04,Negatif
kenapa tidak bsa meng instal apk dana ini,1,2026-04-20 03:47:19,Negatif
baik,5,2026-04-20 03:44:29,Positif
mbok dihapus riwayat aktivitas bikin susah aja,5,2026-04-20 03:42:03,Positif
"sudah 1 tahun lebih , pembayaran bagus gak naik2 dana cicil.. tetep 100 RB dr awal... payah!!",2,2026-04-20 03:41:24,Negatif
ok,5,2026-04-20 03:37:27,Positif
keren,5,2026-04-20 03:37:13,Positif
senangg,5,2026-04-20 03:36:51,Positif
👍,5,2026-04-20 03:36:16,Positif
mantap,5,2026-04-20 03:33:43,Positif
sangat bergunaa transaksi jadi lebih mudahh bahkan sambil rebahan pun bisa transaksi kemana mana,5,2026-04-20 03:33:36,Positif
aplikasi aneh padahal saya ada paket internet kok tulisannya koneksi internet anda terputus,1,2026-04-20 03:33:30,Negatif
terpercaya,5,2026-04-20 03:32:24,Positif
mantap,5,2026-04-20 03:31:42,Positif
tolong dana cicilnya setidaknya bisa di gunakan masa tidak berlaku sdh berapa hari,5,2026-04-20 03:31:01,Positif
Sering dapat vucher..,5,2026-04-20 03:30:27,Positif
saya ingin dana cicil,5,2026-04-20 03:28:49,Positif
mantap,5,2026-04-20 03:27:56,Positif
"bagus ,mudah digunakan",5,2026-04-20 03:27:54,Positif
padahal dana cicil sudah lunas.. tapi malah gak bisa dipakai lagi..,3,2026-04-20 03:23:39,Netral
mudah dan cepat,3,2026-04-20 03:22:40,Netral
sangat cocok,5,2026-04-20 03:19:25,Positif
kenapa dana sekarang tidak bisa lihat detail tolong jelaskan,5,2026-04-20 03:18:47,Positif
okee,3,2026-04-20 03:17:19,Netral
sangat simple dan nyaman,5,2026-04-20 03:17:15,Positif
"buruk sekali aplikasinya abis top up mau d pke Mala g bisa bilangx eror trus,masak DRI kmren Ndak bisa2",1,2026-04-20 03:16:56,Negatif
baik,5,2026-04-20 03:15:52,Positif
mantap paket dana,5,2026-04-20 03:14:48,Positif
saya gk ad dana cicil,5,2026-04-20 03:13:03,Positif
lebih suka naro uang di sini fitur nya banyak,5,2026-04-20 03:10:45,Positif
lancar,5,2026-04-20 03:09:20,Positif
baik,5,2026-04-20 03:08:08,Positif
tidak pernah terjadi kendala yg berarti..selalu sukses untuk transaksi,5,2026-04-20 03:07:48,Positif
sangat puas,5,2026-04-20 03:04:56,Positif
aplikasi nya sangat bagus cuman ngak bisa pake dana pay later,5,2026-04-20 03:02:55,Positif
baik,5,2026-04-20 02:58:58,Positif
pokoy bagus' mantap,5,2026-04-20 02:57:27,Positif
bagus,5,2026-04-20 02:54:21,Positif
"Aplikasi SAMPAH, cs nya bot.. gabisa berkomunikasi dengan cs asli untuk sekedar bertanya. Mending pake ewallet yang lain",1,2026-04-20 02:54:01,Negatif
gabisa scan qris,1,2026-04-20 02:50:29,Negatif
suka sayang nya dana cicil gak muncul,5,2026-04-20 02:49:44,Positif
mantap sukses selalu,5,2026-04-20 02:49:37,Positif
"saya punya tab redmagic tapi aplikasinya tidak kompatibel, padahal spesifikasi dan OS nya lebih baik hari hp",5,2026-04-20 02:49:29,Positif
mau isi kartu emoney malah gamasuk tapi saldo berkurang,1,2026-04-20 02:47:01,Negatif
perfecto,5,2026-04-20 02:46:10,Positif
"saya gabisa login pake akun saya terus coba pake nomer temen juga masih gabisa dan katanya akun saya di suspend permanen karna ada tindakan mencurigakan padahal saya ga ngelakuin apa apa,saya cuma pengen bisa pake dana lagi di hp saya",1,2026-04-20 02:45:42,Negatif
"aplikasi penipuan, jangan di pake, tidak aman , gampang di bobol orang lain, Saya pernah tiba2 ada transaksi yg tidak Saya lakukan dan Saldo Saya habis di pindah ke rekening BCA **** 5303, chat ke Customer service tidak membantu..",1,2026-04-20 02:44:57,Negatif
kenapa aktivitas nya gk bisa di lihat min tolong di perbaiki lagi,5,2026-04-20 02:44:44,Positif
bagus sekali,5,2026-04-20 02:42:50,Positif
"ko makin ke sini makin sering eror, buka dana sllu keluar manu trus, setelah di hapus, trus download lg baru bisa, repot kalo mau pake dana harus hapus, trus download lg",1,2026-04-20 02:42:34,Negatif
ga jelas tiba tiba duwit gua ke potong padahal gua kaga beli apa apa yang tadi ya 30k jadi 12k aduhh emang juga itu duwit buat jajan malah di potong se banyak itu,1,2026-04-20 02:42:18,Negatif
manfaat,5,2026-04-20 02:41:50,Positif
"Saya kecewa Berat Dana tidak membantu saya pinjaman ,padahal saya uda banyak transaksi..ini hanya prank hoax menampilkan bebrgai apk didalam mmbuat android saya berat..dan Dana cicil hanyalah dongeng mereka tak sanggup memberi pinjaman padhal data KTp lengkap dn aman..Bintang 1 ,semoga Musnah dari playstore dan kita berpindah di seabank yg bekerja sama shopeepay dan terjamin",1,2026-04-20 02:41:38,Negatif
Good aplikasi,5,2026-04-20 02:39:00,Positif
dan konsi terputus,5,2026-04-20 02:33:52,Positif
bagus ga lemot,5,2026-04-20 02:29:46,Positif
cepat dan tepat,5,2026-04-20 02:27:16,Positif
aman dan terpercaya,5,2026-04-20 02:26:47,Positif
ok bagus,5,2026-04-20 02:26:28,Positif
mudah untuk trnsaksi,5,2026-04-20 02:22:38,Positif
"transaksi gak prnah kurang dri 5jt prbulan dana ccil gak bisa d gunakan payah,php",1,2026-04-20 02:20:26,Negatif
sangat membantu,5,2026-04-20 02:19:49,Positif
suka sekali sm apikasi ini..,5,2026-04-20 02:15:03,Positif
mantap,5,2026-04-20 02:09:17,Positif
lebih baik dan nyaman,5,2026-04-20 02:07:26,Positif
saya ingin mengirim uang karena keadaan genting malah minta di suruh upgrade akun ke premium dan untuk upgrade akun minta waktu 2 hari pelayanan apaan ini malah dipersulit,1,2026-04-20 02:01:37,Negatif
kenapa saat saya downlod game premium malah error cepat diperbaiki saya sudah isi,1,2026-04-20 02:00:20,Negatif
dana cicil saya gak bisa d pakai yah min,5,2026-04-20 02:00:18,Positif
sangat membantu,4,2026-04-20 01:58:40,Positif
"aplikasinya sih bagus tapi sayang dipake kadang suka keluar"" sendiri tolong dibenerin",1,2026-04-20 01:55:47,Negatif
mantap. memudahkan segala urusan,5,2026-04-20 01:55:13,Positif
sangat baik sekali,5,2026-04-20 01:53:28,Positif
akun saya kena hack 150rb lenyap keamanan dana rapuh banget jangan pakai dana buat transaksi,1,2026-04-20 01:51:50,Negatif
sangat bagus dan membantu,5,2026-04-20 01:51:47,Positif
puas,3,2026-04-20 01:51:01,Netral
dana cicil dan dana instan dah okey cuma sayang limit gak naik naik...padahal sya gk pernah nunggak,4,2026-04-20 01:50:58,Positif
"Percuma limit dana cicil terbuka tp tidak bisa dipakai karna habis nunggak 1buln ,tp sudh dilunasi semua ,ini sudh berjalan hampir 3bulan tp masih saja blm bisa di pakai lg",2,2026-04-20 01:49:24,Negatif
mantap,5,2026-04-20 01:45:42,Positif
Saya menggunakan DANA ± 3 tahun tapi sya sangat kecewa sebab dana cicil 100 Ribu yg tersedia dan tidak bisa di gunakan,1,2026-04-20 01:45:03,Negatif
Lebih mudah bertransaksi,5,2026-04-20 01:36:42,Positif
sangat memuaskan,5,2026-04-20 01:35:19,Positif
Sangat membantu....,5,2026-04-20 01:34:57,Positif
nice,5,2026-04-20 01:34:50,Positif
oky,5,2026-04-20 01:30:29,Positif
ok,5,2026-04-20 01:28:28,Positif
tingkatkan lagi keamanan aplikasi DANAnya min. dah itu aja untuk saat ini..,3,2026-04-20 01:23:33,Netral
dana saya sering gagal dalam transaksi,4,2026-04-20 01:21:03,Positif
"baru ngisi dana tiba² ada transaksi ilegal tanpa persetujuan nasabah, duit hilang ntah kmna padahal udh lama percaya tpi sekarang udh gk percaya lg sama apk ini, saran saya pake apk sebelah aja lebih aman praktis, udh banyak orang mrasa dirugikan duit hilang gk dibalikin!!!!👎👎👎",1,2026-04-20 01:20:54,Negatif
baikk,5,2026-04-20 01:20:50,Positif
kasih lah dana cicil min biar kalok lagi kepepet bisa minjem lewat dana tanpa ribet²,5,2026-04-20 01:19:20,Positif
bagus👍,5,2026-04-20 01:19:08,Positif
sagat puas,5,2026-04-20 01:17:22,Positif
aplikasi force close saat mau login,1,2026-04-20 01:16:01,Negatif
saldo saya bisa hilang,2,2026-04-20 01:15:37,Negatif
puas,5,2026-04-20 01:10:36,Positif
bagus,5,2026-04-20 01:08:35,Positif
caranya mudah untuk kirim dan transaksi uang,5,2026-04-20 01:05:05,Positif
"baru kemarin dpt limit dana cicil 1 jt,hari ini baru mau dipakai transaksi knapa limitnya tau2 turun jadi 100rb",4,2026-04-20 01:04:34,Positif
semua ok tapi sayang kalo masuk pake HP lain harus pake kode OTP sedangkan nomor yang digunakan hilang kartunya.. jadi gak bisa digunakan lagi akunya...,5,2026-04-20 01:02:22,Positif
ringkas dan mudah,3,2026-04-20 01:00:11,Netral
"sudah masukkan nomor dan pin, di minta kode otpnya lewat email, setelah aku cek email ku gak ada kode otpnya atau pesan dari dana, ini gimana sih sedangkan aku coba pake nomor lain/akun lain malah lebih gampang lewat via WhatsApp kode otpnya, balikin akunku perbaiki kode otp via emailnya, udah nunggu lama gak dapet² kode otp via email",1,2026-04-20 00:59:58,Negatif
bgus,5,2026-04-20 00:59:10,Positif
terbaik,5,2026-04-20 00:59:10,Positif
mantap,5,2026-04-20 00:58:27,Positif
"proses loginnya lama banget, mana gagal terus makin sini makin ribet",1,2026-04-20 00:52:03,Negatif
sangat membantu kami sebagai orang kampung,5,2026-04-20 00:50:26,Positif
"memuaskan sekalii,kadang duit saya berkurang kadang bertambah",5,2026-04-20 00:50:15,Positif
baik,5,2026-04-20 00:48:14,Positif
Mantap,4,2026-04-20 00:45:23,Positif
sang at membantu dalam proses kirim terima uang,5,2026-04-20 00:42:59,Positif
mantap,5,2026-04-20 00:42:28,Positif
sangat mudah dengan adanya aplikasi dana,5,2026-04-20 00:40:56,Positif
sukses,5,2026-04-20 00:34:54,Positif
Dana tidak bisa di buka' kaya di blok! mohon di buka kembali atau ada yang bajak?,5,2026-04-20 00:32:37,Positif
mantabbbbb,5,2026-04-20 00:30:21,Positif
hapus aja dana banyak judol lebih baik mencegah daripada mengobati bnyk yang menyalahgunakan,1,2026-04-20 00:28:29,Negatif
sekarang ada potongan 1500,1,2026-04-20 00:26:50,Negatif
mntap,4,2026-04-20 00:26:11,Positif
sangat mudah beraktivitas dengan menggunakan dana,5,2026-04-20 00:26:10,Positif
sangat membantu,5,2026-04-20 00:25:36,Positif
kenapa sekarang transaksi kirim uang terkendala,5,2026-04-20 00:24:33,Positif
Sering gagal saat di isi Saldo dari kartu VISA!!,1,2026-04-20 00:23:21,Negatif
ok,3,2026-04-20 00:23:13,Netral
mantap,5,2026-04-20 00:22:25,Positif
sngat mmbantu bwangeet.. mntap,5,2026-04-20 00:22:02,Positif
bagus,5,2026-04-20 00:15:59,Positif
"ribet, rugi aplikasi ini",1,2026-04-20 00:12:20,Negatif
super mudah dan ga bikin ribet,5,2026-04-20 00:10:11,Positif
bagus,5,2026-04-20 00:05:32,Positif
aplikasi yang sangat bagus dan sangat membantu dalam aktivitas keuangan dengan aman.,5,2026-04-20 00:05:28,Positif
bagus,5,2026-04-19 23:57:45,Positif
mudah ga ribet,5,2026-04-19 23:57:32,Positif
"suka bgt aplikasi ini,. bisa TF dan bayar"" tanpa mikir admin yang merusak mental 😂😂🥰 mohon terus perbaiki layanan yaa,. makasih,.",5,2026-04-19 23:54:31,Positif
jan install guys saya top up e toll ngga masuk dan sudah lapor sama CS ngga ada tindak lanjut,1,2026-04-19 23:53:09,Negatif
baik,5,2026-04-19 23:52:44,Positif
"memudahkan transaksi, sangat membantu",5,2026-04-19 23:51:42,Positif
mantep banget bang ini aplikasi,5,2026-04-19 23:44:44,Positif
puas,5,2026-04-19 23:40:54,Positif
"untuk upgrade ke premium saja harus menunggu lama,pemindahan data juga lama,bagaimana aplikasi ini layal di gunakan untuk bertransaksi,kalau system peninjauan upgrade yang wajib untuk kirim dan terima uang di persulit? pantesan orang males pakai dana,upgrade premium saja amburadul !!!!!",1,2026-04-19 23:39:18,Negatif
saldo ku tiba tiba ngurang banyakkk,1,2026-04-19 23:36:28,Negatif
baik,5,2026-04-19 23:36:05,Positif
good jobb,4,2026-04-19 23:32:33,Positif
sangat berguna untuk semua transaksi,5,2026-04-19 23:25:53,Positif
sangat membantu saya,5,2026-04-19 23:18:58,Positif
good,5,2026-04-19 23:13:29,Positif
mantap,5,2026-04-19 23:10:49,Positif
saya menggunakan aplikasi dana ini cukup bagus untuk menabung,5,2026-04-19 23:05:40,Positif
mengapa tidak ada fitur dana cicil ?,1,2026-04-19 23:02:22,Negatif
"makin ke sini makin bayar ada biaya adminya. bayar apa apa ada biaya admin 2500rb. buat kalian semua yang baca mending pindah bank digital lain aja yang gratis biaya transfernya seperti bank jago, seabank dan bank lainnya. dari 2021 pakai bank eh ada biaya admin sekarang dan hari ini hari terakhir juga menggunakan DANA.",1,2026-04-19 22:59:07,Negatif
apk ini membantu sekali,5,2026-04-19 22:57:51,Positif
proses cepat,4,2026-04-19 22:57:44,Positif
gampang makenya gak ribet,5,2026-04-19 22:45:55,Positif
mantap,5,2026-04-19 22:38:06,Positif
bagus,5,2026-04-19 22:36:24,Positif
sangat bagus berguna bagi aku,5,2026-04-19 22:25:03,Positif
mantap,5,2026-04-19 22:20:48,Positif
kurang dana cicil,5,2026-04-19 22:19:20,Positif
keren,5,2026-04-19 22:11:54,Positif
cukup baik,5,2026-04-19 22:07:03,Positif
Ini keren aplikasi ini sekarang dana lagi ulang tahun kita dapat dana 50 ribu jir mantap dana,5,2026-04-19 22:06:06,Positif
sangat bagus,5,2026-04-19 21:59:24,Positif
mantap,5,2026-04-19 21:59:18,Positif
kenapa pitur dana cicil saya gak ada padahal saya sudah lama pake dana,5,2026-04-19 21:58:44,Positif
cara mengembalikan account lama yang sudah ter update . terlalu sulit. kalo sudah tidak ada kartu sim card pertamanya (hilang) . tolong di permudah lagi untuk develovment dana.,4,2026-04-19 21:57:13,Positif
dana cicil tolong di akses,5,2026-04-19 21:47:06,Positif
sangat 👍naik,5,2026-04-19 21:46:04,Positif
dana cicil tidak muncul,2,2026-04-19 21:45:49,Negatif
dana instant gimana caranya mengaktifkan dana instant,5,2026-04-19 21:35:31,Positif
sangat cocok untuk berbelanja 👍👍👍,5,2026-04-19 21:33:32,Positif
istimewaaaa,5,2026-04-19 21:33:09,Positif
sangat membatu,5,2026-04-19 21:25:56,Positif
bagus sekali tidak ribet,5,2026-04-19 21:17:36,Positif
bagus,5,2026-04-19 21:15:21,Positif
dana cicil tidak ada,5,2026-04-19 21:15:10,Positif
mantab,5,2026-04-19 21:15:10,Positif
dulu bagus tapi bulan bulan ini uang saya sering ilang. itu darimana dan bagay mana cara meg hetikan ya,5,2026-04-19 21:01:12,Positif
"kakak saya sudah setiap hari transaksi,tapi Dana cicil GK nimbul",1,2026-04-19 20:59:15,Negatif
good,5,2026-04-19 20:59:13,Positif
pakai tiap hari gak ada fitur dana cicil,1,2026-04-19 20:59:03,Negatif
kenapa dana cicil saya blm aktif padahal sering transaksi,3,2026-04-19 20:56:58,Netral
transaksi nya mudah,5,2026-04-19 20:51:02,Positif
bagus,3,2026-04-19 20:50:16,Netral
aplikasi recomended untuk segala kebutuhan pembayaran,5,2026-04-19 20:44:27,Positif
paraktis dan aman,5,2026-04-19 20:43:12,Positif
mohon di permudah untuk login,5,2026-04-19 20:39:44,Positif
mantap kali,5,2026-04-19 20:34:05,Positif
ok,5,2026-04-19 20:25:31,Positif
sangat membantu,5,2026-04-19 20:23:50,Positif
membanty,5,2026-04-19 20:21:19,Positif
terbaik,5,2026-04-19 20:19:01,Positif
ini kenapa dana sekarng login susah no saya hilang hp hilang mau login pkai hpe Bru sudah masuk Vin udah vrifikasi wajah mah mau minta kode otp mana vilihan nyacuma whtsapa sama SMS cuman Gmail gak ada jadi gak bisalogin,3,2026-04-19 20:16:10,Netral
Sangat bagus,5,2026-04-19 20:15:12,Positif
memuaskan,5,2026-04-19 20:10:00,Positif
sangat membantu,5,2026-04-19 20:06:42,Positif
"saya kan beli paket kuota di aplikasi dana seharga 1509.900 untuk paket 65 GB 30 hari, tapi yang masuk cuma 45 GB!",2,2026-04-19 20:06:19,Negatif
nice,5,2026-04-19 19:59:00,Positif
puas,5,2026-04-19 19:57:14,Positif
"Dana+ sangat tidak berguna, saya sudah ajukan dana instan belum tersedia mohon sediakan dana instan itu sangat berguna buat dana darurat.",5,2026-04-19 19:54:23,Positif
dana cicilnya gak bisa di gunakan,3,2026-04-19 19:50:31,Netral
dana simpel,5,2026-04-19 19:47:09,Positif
👍👍👍,5,2026-04-19 19:46:57,Positif
fitur Dana cicil saya belum tibul,5,2026-04-19 19:45:37,Positif
alhamdulillah,5,2026-04-19 19:44:49,Positif
saldo di no lama tidak bisa kembali ke no baru,1,2026-04-19 19:38:02,Negatif
dana sering tidak bisa dibuka,5,2026-04-19 19:37:37,Positif
ingin mendapatkan fitur dana cicil,5,2026-04-19 19:36:05,Positif
bagus,5,2026-04-19 19:34:46,Positif
sangat membantu,5,2026-04-19 19:27:37,Positif
gimana ini.. saya pakai dana dari 2023 dan semua transaksi lewat dana setiap bulan transaksi selalu lebih dari 1 juta sampai sekarang belum muncul dana cicil,1,2026-04-19 19:24:51,Negatif
the best,5,2026-04-19 19:24:34,Positif
bagus,5,2026-04-19 19:23:58,Positif
manta,5,2026-04-19 19:17:12,Positif
mantap,5,2026-04-19 19:17:04,Positif
baik,5,2026-04-19 19:15:59,Positif
tunggu saya di kantor ya! saldo ibu saya tersangkut di nomor lama lupa pin karena nomor tidak aktif minta bantuan diana di suruh ganti nomor sudah berhasil di suruh lagi pakai ktp berhasil juga masalahnya saldonya kosong sudah membuat laporan 2x hasilnya tetap nihil mana itu duit gua kerja sebulan sengaja di transfer buat ibu eh malah gak bisa di balikin padahal udah sesuai instruksi,1,2026-04-19 19:14:56,Negatif
kesini² sering Ganguan Dana jelek bgt,5,2026-04-19 19:11:07,Positif
bagus,5,2026-04-19 19:07:57,Positif
Oke,5,2026-04-19 19:02:45,Positif
saya suka,5,2026-04-19 18:54:02,Positif
aman nyaman terpercaya,5,2026-04-19 18:52:44,Positif
kenapa barkod pindai tidak berpungsi,1,2026-04-19 18:47:57,Negatif
sangat memuaskan,5,2026-04-19 18:43:10,Positif
mantap,5,2026-04-19 18:41:40,Positif
mantap pokok nya,5,2026-04-19 18:39:02,Positif
saya sangat puas dengan aplikasi dana,5,2026-04-19 18:38:05,Positif
sangat baik,5,2026-04-19 18:34:06,Positif
akun dana cicil saya tidak bisa di gunakan. tolong bantuan ny padahal saldo dana cicil ny ada limit 100 ribu. tapi tidak bisa di gunakan percuma,2,2026-04-19 18:31:50,Negatif
baikk,5,2026-04-19 18:31:31,Positif
akun dana cicil saya tidak bisa di gunakan. mohon bantuan ny,1,2026-04-19 18:29:39,Negatif
Good,5,2026-04-19 18:28:06,Positif
sangat bagus,1,2026-04-19 18:25:30,Negatif
bagaimana ya caranya biar notifikasi dana bisnis. menjadi notifikasi suara,4,2026-04-19 18:24:48,Positif
tidak menemukan solusi d mn tanya Diana cs maupun calsenter .d tanya ini itu g ada jwbn cal senter ganguan. mending uinstal aja pindah k gopay.. JD g sehati banyak aupdet g ada solusi,2,2026-04-19 18:21:01,Negatif
mantap,5,2026-04-19 18:17:31,Positif
good,5,2026-04-19 18:17:25,Positif
bagus,4,2026-04-19 18:16:24,Positif
terimakaai,5,2026-04-19 18:13:55,Positif
mantap,5,2026-04-19 18:07:32,Positif
bagus banget,5,2026-04-19 18:05:41,Positif
bagus,5,2026-04-19 18:04:55,Positif
terbaik,5,2026-04-19 18:04:18,Positif
fitur dana cicil aktif limit 100 gak bisa di gunakan,1,2026-04-19 18:03:21,Negatif
bagus sekali buat dana,5,2026-04-19 18:00:03,Positif
transaksi cepat.,5,2026-04-19 17:54:33,Positif
"ternyata sekarang saya paham,dan saya masih terus pakai DANA,ternyata HP ram 2 G sampai 3G tidak mampu membuka DANA,setelah saya beli HP ramnya lumayan besar,membuka DANA lancar gocar😊😊😊",5,2026-04-19 17:53:49,Positif
ok,5,2026-04-19 17:51:27,Positif
"dana cicil saya tidak berlaku, padahal saya sudah lunasi sebelum jatuh tempo",3,2026-04-19 17:48:06,Netral
mantap bosku,5,2026-04-19 17:43:01,Positif
oke,5,2026-04-19 17:42:40,Positif
knapa gak ada dana cicil,5,2026-04-19 17:42:16,Positif
Drama nya bagus dan menghibur mantap deh,5,2026-04-19 17:40:08,Positif
sangat mudah untuk pengiriman,5,2026-04-19 17:38:39,Positif
di hp infinix kok g bisa,2,2026-04-19 17:37:34,Negatif
baik,4,2026-04-19 17:36:43,Positif
terbaik,5,2026-04-19 17:35:24,Positif
baik,5,2026-04-19 17:32:18,Positif
sangat puas,5,2026-04-19 17:29:30,Positif
bagus,5,2026-04-19 17:26:26,Positif
uang Saya selalu hilang,1,2026-04-19 17:26:20,Negatif
bagus bangat ini aplikasi,5,2026-04-19 17:25:41,Positif
"dana cicil ngaktifin nya sampe 5 hari, hadeh nunggu lama egk bisa dipakw",5,2026-04-19 17:25:26,Positif
sangat membantu dan memuaskan,5,2026-04-19 17:23:13,Positif
Saya sangat puas dengan anda nya aplikasi dana ini,4,2026-04-19 17:22:39,Positif
akhir2 ini pengiriman gagal nggak tau kenapa padahal biasanya enak2 aja,2,2026-04-19 17:14:43,Negatif
"semua fitur bagus,cuman kendala dana cicill",5,2026-04-19 17:12:44,Positif
aplikasi dana sangat membantu dan memudahkan bertransaksi terimakasih dana,5,2026-04-19 17:10:55,Positif
mantap dan cepat transaksi nya.,5,2026-04-19 17:09:49,Positif
mantap,5,2026-04-19 17:08:33,Positif
kenapa dana cicil tidak bisa digunakan lagi padahal udah saya lunasi dan sekarang tidak bisa digunakan lagi 😡😡,5,2026-04-19 17:07:51,Positif
henpone saya hilang saya gak bisa lagi masuk ke akun saya,5,2026-04-19 17:06:16,Positif
aplikasi nya sangat bagus,5,2026-04-19 17:05:58,Positif
semoga lancar,1,2026-04-19 17:05:46,Negatif
"Semua nya ok, sejauh ini pakai aman, tapi yg ga oke itu layanan pengaduannya, harus berapa lama nunggu antriannya, kalau kelwat harus jelasin ulang kronologi dan nggu lagi, kan bisa di respon aja dulu custemernya ga semua org punya waktu banyak buat nunggu antriannya",4,2026-04-19 17:05:24,Positif
bagus dan 100% aman dan terpercaya😊,5,2026-04-19 17:00:32,Positif
"aplikasi dana tidak bermutu nyesal gw download aplikasi dana,,,, dana cicil sudah nunggu lama malahan ditolak, kasih bintang 1 aja, kalo dana cicil di ACC baru saya kasih bintang 5,,, 😡😡😡😡😡😡😡",1,2026-04-19 16:58:18,Negatif
mantap,5,2026-04-19 16:58:17,Positif
kak dana saya kenapa belum ada dana cicil padahal saya sudah menggunakan dana ini selama 3tahun knp pesan saya tidak ada yang balas mana dana cicil nya,2,2026-04-19 16:55:53,Negatif
Good,5,2026-04-19 16:50:43,Positif
sangan membantu dan gampang dimengerti.,5,2026-04-19 16:49:48,Positif
kren🥰🙏🏻,5,2026-04-19 16:49:37,Positif
baik,5,2026-04-19 16:49:02,Positif
👍,5,2026-04-19 16:46:34,Positif
"tolong fitur dana cicil saya blom ada, soalnya udah melebihi pesaratan",4,2026-04-19 16:46:19,Positif
hoki....,5,2026-04-19 16:45:36,Positif
jangan donlod dana sebelum anda nyesel dana enga aman udah 2 kali nedot gak punya hutang atau lain sebagainya tapi nyedot,1,2026-04-19 16:45:08,Negatif
good and fast.,4,2026-04-19 16:43:20,Positif
KECEWAAAAAAAAA. terimakasih,1,2026-04-19 16:42:50,Negatif
sangat mudah,4,2026-04-19 16:42:05,Positif
"transaksi sudah banyak, dan lebih dari 30 juta per bulan, tapi dana cicil engga di berikan akses. makin hari makin parah",1,2026-04-19 16:40:23,Negatif
Kren membantu dan mempermudah di setiap keadaan darurat 😁,5,2026-04-19 16:38:29,Positif
chack in dana deal scam! PENIPU. Ditulisnya 5000 dapetnya cuma 50 @5U,1,2026-04-19 16:37:01,Negatif
syaa suka,5,2026-04-19 16:34:55,Positif
kenapa fitur DANA CICIL tidak keluar,1,2026-04-19 16:34:12,Negatif
mantap,5,2026-04-19 16:30:16,Positif
Yakin Ku,5,2026-04-19 16:29:23,Positif
Cara mengaktifkan dana pay later gimana kok ga muncul2,5,2026-04-19 16:29:06,Positif
mantap memudahkan setiap transaksi,5,2026-04-19 16:21:57,Positif
helep pemindahan akun gagal,2,2026-04-19 16:19:44,Negatif
"masih belum bisa pake dana cicil, gatau knpa, jadi males pake dana",3,2026-04-19 16:18:46,Netral
ok,5,2026-04-19 16:17:43,Positif
good,5,2026-04-19 16:17:42,Positif
Keren,5,2026-04-19 16:15:33,Positif
oke,5,2026-04-19 16:13:08,Positif
mantap aplikasi nya,5,2026-04-19 16:10:04,Positif
bagus,5,2026-04-19 16:07:20,Positif
baik,2,2026-04-19 16:06:31,Negatif
mantul,5,2026-04-19 16:01:56,Positif
kecewa sama dana jd malas pke,1,2026-04-19 16:01:38,Negatif
sebenarnya sangat bagus .. tpi devlovers nya gk adil masak akun dana ku gk di kasih menu DANA CICIL nya orang lain di kasih,5,2026-04-19 16:01:16,Positif
simpel uang QR langsung cair,5,2026-04-19 15:57:19,Positif
keren,5,2026-04-19 15:56:07,Positif
apk sangat membantu dan keren,5,2026-04-19 15:54:10,Positif
kenapa saya tidak bisa daftar akun bisnis dan tidak ada dana cicilan,5,2026-04-19 15:54:05,Positif
sangat bagus,5,2026-04-19 15:54:00,Positif
mudah untuk pembayaran,3,2026-04-19 15:49:31,Netral
mantap...,5,2026-04-19 15:48:29,Positif
sering transaksi menggunakan dana tapi fitur dana cicil nya tidak ada. membosankan,1,2026-04-19 15:47:37,Negatif
dana emang mantap,5,2026-04-19 15:47:01,Positif
cepat dan mudah u tuk transfer,5,2026-04-19 15:46:20,Positif
baik,5,2026-04-19 15:45:20,Positif
bagus,1,2026-04-19 15:42:51,Negatif
sebenarnya aplikasi ini sudah bagus masalah nya kenapa saat pembayaran sering sekali terjadi eror,4,2026-04-19 15:41:54,Positif
dana cicil saya tidak bisa di pakai?bagaimana solusi nya?,5,2026-04-19 15:40:29,Positif
SATU BULAN 2 KALI DUIT ILANG!,1,2026-04-19 15:37:31,Negatif
"parah ga dapet dana cicil di tolak padahal sering transaksi dan udah lama pake dana, parah parah",2,2026-04-19 15:37:31,Negatif
Mantap,5,2026-04-19 15:36:51,Positif
"apk apaan dah lemot bet, ngerefresh aja lama bet",1,2026-04-19 15:35:56,Negatif
bagus,5,2026-04-19 15:33:12,Positif
ok,4,2026-04-19 15:33:03,Positif
limit saya masih banyak kak mengapa tiba tiba tidak bisa di gunakan... apa kah penyebab nya.... saya laporan lewat aplikasi dana tapi tidak ada respon dan lewat email pun tidak ada respon... saya sudah tidak tau mau laporan kmna... padahal saya bayar sebelum jatuh tempo .... mohon tidak lanjut nya kak... mohon bantuan nya agar dana cicil saya bisa di gunakan kembali... Karana sangat penting bagi saya kak...,5,2026-04-19 15:29:23,Positif
ada kasus penipu tepatnya pengalaman saya pribadi yg udah terjadi pada hari tgl 19/04/26 tolong dong pihak dana selidiki saldo saya terkuras habis sama pihak yg tidak bertanggung jawab,1,2026-04-19 15:28:40,Negatif
makin buruk,2,2026-04-19 15:25:01,Negatif
tolong aktifkan fitur dana cicil saya,1,2026-04-19 15:24:59,Negatif
sangat puas,5,2026-04-19 15:24:12,Positif
kurang mantap ngga ada dana cicilan,4,2026-04-19 15:24:05,Positif
transaksi sangat cepat dan tidak ribet,5,2026-04-19 15:24:02,Positif
sangat baik,5,2026-04-19 15:23:36,Positif
"ngga membantu samsek, bikin HP saya jadi ngelag parah",1,2026-04-19 15:23:12,Negatif
ilang uangnya sama gak ada dana cicil nya,1,2026-04-19 15:23:08,Negatif
GK puas,5,2026-04-19 15:20:52,Positif
"kenapa limit dana cicil saya tiba2 gak bisa di pakai..metode pembayaran menggunakan dana cicil selalu tidak,tersedia..sementara saya sudah lunasin tagihan dana cicil jauh,sebelum jatuh tempo..tolong perbaikin sistem kalian",5,2026-04-19 15:20:51,Positif
bagus kali aplikasi ny,5,2026-04-19 15:20:19,Positif
"dana saya hilang di sini, di blokir oleh pihak dana, 400 rb ga bisa lagi di ambil, yang lain hati2 simpen di sini",1,2026-04-19 15:17:34,Negatif
peganti nya dompet.. emng keren nih aplikasi,5,2026-04-19 15:16:32,Positif
bagus,5,2026-04-19 15:15:19,Positif
Saya kasi bintang 1 soalnya g dpet dana cicil,2,2026-04-19 15:14:13,Negatif
bagus baik digunakan dan proses cepat tanpa kendala,5,2026-04-19 15:13:31,Positif
good,4,2026-04-19 15:10:51,Positif
"top up tapi saldo tidak bertambah, pas minta bantuan respon nya tidak jelas",1,2026-04-19 15:10:47,Negatif
naikan limit spay nya donk dri dulu cm 200 ribu gk naik2 limit..apa lagi gk bisa di pake sampai habis lg rugi donk,5,2026-04-19 15:06:53,Positif
sangat membantu,5,2026-04-19 15:04:55,Positif
biaya murah,5,2026-04-19 15:04:36,Positif
dana ITS the best,5,2026-04-19 15:04:31,Positif
"saldo hilang ada tranksaksi tanpa pengetahuan saya, keamanan sangat buruk.",1,2026-04-19 15:03:59,Negatif
kenapa dana cicil saya tidak ada,3,2026-04-19 15:03:47,Netral
saya kasi bintang 4 saja,4,2026-04-19 14:58:05,Positif
sangat mudah,5,2026-04-19 14:57:56,Positif
terjamin,5,2026-04-19 14:57:21,Positif
Aplikasi nya mantap,5,2026-04-19 14:57:03,Positif
mantap,5,2026-04-19 14:57:01,Positif
HATI² DANA KALIAN TERPOTONG UC PREMIUM VPN ATAUPUN GOOGLE,1,2026-04-19 14:56:39,Negatif
bagusss,4,2026-04-19 14:55:42,Positif
dinyatakan karena ternama sudah tertera klu tdk gaswat pak bu,3,2026-04-19 14:55:26,Netral
tp suka ilang dana nya tiba2 udh d potong google ajh,5,2026-04-19 14:52:46,Positif
OK,5,2026-04-19 14:52:07,Positif
"ini app seperti ga mempreoritaskan penggunanya, padahal sudah pake applkasinya lama. masa costumer centernya saya mau menanyakan solusi masalah saya hanya di jawab bertele tele . terus dana cicil saya, saya sudah bayar tagihannya ssmua sebelum jatuh tempo tapi waktu limitnya sudah ada kembali malah ga bisa di gunakan,,, untuk apa coba limit kalw tidak bisa di pake",1,2026-04-19 14:50:17,Negatif
oke,4,2026-04-19 14:49:29,Positif
punya sy kok GK ada fitur dana cicil yah??,2,2026-04-19 14:49:06,Negatif
buruk,5,2026-04-19 14:48:58,Positif
sangat bagus dan simple,5,2026-04-19 14:48:01,Positif
ok bintangny aku naikin lagi.karna masalahny sudah terpecahkan dana aku balik lagi.terima ksh dana smga kedepanny lebih baik lagi.sukses selalu dana🙏😊,5,2026-04-19 14:47:08,Positif
sunguh menyenangkan,5,2026-04-19 14:47:03,Positif
mantap,5,2026-04-19 14:45:56,Positif
oke,4,2026-04-19 14:45:11,Positif
"kenapa yaa dana ku gabisa terima transfer, tapi sebelumnya bisa,apakah itu bug atau limit?",4,2026-04-19 14:44:56,Positif
baguss nyaa,5,2026-04-19 14:43:51,Positif
ok,5,2026-04-19 14:43:09,Positif
dana koyo celek,2,2026-04-19 14:43:00,Negatif
gk bisa pinjam dana cicil,5,2026-04-19 14:41:41,Positif
bagus untuk segala urusann,5,2026-04-19 14:39:43,Positif
saya sudah lama pakai dana dan udah premium tapi di saya gak ada fitur dana cicil nya padahal teman saya yang baru pakai langsung ada fitur dana cicil nya,1,2026-04-19 14:39:23,Negatif
mntaaaap,5,2026-04-19 14:38:58,Positif
kenapa tidak bisa masuk pin dana,1,2026-04-19 14:38:33,Negatif
buruk,1,2026-04-19 14:37:57,Negatif
"saya lama pakai aplikasi dana,, transaksi sudah,, masa tidak ada dana instan,, yg lain ada semua, banyak ketidak adilan dalam aplikasinya... mengecewakan saya",1,2026-04-19 14:37:54,Negatif
berikan fitur paylater di akun ku,4,2026-04-19 14:37:32,Positif
dana sekarang knp si padahal gw ada paket mau transaksi tapi GK bisa jaringan anda bermasalah padhl ke aplikasi gopay bisa bisa aja coba perbaiki masalah ini kesel gw knp coba🤬,2,2026-04-19 14:37:28,Negatif
very good,5,2026-04-19 14:36:19,Positif
kak bantuin saya gk bisa respon dana nya gk bisa pake kamera belakang dan kirim dari galeri dan gk bisa di arahkan ke kamera depan,5,2026-04-19 14:35:41,Positif
akun dana saya sudah lama tidak bisa di download gagal terus katnya masalah sistem TPI memori aman sistem aman TPI GX bisa terus knpa coba,1,2026-04-19 14:35:38,Negatif
sangat bagus sekali sudah dijamin aman dan amanah ini dana,5,2026-04-19 14:35:02,Positif
sangat mentu untuk semu pemburan pakay dana selalu peraktis mudah,5,2026-04-19 14:34:27,Positif
sangat sangat sangat sangat sangat sangat sangat,5,2026-04-19 14:33:23,Positif
aplikasi dana sangat bagus mudah digunakan dan praktis penarikan ok,5,2026-04-19 14:32:47,Positif
bayar cepat,5,2026-04-19 14:31:22,Positif
aktipkandana,5,2026-04-19 14:30:58,Positif
kenapa dana cicil saya ngga bisa di gunakan min,3,2026-04-19 14:30:18,Netral
dana g bisa dibuka gmna caranya,5,2026-04-19 14:29:58,Positif
"penanganan sangat lambat, perkara saldo hilang sangat meresahkan sekali ,. aplikasi yg riskan bgt di bobol sama copet digital, biasanya transaksi ada pin/dll ini tidak, dan notif pun tidak muncul sama sekali, tau2 saldo sudah hilang,. pengaduan lambat sekali tanggapnya, dan prosesnya lama sekali untuk semuanya hati2, kalau bisa jangan pakai dana dikarenakan banyak copet digital dan penangannya buruk sekali",5,2026-04-19 14:27:34,Positif
susah login...tidak bisa melakukan pembayaran melalui..kode Sken Qris,1,2026-04-19 14:26:42,Negatif
sangat aman,5,2026-04-19 14:26:10,Positif
Saya senang pake dana karena tidak ribet pake dana simpel dan praktis,5,2026-04-19 14:26:08,Positif
sangat baik,5,2026-04-19 14:24:13,Positif
tolong aktif kan dana cicil nya,5,2026-04-19 14:21:52,Positif
lumayan bagus,3,2026-04-19 14:21:45,Netral
sangat membantu,5,2026-04-19 14:19:48,Positif
bagi.,5,2026-04-19 14:18:30,Positif
kenapa dana cicil di akun ku di hapus..aplikasi dana dah ga bener..di kasih limit juga blm..fitur nya nya dh di hapus..LG..aku blm aja pinjam di dana cicil aneh aja,4,2026-04-19 14:18:15,Positif
GX di ragukan lgi,5,2026-04-19 14:16:35,Positif
"gk kaya ovo, ribet nya bikin gw stress sendiri. masih mudahan dana",5,2026-04-19 14:15:55,Positif
bagus banget dn membantu,5,2026-04-19 14:15:27,Positif
sngat baik,5,2026-04-19 14:13:20,Positif
goodluck,5,2026-04-19 14:13:05,Positif
mantap,5,2026-04-19 14:12:47,Positif
bagus,5,2026-04-19 14:11:12,Positif
👍,5,2026-04-19 14:11:09,Positif
sya suka sekali,5,2026-04-19 14:09:43,Positif
Sangat Bagus Dan Berguna,5,2026-04-19 14:09:41,Positif
cepat,5,2026-04-19 14:09:35,Positif
aplikasi GK jelas,1,2026-04-19 14:09:10,Negatif
sangat membantu,5,2026-04-19 14:06:51,Positif
sangat praktis,5,2026-04-19 14:06:45,Positif
sengaja kasih bintang lima biar bisa di naikin stop paky ni apk banyak bug nya mana saldo gw ilang lagi 4.5 hangus dan saya coba Chet admin Diana gak jelas banget sumpah bukan nya memperbaiki keadaan malah memperburuk keadaan,5,2026-04-19 14:05:46,Positif
sangat bagus,5,2026-04-19 14:04:58,Positif
buat apa di adakan fitur dana cicil kalo gak bisa di gunakan,2,2026-04-19 14:04:05,Negatif
top up saldo pakai kartu debit visa sudah gak bisa.,3,2026-04-19 14:03:57,Netral
ok,5,2026-04-19 14:01:02,Positif
bagus bget,5,2026-04-19 14:00:53,Positif
"Koq akhir"" ini apk dana sering tidak bisa digunakan transaksi ya terutama pada saat jam 7 malam ke atas.?? jaringan internet padahal stabil tapi...... tolonglah...",5,2026-04-19 14:00:17,Positif
sangat membantu,5,2026-04-19 13:59:55,Positif
sangat membantu,5,2026-04-19 13:59:39,Positif
Sangat bagus dan praktis,5,2026-04-19 13:59:37,Positif
sukses selalu,5,2026-04-19 13:59:08,Positif
fitur tidak lengkap dana cicil/darurat pun tdk ada..,1,2026-04-19 13:57:48,Negatif
👍🏻,5,2026-04-19 13:56:55,Positif
sangat baik,5,2026-04-19 13:56:25,Positif
"aplikasinya sangat meragukan dan berbahaya,barusan akun dana istri saya saya isi 1.300.000 niatnya mau ditransfer ke rekening saya,namun tiba tiba selang beberapa menit kemudian ketika saya baru sampe rumah mau transfer ke rekening saya pakai istri saya kaget uangnya sudah lenyap ,dan anehnya lagi disitu ada transaksi keluar yang bukan dilakukan sama istri saya,kompalin pun tak dapat kejelasan yang pasti ke customer service dana.",1,2026-04-19 13:56:05,Negatif
bagus,5,2026-04-19 13:55:52,Positif
mantap,5,2026-04-19 13:52:54,Positif
okmntap,5,2026-04-19 13:52:35,Positif
bagus,5,2026-04-19 13:51:56,Positif
Ok,4,2026-04-19 13:49:50,Positif
terbaik👉👍,3,2026-04-19 13:44:00,Netral
memang istiwewa,5,2026-04-19 13:41:37,Positif
"Terhitung hari ini tanggal 19 april 2026 saya sudah menghapus permanen akun dana saya, dan saya sudah tidak menggunakan nya lagi. terimakasih",4,2026-04-19 13:41:19,Positif
call center sangat mengecewakan tidak bisa memberi solusi pengaduan pelanggan,1,2026-04-19 13:40:38,Negatif
dana nya GK bisa ngirim kalau dana kaya gini trus mending pindah ajah smua ke yang lain kesel banget dari tdi GK bisa ngirim,5,2026-04-19 13:40:08,Positif
DAna sangat membantu saya🙏,5,2026-04-19 13:39:40,Positif
praktis sekali,5,2026-04-19 13:39:14,Positif
bagus,5,2026-04-19 13:39:10,Positif
kurang,2,2026-04-19 13:39:05,Negatif
ok,5,2026-04-19 13:35:11,Positif
aplikasi y aneh tiba saldo habis sendiri aplikasi bisa d bobol gak jls,3,2026-04-19 13:34:55,Netral
mempermudah trans saksi,5,2026-04-19 13:34:41,Positif
uang saya tiba-tiba hilang tanpa transaksi,2,2026-04-19 13:33:45,Negatif
memudahkan saya membeli kuota👍,5,2026-04-19 13:33:29,Positif
aplikasi yg sangat berguna,3,2026-04-19 13:33:26,Netral
bikin mudah,5,2026-04-19 13:32:14,Positif
"uang sy tidak jelas sudah 2 hari,,,di pingpong mercant sama dana.kata merchant uang belum masuk,komplain ke dana,saya dijawab robot jawabanya muter2 terus.",1,2026-04-19 13:31:18,Negatif
aplikasi dana sangat membantu simple untuk bertransaksi,5,2026-04-19 13:28:06,Positif
jossjis,5,2026-04-19 13:27:16,Positif
aplikasi ni bagus,5,2026-04-19 13:26:39,Positif
josss,4,2026-04-19 13:26:31,Positif
sippp,5,2026-04-19 13:26:06,Positif
sangat membantu,5,2026-04-19 13:25:12,Positif
bagus,5,2026-04-19 13:23:45,Positif
sanggat bagus,5,2026-04-19 13:21:58,Positif
sangat mengecewakan saldo dana cicil tersedia tetapi tidak dapat digunkaan padahal saya sudah lunas dengan semua tagihan mohon perbaiki,2,2026-04-19 13:21:52,Negatif
sejauh ini masih jadi yang terbaik 🥰,5,2026-04-19 13:21:40,Positif
PELAYANANNYA SANGAT LAMBAT SEKALI,1,2026-04-19 13:19:42,Negatif
siiip,5,2026-04-19 13:19:42,Positif
mantap joossjiiss,5,2026-04-19 13:16:16,Positif
aplikasi ini nggak pemanfaata. kita bisa lagi berbagi dan menerima jika kita punya kesusahan,5,2026-04-19 13:15:46,Positif
mantap,5,2026-04-19 13:13:53,Positif
mantap,5,2026-04-19 13:12:47,Positif
sangat bagus..,5,2026-04-19 13:11:59,Positif
sangat bermanfa'at,5,2026-04-19 13:11:29,Positif
"pemakaian mudah,biaya admin murah",5,2026-04-19 13:09:54,Positif
bagus dan aman,5,2026-04-19 13:07:45,Positif
memuaskan,5,2026-04-19 13:05:18,Positif
sangat bagus,5,2026-04-19 13:04:40,Positif
sangat bermafaat.,5,2026-04-19 13:00:34,Positif
puasss Skali pakai dana gak ribettt,3,2026-04-19 12:59:43,Netral
oke banget,5,2026-04-19 12:57:45,Positif
lancar aman,5,2026-04-19 12:55:43,Positif
bagus,5,2026-04-19 12:52:57,Positif
mutu mudah murah,5,2026-04-19 12:52:34,Positif
sangat bagus,5,2026-04-19 12:49:07,Positif
mantap,5,2026-04-19 12:48:30,Positif
Oke Dana terimakasih semua jadi mudah,5,2026-04-19 12:47:46,Positif
Aplikasi yang sangat 👍👍,5,2026-04-19 12:47:44,Positif
sangat bangus,5,2026-04-19 12:46:48,Positif
bahagia,5,2026-04-19 12:45:53,Positif
saya sudah kirim ke no benar saldo dana saya sudah terpotong tapi masih saja menunggu sudah hampir 24 jm dan si penerima belum maksuk,1,2026-04-19 12:44:07,Negatif
puas bos 👍👍👍,5,2026-04-19 12:43:31,Positif
"kecawa banget transaksi tiap bulan lebih dari 1jt dan saya memakai dana cicilnya cuman telat sekali doang tapi udah dilunasin mau ajuin lagi udah dibekukan kaya taiii emangnya juga, terus buat apa saya transaksi tiap bulan lebih dari 1jt sama aja bo'ong, Tolong aktifkan fitur DANA instan diakun sya",3,2026-04-19 12:43:05,Netral
good...good...goooooddd,5,2026-04-19 12:42:56,Positif
bagus,2,2026-04-19 12:42:30,Negatif
Dana aplikasinya ko gini ya banyak sekali penipu di dana hari ini saya yang kena penipuan mohon dana kembalikan saldo saya.saya sudah premium dapat proteksi masak GK bisa balik saldonya.bukan masalah besar kecilnya saldo tapi ini kejahatan dana/penipuan mohon balikan saldo saya dana😵😫😩,1,2026-04-19 12:42:28,Negatif
aplikasi paling ga ngotak udah premium tapi gabisa transfer San sini mana lag bngt uang gua gabisa ditarik jangan pakai aplikasi ini mending aplikasi yang lain,5,2026-04-19 12:40:57,Positif
ok sangat aman dengan DANA,5,2026-04-19 12:40:34,Positif
"kenapa harus ada basic dan premium, kalau memang mau memudahkan pengguna ya kasih fitur bagus dan gak usah ada premium.. saya mau upgrade gak bisa terus, alasanya ngehek bgt, ""sedang ada kendala""",1,2026-04-19 12:40:07,Negatif
LBH mudh dan praktis,4,2026-04-19 12:38:47,Positif
saya sudah pakek aplikasi dana hampir 15 tahun dan hampir mencapai limit transaksi 500 juta? tapi knapa akun saya tidak ada fitur dana cicilnya? sangat kecewa dengan masalah ini?,1,2026-04-19 12:37:06,Negatif
bagus,5,2026-04-19 12:36:10,Positif
mantap,5,2026-04-19 12:33:04,Positif
sangat bagus tapi tida bis lihat riwayat transaksi 😒,5,2026-04-19 12:32:52,Positif
gak tau kenapa 2 hari ini gak bisa masuk apk dana mau masuk apk malah mental,3,2026-04-19 12:31:55,Netral
bagus,5,2026-04-19 12:31:07,Positif
"aplikasinya bagus..tapi knp pas jatuh tempo terus sudah di lunasi dana cicil nya tida bisa di gunakan sudah hampir satu tahun ga bisa di gunakan,tapi limit ada tolong konpirmasi kendala nya apa",5,2026-04-19 12:30:23,Positif
sangat mudah,5,2026-04-19 12:29:44,Positif
ok bagus saya percaya klu DANA bisa di andalkan,3,2026-04-19 12:29:13,Netral
cukup membantu tetap kembang kan,5,2026-04-19 12:28:49,Positif
apk sampah,1,2026-04-19 12:26:24,Negatif
kapan akun dana saya di bukain duitnya di dalam ada 8 jt loh masa isi 4jt akun langsung dibekuin,1,2026-04-19 12:26:03,Negatif
bagus,5,2026-04-19 12:25:38,Positif
sangat baik,4,2026-04-19 12:24:59,Positif
saya sangat kecewa dengan aplikasi dana ini saya sudah aktif bertansaksi tapi pas saya mengajukan dana cicil malah di tolak sedang kan orng yg jarang ber transaksi malah di acc emng parah sistem dana ini,1,2026-04-19 12:21:53,Negatif
sangat puas,5,2026-04-19 12:18:40,Positif
"baru saja saldo saya tersedot dengan nominal yang lumayan banyak, tanya cs disuruh menunggu karena antrian banyak katanya, bagaimana ini tolong di perbaiki saya tidak melakukan transaksi tapi kenapa saldo saya hilang?",1,2026-04-19 12:18:18,Negatif
susah bgt ganti akun lama ke kaun baru yg jadi premium ribet bgt,5,2026-04-19 12:18:12,Positif
Sering minta Upgrade,3,2026-04-19 12:17:24,Netral
nice..,5,2026-04-19 12:16:11,Positif
bagus,5,2026-04-19 12:15:17,Positif
lumayan bagus,5,2026-04-19 12:13:27,Positif
mudah dan praktis,5,2026-04-19 12:12:43,Positif
aplikasi dana sangat bosok. susah bgt mau transaksi. bosok sok.jangan pakai apk ini,1,2026-04-19 12:12:31,Negatif
mohon fitur di akun saya di lengkapi ya min,5,2026-04-19 12:11:23,Positif
"Terbaik!! Perlu di perluaskan kembali untuk fitur Dana Cicilan, sehinggah mempermudah nasabah untuk aktifkan fitur Dana Cicilan. Terimakasih 🙂",4,2026-04-19 12:11:08,Positif
kenapa di aku gak ada dana cicilnya padahal udah premium,5,2026-04-19 12:10:38,Positif
"layanan g jelas komplen kediana, ke cs sama aja",1,2026-04-19 12:10:17,Negatif
sangat baguss,5,2026-04-19 12:09:56,Positif
mantap,5,2026-04-19 12:07:36,Positif
mantap,5,2026-04-19 12:06:33,Positif
bagus,4,2026-04-19 12:02:54,Positif
josd,5,2026-04-19 12:01:59,Positif
jos jis,5,2026-04-19 11:58:44,Positif
bagus,5,2026-04-19 11:58:38,Positif
baik,5,2026-04-19 11:55:47,Positif
uang saya kok hilang Rp.25000,5,2026-04-19 11:55:30,Positif
gagal perbarui data terus,1,2026-04-19 11:49:48,Negatif
bagus sekali,5,2026-04-19 11:49:19,Positif
bagus,5,2026-04-19 11:49:03,Positif
ok matap aku sekarang tenang bisa percobaan kirim lewat DANA dengan sukses.,5,2026-04-19 11:48:16,Positif
"gilak ni dana setiap transaksi pasti gangguan terus, kalo lagi santai gpp. coba kayak gua mau ngisi token gagal terus alhasil nyari konter, mana gak ada yang deket",4,2026-04-19 11:46:54,Positif
sangat bagus,5,2026-04-19 11:46:16,Positif
sangat membantu,5,2026-04-19 11:45:09,Positif
paling favorit untuk payment,5,2026-04-19 11:43:21,Positif
sangat baik,5,2026-04-19 11:42:57,Positif
"ini kenapa dana saya gabisa di pakai ya, eror mulu peringatan koneksi eror, padahal sinyalnya bagus pakai main sosmed buka apapun bisa lancar, tolong dana ini kenapa",3,2026-04-19 11:41:57,Netral
Aplikasi ini bagus...memper mudah kita untuk bertransaksi..saya senang,4,2026-04-19 11:40:58,Positif
mulai bnyak gangguan..,5,2026-04-19 11:36:52,Positif
sayang blm bisa dana darurat,4,2026-04-19 11:36:43,Positif
"Tolong aktifkan dana cicil,uda lama punya fitur dana cicil, sampe sekarang blom bisa di gunakan,, tolong bossss",5,2026-04-19 11:36:42,Positif
"apk dana makin kisini g jelas, tdi habis top up dri rekning BRIMO sampai skg blm masuk jga ke akun dana sya, padahal notifikasi di brimo sukses",1,2026-04-19 11:34:10,Negatif
tolong donk aktifkan dana cicil saya kok belum di setujui juga ya,5,2026-04-19 11:34:07,Positif
ntul mantul,5,2026-04-19 11:32:44,Positif
kecewa banget sih bisa bisanya transfer tertunda sampai 24jam gitu jadi uang ketahan manejemen yg sangat buruk parah,1,2026-04-19 11:32:44,Negatif
"saya kasih bintang 5, saya sangat puas dengan aplikasi dana, selama 6 tahun menggunakan dana, saya lebih gampang transfer dan tarik uang, di mana aja bisa, cuman tolong buat pinjaman nya segera di adakan, biar klo butuh dana mendesak dana slalu ada, makasih",5,2026-04-19 11:31:29,Positif
saat transaksi gak muncul nama lengkap tujuan nya.. misal bayar listrik...ketika masuk kan no.meteran dan enter...itu cuma muncul nama tujuan 3 digit...selanjut nya XXX ini termasuk kendala,5,2026-04-19 11:30:48,Positif
aku kok gada dana cicil nya,1,2026-04-19 11:30:19,Negatif
sangat membatu,5,2026-04-19 11:28:34,Positif
mantap,5,2026-04-19 11:27:19,Positif
recomended bgt buat kirim uang ke Orang terCinta......cepat dan simple....,5,2026-04-19 11:26:20,Positif
ok,5,2026-04-19 11:25:56,Positif
Sangat bagus dan memuaskan untuk kebutuhan sehari-hari,5,2026-04-19 11:25:47,Positif
sangat bagus dan simpel memudahkan urusan.,5,2026-04-19 11:24:16,Positif
sangat membantu,5,2026-04-19 11:23:50,Positif
sangat bgus 😩🗿☺😌🙂,5,2026-04-19 11:23:20,Positif
ok,5,2026-04-19 11:21:05,Positif
bagus,5,2026-04-19 11:18:53,Positif
bagus,4,2026-04-19 11:18:48,Positif
keren kali,5,2026-04-19 11:17:47,Positif
sangat puas,5,2026-04-19 11:17:29,Positif
bagus,5,2026-04-19 11:13:25,Positif
bagus,5,2026-04-19 11:11:16,Positif
saya tidak bisa make dana cicil padahal dulu sudah saya bayar sebelum jatuh tempo... percuma ada limit nyah klo ga bisa di pake,1,2026-04-19 11:08:04,Negatif
good,5,2026-04-19 11:06:58,Positif
baru nyoba,5,2026-04-19 11:06:03,Positif
saya puas dngn layanan ini,5,2026-04-19 11:05:16,Positif
kenapa fitur dana cicil saya tidak ada... mohon bantu,2,2026-04-19 11:03:35,Negatif
bagus,5,2026-04-19 11:03:13,Positif
"gua rate b1 karna skrng klo top up di Alfamart malah kena pajak, kan jadinya klo mau tf kurang abistu jadinya malah ngutang😡😡😡😡😡",1,2026-04-19 10:58:43,Negatif
dana cicil tidak bisa di gunakan trs,2,2026-04-19 10:56:56,Negatif
sangat mudah👍👍,5,2026-04-19 10:55:36,Positif
"pilih kasih akun yg udah lama buat transaksi malah fitur segala dana cicil nya gak ada,kalah sama akun baru langsung muncul fitur segala dana cicil nya",1,2026-04-19 10:54:02,Negatif
baik,5,2026-04-19 10:54:02,Positif
mantaap,5,2026-04-19 10:52:22,Positif
bagus,5,2026-04-19 10:50:46,Positif
visi dan misinya bagus,3,2026-04-19 10:50:32,Netral
oke,5,2026-04-19 10:49:34,Positif
aku pengen hapus akun dana.. tapi gak bisa .. katanya masukin email.. kan emai memang sudah masuk.. anehh..saat daftar kan ada email masuk.. tapi kok suruh masukin email lagi tertulis NOT FOUND,1,2026-04-19 10:48:37,Negatif
ok,5,2026-04-19 10:42:53,Positif
bagus amanah dan kurang y dana cicil sy GK muncul di akun dana sy bos ku,5,2026-04-19 10:42:14,Positif
memudahkan kita bertransaksi,5,2026-04-19 10:42:06,Positif
lumayan tp ragu untuk penyimpanan dlm jumlah besar,5,2026-04-19 10:41:07,Positif
sangat mudah bertransaksi,5,2026-04-19 10:40:57,Positif
mamang matap bermafaat,4,2026-04-19 10:40:54,Positif
percuma fitur dana cicil ada tapi gak bisa dipake mending kagak ada sama sekali fitur dana cicil,1,2026-04-19 10:39:12,Negatif
sangat bagus bertransaksi jadi simpl,5,2026-04-19 10:38:32,Positif
sangat puas,5,2026-04-19 10:38:26,Positif
bqgus sekali,5,2026-04-19 10:36:20,Positif
bagus,5,2026-04-19 10:35:14,Positif
terbaik,5,2026-04-19 10:33:29,Positif
ok,5,2026-04-19 10:33:17,Positif
pleas fitur dana cicil,5,2026-04-19 10:32:31,Positif
sangat membantu..aplikasi ewalet terbaik,5,2026-04-19 10:31:11,Positif
sangat puas👏,5,2026-04-19 10:29:44,Positif
"parah banget aplikasi dana tiba-tiba saldo hilang,,,keamananya gc bisa di percaya,aplikasi penipu...",1,2026-04-19 10:28:36,Negatif
"selama saya menggunakan Dana transaksi lancar jaya,transfer cepat dan akurat tidak ada kendala.pokoknya mantul ( mantap betul)",5,2026-04-19 10:28:12,Positif
mantap,5,2026-04-19 10:25:23,Positif
okey,5,2026-04-19 10:24:48,Positif
lebih mudah,5,2026-04-19 10:24:21,Positif
tlong buat dana cicil,5,2026-04-19 10:23:47,Positif
"mudah,simpel..terpercaya",5,2026-04-19 10:23:34,Positif
baik,5,2026-04-19 10:23:29,Positif
membantu utk transaksi,5,2026-04-19 10:22:53,Positif
ok,5,2026-04-19 10:21:24,Positif
aktifkan dana instan dong,5,2026-04-19 10:20:13,Positif
mudah,5,2026-04-19 10:17:56,Positif
ok buat judol,5,2026-04-19 10:16:56,Positif
"apgred ke dana premium ga muncul2 knapa ya,?",5,2026-04-19 10:15:33,Positif
sangat bagus trimakasih,5,2026-04-19 10:14:56,Positif
"bagus,oke tapi lama2 kecewa uang raib seketika cuma tersisa 400 perak,ada penarikan mba tuyul.padahal uang bagiku banyak untuk kebutuhan mau dicairkan.eeh keduluan mb tuyul.hati2 jangan menyimpan deposit terlalu banyak",4,2026-04-19 10:14:05,Positif
saya belum pernah transaksi sama dana,5,2026-04-19 10:08:51,Positif
aplikasi jelek gak berguna sama sekali saya udh tabung di dana 50k malah kebayar sm goolge pula gimn si itu uang satu2nya emang gak jelas klo udh update,1,2026-04-19 10:07:18,Negatif
"terlalu berat ada apknya. mending kurang kurangin fitur gammes,, buat apa juga orng mau main games dsini gjls banget. mending buat benerin ffitur live chatnya krn,, tiap ad msalah lewat livechat jawabannya kurang memuaskan alias bot",1,2026-04-19 10:06:24,Negatif
"sangat tidak bertangung jawab dan tidak ada solusi jika ada masalah di akun, saya sarankan pikir kembali jika mau mengunakan aplikasi ibi",1,2026-04-19 10:06:17,Negatif
bagus,5,2026-04-19 10:02:35,Positif
bagus,4,2026-04-19 10:02:27,Positif
baik,5,2026-04-19 10:01:17,Positif
mantap,5,2026-04-19 10:00:26,Positif
bagus,5,2026-04-19 10:00:16,Positif
"makin ke sini makin kaga jelas aplikasi dana, saya sudah lama pakr apk dana tapi baru ini saya kecewa, saya punya limit dana cicil dan dana instan tapi tidak bisa di pakai lagi, kemaren2 bisa kan aneh, padahal saya ga pernah telat dan selalu tepat waktu bahkan sebelum jatoh tempo sudab saya lunasin, parah kecewa si saya ini, tolong di perbaiki lg untuk fitur dana cicil dan dana instannya",3,2026-04-19 09:59:12,Netral
bagus,5,2026-04-19 09:58:43,Positif
ngak bisa tampil di menu,4,2026-04-19 09:57:53,Positif
baik banget,5,2026-04-19 09:56:24,Positif
ok,5,2026-04-19 09:54:37,Positif
bagus,5,2026-04-19 09:51:02,Positif
dana cicil tidak bisa digunakan lagi padahal sudah bayar lunas parahh,1,2026-04-19 09:50:48,Negatif
Mudah mudahan lancar dan ada manfaatnya,5,2026-04-19 09:49:02,Positif
"is oke,,, and is the beast..🥰🥰",5,2026-04-19 09:48:36,Positif
dana cicilan GK muncul mohon di bantu pihak dana yg terhormat,5,2026-04-19 09:46:09,Positif
intinamah alus,5,2026-04-19 09:44:25,Positif
mantap,5,2026-04-19 09:42:58,Positif
ok,5,2026-04-19 09:42:29,Positif
bagus,5,2026-04-19 09:30:25,Positif
apk buruk saya mau melakukan pemindahan akun gapernah bisa yang ada kendala mulu,1,2026-04-19 09:23:34,Negatif
"bgus smga bermanfaat ,tlong tingkatkan lagi",5,2026-04-19 09:20:53,Positif
bagus y,5,2026-04-19 09:20:25,Positif
mantaf kalau punya dana enak tranfer ok,5,2026-04-19 09:18:15,Positif
apk buruk tidak ada respon di pusat bantuan,2,2026-04-19 09:17:40,Negatif
Bagus,5,2026-04-19 09:16:55,Positif
tidak. adapengelaman,4,2026-04-19 09:15:45,Positif
DANA CICIL TIDAK TERSEDIA,2,2026-04-19 09:12:57,Negatif
bagus,5,2026-04-19 09:12:31,Positif
mantap,5,2026-04-19 09:11:21,Positif
kenapa dana cicil saya di tolak,3,2026-04-19 09:10:45,Netral
Ini saya kenapa gak bisa kirim uang hadehh,3,2026-04-19 09:09:47,Netral
progam beta penuh terus tolong,5,2026-04-19 09:09:16,Positif
Baik,5,2026-04-19 09:08:40,Positif
saya sangat suka cepat untuk teranfen Tepat cermat cepat,5,2026-04-19 09:06:32,Positif
ayolah bantu munculkan fitur dana cicil,4,2026-04-19 09:05:08,Positif
best,5,2026-04-19 09:03:25,Positif
"fitur aplikasi dana saya Gak lengkap ini aplikasi nya kenapa si contoh nya fitur dana cicil saya, fitur dana cicil saya tidak muncul muncul, saya disuruh nunggu 30 hari notifikasi fitur dana cicil nya, padahal saya sudah menunggu lebih dari 4 bulan tapi notifikasi nya gak muncul muncul,ini aplikasi perlu diperbaiki saya udah chat asisten digital Diana namun di suruh nunggu 30 hari lagi. seharusnya ngasi solusi bukan nyuruh nunggu 30 hari terus , sekalian aja nunggu sampe kiamat nunggu nya",1,2026-04-19 09:03:19,Negatif
perketat keamanan,5,2026-04-19 09:02:56,Positif
sangat bagus,5,2026-04-19 09:02:37,Positif
bnyak bug apk nya masak saya keluar sendiri dari akun saya trus gbisa masuk lagi hilang de saldonya buruk banget apk ny,1,2026-04-19 08:56:52,Negatif
ok,5,2026-04-19 08:56:09,Positif
baguss banget udh aman pokoknya,5,2026-04-19 08:56:08,Positif
sangat membantu,5,2026-04-19 08:54:42,Positif
ok,5,2026-04-19 08:54:29,Positif
tranver ke lain mantap ni aplikasi danan ini,5,2026-04-19 08:53:50,Positif
"uang saya lenyap 2,5 udah 4hari bingung cara ngembalikin akun saya gimana lagi ni,,udah mah butuh buat lahiran lagih,,ayo lah bantu saya dana",2,2026-04-19 08:52:59,Negatif
baik aplikasinya,5,2026-04-19 08:52:52,Positif
baguus top,4,2026-04-19 08:52:09,Positif
"sementara ini bagus.. dan saya kasih bintang lima. Maaf sekarang buat tranfer ke rekening Bank susah.. dari semalam saya tranfer ke bank BRI masing pending sampai sekarang belum berhasil. .tolong di perbaiki lagi ,",5,2026-04-19 08:47:29,Positif
bagus,5,2026-04-19 08:44:46,Positif
dana cicil,5,2026-04-19 08:44:22,Positif
masa saya udh pake dana lebih 5 tahun gak muncul dana cicil transaksi sampe puluhan juta,1,2026-04-19 08:42:49,Negatif
aplikasi terpercaya,5,2026-04-19 08:42:35,Positif
bagus,4,2026-04-19 08:42:19,Positif
maap masih trobel,5,2026-04-19 08:38:42,Positif
good sangt membantu,5,2026-04-19 08:37:55,Positif
baik,5,2026-04-19 08:36:53,Positif
bank pribadi,5,2026-04-19 08:32:38,Positif
sangat membantu dan bagus,4,2026-04-19 08:32:26,Positif
bagus,5,2026-04-19 08:31:56,Positif
baik,5,2026-04-19 08:27:02,Positif
app sangat bagus sangat membatu saya... pertahankan kualitasnya.. trimakasih,5,2026-04-19 08:25:00,Positif
baru semalam abded,5,2026-04-19 08:23:09,Positif
ok,5,2026-04-19 08:22:37,Positif
"sampai tak hapus ganti gopay, gara gara langganan aplikasi melolo nyedot saldo terus tanpa konfirmasi, minta Diana blokir jawabannya muter muter terus, ampun pak pusing ...",2,2026-04-19 08:20:30,Negatif
bagus,5,2026-04-19 08:12:44,Positif
bagus banget,5,2026-04-19 08:12:14,Positif
"INI GIMANA GUA MAU GANTI NOMER AKUN DANA KARNA HILANG TAPI GABISA BISA KE PUSAT GADA KEJELASAN, BACAAN TERPROTEKSI TERUS MANA ADA SALDONYA GEDE LAGI. NGOTAK LAH JANGAN RIBET BANK LAIN AJA GA SE RIBET INI",5,2026-04-19 08:10:06,Positif
luar biasa,5,2026-04-19 08:10:05,Positif
mau top up ga bisa,2,2026-04-19 08:08:05,Negatif
cukup aman,5,2026-04-19 08:07:32,Positif
mantep,5,2026-04-19 08:01:39,Positif
sayang sekali saya penyandang cicil namun tidak bisa di aktifasi sangat mngecewakan,3,2026-04-19 08:00:36,Netral
Mntap,5,2026-04-19 07:56:36,Positif
"pakai dana sekarang agak kurang, apalagi A+ rewardnya makin kesini makin banyak voucher yg kurang guna dibandingkan poinnya",1,2026-04-19 07:55:25,Negatif
baik,4,2026-04-19 07:49:00,Positif
oke banget apk DANA,5,2026-04-19 07:48:38,Positif
ok,5,2026-04-19 07:48:29,Positif
apa si upgrade terus.gk bisa buat tf,1,2026-04-19 07:48:01,Negatif
dana cicil blom aktif Pada hal Uda banyak transaksi,5,2026-04-19 07:44:52,Positif
"kurang kompeten sudah 3 tahun menggunakan dana premium, transaksi sudah lebih batas , diajukan sudah beberapa kali tapi tidak tangani dengan sigap , apalagi bicara sama asisten bodoh diana bicaranya muter2 perkataan terus diulang",1,2026-04-19 07:44:48,Negatif
mantap bagi saldo dulu,5,2026-04-19 07:44:23,Positif
"dana nya lama,ini proses pencopotan ktp gimana.saya gak ngerasa aman dengan dana yang respon lambat",1,2026-04-19 07:42:34,Negatif
mantap,5,2026-04-19 07:41:13,Positif
bagus,5,2026-04-19 07:38:00,Positif
bagus,5,2026-04-19 07:37:13,Positif
sagat membantu,5,2026-04-19 07:36:22,Positif
sangat cocok untuk di gunakan sebagai bahan penyimpanan uang,5,2026-04-19 07:33:20,Positif
mantap,5,2026-04-19 07:32:23,Positif
sangat membantu,5,2026-04-19 07:30:01,Positif
sangat mudah untuk transaksi dan menabung uang 💸💰,5,2026-04-19 07:29:19,Positif
mudah buat treansaksi,5,2026-04-19 07:26:10,Positif
saldonya hilang sendiri,1,2026-04-19 07:24:21,Negatif
mau login aja susah sandi sudah benar scan wajah sudah masih belum bisa juga buat login,1,2026-04-19 07:23:11,Negatif
bagus,5,2026-04-19 07:23:08,Positif
good,5,2026-04-19 07:21:49,Positif
duitnya kepotong sendiri,1,2026-04-19 07:17:29,Negatif
"sangat berguna dan sangat bagus,bisa transfer kemana dan dimana aja tanpa ribet",5,2026-04-19 07:16:38,Positif
gak bisa login,5,2026-04-19 07:16:29,Positif
jangan pake dana gampang dibobol udah gitu katanya ada pengembalian trnyata gak ada,1,2026-04-19 07:15:49,Negatif
Sangat membantu,5,2026-04-19 07:15:37,Positif
"buat temen"" hati sekarang musim dana kesedot tanpa pengetahuan hati""",1,2026-04-19 07:15:25,Negatif
ga bisa bikin premium,1,2026-04-19 07:13:49,Negatif
sangat bagus,5,2026-04-19 07:11:14,Positif
"aplikasi bagus tapi disaat penting kirim saldo pending sampai 24 jam ,gimana kalau keadaan darurat",3,2026-04-19 07:10:47,Netral
mantap,5,2026-04-19 07:04:01,Positif
bagus,5,2026-04-19 06:59:26,Positif
"tidak bisa dibuka cek detail nya kalau habis tf,selalu error terus",4,2026-04-19 06:55:35,Positif
semuanya oke . cuman di dana cicilan ada masalah saya bayar ga pernah lewat tempo 4hari sebelum tempo saya udah bayar tapi sekarang dana cicil ga bisa di pake tolong di perbaiki percuma kami bayar tepat waktu. ada dana cicil tapi ga bisa di pake alasannya ada kendala untuk pembayaran cicilan,5,2026-04-19 06:54:18,Positif
langsung download dapat Rp 150.000 🥰,5,2026-04-19 06:54:14,Positif
ini kenapa jadi tidak bisa masuk? sdh hapus cache dn restart hp msh tidak bisa jga,1,2026-04-19 06:53:09,Negatif
proses verifikasi data untuk dana cicil terlalu lama di prosesnya bosssku..... !!!,5,2026-04-19 06:44:15,Positif
bagus,5,2026-04-19 06:44:04,Positif
kenapa dana cicil saya tidak bisa di pakai padahal limit ada...tagihan semua udah d lunasin,2,2026-04-19 06:39:23,Negatif
mantal,5,2026-04-19 06:33:25,Positif
perkara lupa pin SJ rumit skali,3,2026-04-19 06:33:13,Netral
susah mau tutup rekening,1,2026-04-19 06:32:43,Negatif
cepat dan sangat membantu ok pokoknya ewalet satu ini,5,2026-04-19 06:31:35,Positif
good job,5,2026-04-19 06:29:16,Positif
dana cicil tidak bisa di gunakan,5,2026-04-19 06:28:34,Positif
"hati² sama aplikasi dana, saya pernah jualan apk di wa dan orang yang beli minta norek saya lalu dia transfer dan masuk tidak lama kemudian saya cek uang saya ke transfer ke nomor yg tidak di kenal, jdi hati² bgt pake aplikasi dana ini saya trauma",1,2026-04-19 06:28:13,Negatif
duitki hilang 19.830 rupiah. alasannya nomor hp yg lama di whatsapp diblokir akunnya lalu pakai nomor baru nah nomor baru ini menghilangkan uang di nomor lama. ktp padahal sama,3,2026-04-19 06:24:56,Netral
mantap bisa membantu,5,2026-04-19 06:24:46,Positif
uang saya pernah hilang,3,2026-04-19 06:20:56,Netral
knp baru2 ini selalu ngeheng hpnya. tlg di perbaiki,5,2026-04-19 06:19:02,Positif
pertahankan....,5,2026-04-19 06:13:48,Positif
mau coba dulu,4,2026-04-19 06:12:05,Positif
"sangat BURUK, tidak bisa buat apa-apa kaya ngelag padahal jaringan bagus dan udah versi terbaru, sudah lama begini tidak ada perubahan",1,2026-04-19 06:11:20,Negatif
mantap co,5,2026-04-19 06:11:09,Positif
"apa sih baru update juga, aplikasi nya suka ngebug bjir",4,2026-04-19 06:10:18,Positif
pelayanan yang sangat buruk,1,2026-04-19 06:08:57,Negatif
bagus,4,2026-04-19 06:05:48,Positif
saya sangat puas dgn bank dana Indon..,3,2026-04-19 06:05:40,Netral
mantap,5,2026-04-19 06:05:14,Positif
MOHON ...TOLONG DATA RIWAYAT TERANSAKSI ITU DI DANA SETIAP DETIK TRANSAKSI DI UPDATE...JNGAN PAKAI JAM..SEBELUM KAMI PINDAHH KE LINK AJA,1,2026-04-19 06:03:37,Negatif
baik sekali terimakasih,5,2026-04-19 06:01:06,Positif
"tolong kembalikan uang saya, memang tidak seberapa tapi bagi keluarga kami itu uang cukup untuk lauk kami 3 hari 🙏 itupun uang pemberian yang tidak masuk ke dana ku padahal berhasil di kirim",1,2026-04-19 05:57:46,Negatif
trima kasih telah ada nya dana cicil,5,2026-04-19 05:56:30,Positif
aplikasi gak jelas gabisa login,1,2026-04-19 05:56:16,Negatif
tidak bertanggung jawab main potong potong saldo aja. Bagaimana penjelasan anda tentang ini,1,2026-04-19 05:54:54,Negatif
"bagus suka tapi akhir "" ini setiap mau bayar atau beli pulsa dari dana selalu lamaa sekali jadinya agak sedikit mengganggu dulu setiap mau isi pulsa lewat dana sangat cepat sekarang buat buka listrik juga ga mau kebuka udah ditunggu lama tetep ga kebuka",5,2026-04-19 05:54:44,Positif
ada limit tapi gak bisa di pake,2,2026-04-19 05:54:23,Negatif
sangat memuaskan,5,2026-04-19 05:52:47,Positif
"makin gak bisa di andal kan, kendala trus",3,2026-04-19 05:52:15,Netral
bagussss,5,2026-04-19 05:51:22,Positif
ini aplikasi terbaik menyimpan saldo berbulan bulan tanpa embel-embel biaya seperti Bank,5,2026-04-19 05:49:19,Positif
mantap x,5,2026-04-19 05:48:46,Positif
sangat membantu dan mudah,5,2026-04-19 05:44:55,Positif
sangat membantu..,5,2026-04-19 05:44:45,Positif
"aduh deh min tersedot mulu dana ku gk ada langganan"" tiba tiba langganan apa lh gk jelas banget",1,2026-04-19 05:43:52,Negatif
simpan uang di sini aja,5,2026-04-19 05:43:01,Positif
mantap,5,2026-04-19 05:43:01,Positif
Sangat terbaik🥰,5,2026-04-19 05:42:57,Positif
baguss bangett dan ga ribet,5,2026-04-19 05:42:24,Positif
good,5,2026-04-19 05:42:15,Positif
"tapi dana cicil saya g bisa di gunakan padaha baru muncul atau baru aktif ada udah 1 Minggu tapi tetap g bisa di pakai percuma ada dana cicil juga ,,g bisa pakai beli pulsa dan paket data payah",5,2026-04-19 05:40:23,Positif
baguus nih,4,2026-04-19 05:38:33,Positif
bagus,5,2026-04-19 05:35:45,Positif
Gk bisa2,3,2026-04-19 05:35:21,Netral
top,5,2026-04-19 05:33:56,Positif
bagusada tempat top up dan bisa simpan duit bisa bayar listrik pulsa coba dondoload sekarang,5,2026-04-19 05:32:59,Positif
bagus,5,2026-04-19 05:32:48,Positif
sangat baik,5,2026-04-19 05:27:22,Positif
sangat tidak memuaskan akun udah premium transfer udah banyak tp gak ada fitur dana instant dan dana cicil,1,2026-04-19 05:26:24,Negatif
Sangat bagus bisa mempermudah danmeyingkat waktu,5,2026-04-19 05:26:13,Positif
👍,5,2026-04-19 05:25:20,Positif
aplikasi ga jelas minta bantuan ke diana juga cuma diputer' aja jawabannya mending uninstall aja,1,2026-04-19 05:23:30,Negatif
knp pinginnya di download terus,5,2026-04-19 05:21:57,Positif
akun saya di bekukan tidak ada tanggung jawab,1,2026-04-19 05:20:36,Negatif
puas,1,2026-04-19 05:19:33,Negatif
👍👍👍👍 baik,5,2026-04-19 05:18:53,Positif
bagus dan aman,5,2026-04-19 05:18:39,Positif
sangat bagus,5,2026-04-19 05:15:44,Positif
masih bingung,5,2026-04-19 05:14:04,Positif
punya saya tidak ada fitur dana cicil .ini sudah lama..dan saya selalu update..sangat mengecewakan,2,2026-04-19 05:13:50,Negatif
puas,5,2026-04-19 05:13:49,Positif
baik,5,2026-04-19 05:11:54,Positif
blom bsa di pkek,5,2026-04-19 05:11:49,Positif
saya sangat senang sekali mengunakan aplikasi dana,5,2026-04-19 05:07:49,Positif
duit gua balikin woi,1,2026-04-19 05:07:03,Negatif
"sangat membatu, proses sangat cepat",4,2026-04-19 05:04:51,Positif
dana bisnis cariin duitnya lama bgt kalo bukan bayar pake dana cpt,1,2026-04-19 05:04:08,Negatif
sangat membantu bagus,5,2026-04-19 05:02:23,Positif
sy TDK bisa masuk,2,2026-04-19 04:59:38,Negatif
Sangat Puas.,5,2026-04-19 04:56:27,Positif
"dana cicil tiba² tidak bisa digunakan padahal blm pernah jatuh tempo, di chat diana malah nyuruh ke customer care. di chat customer care malah nyuruh ke diana parah parah",1,2026-04-19 04:56:22,Negatif
mantap,5,2026-04-19 04:54:18,Positif
ok makasih sudah di proses pengambilan dana ny uang saya sudah kembali lagi,5,2026-04-19 04:54:12,Positif
bagus,5,2026-04-19 04:53:46,Positif
aplikasi apa ni saya beli paket dari dana nggak masuk suda 3 hari uang pun nggak kembali aplikasi bobrok sama aja mau dari FB mau dari Diana sama aja nggak ada respon aplikasi bobrok,1,2026-04-19 04:53:19,Negatif
"kadang suka eror,, tpi lumayan la",3,2026-04-19 04:51:43,Netral
"INI NGERI BANGET SI KETERANGAN PEMBAYARAN ‼️GAGAL‼️ DARI Q RIS SAMA MANUAL TIBA TIBA BESOKNYA UDAH KEPOTONG. UNTUNG TF KE SODARA SENDIRI JADI BISA DI MINTA BALIK. , WAKTU ITU JUGA BAYAR BULANAN WIFI KETERANGAN ‼️BERHASIL‼️ TAPI TIBA TIBA KABAR DARI PROVIDER BELUM ADA PEMBAYARAN MASUK ..... KOK BISAAAA NYANGKUTTTTTT ... BENERIN WOIIII",5,2026-04-19 04:50:47,Positif
baik,5,2026-04-19 04:50:44,Positif
bismillah,5,2026-04-19 04:48:05,Positif
baik,5,2026-04-19 04:47:36,Positif
di sini siapa yg pernah ngmbil uang di ATM melalui aplikasi dana uang tidak keluar tetapi saldo sudah berkurang,1,2026-04-19 04:47:21,Negatif
terima kasih telah bergabung di akun dana,5,2026-04-19 04:46:32,Positif
bisa menerima uang🤑💸💵💴💶💰,5,2026-04-19 04:44:16,Positif
bgus bngt mkasih gh,5,2026-04-19 04:43:24,Positif
ok,5,2026-04-19 04:43:08,Positif
"Harusnyah buka apps DANA gak perlu punya paket data, sipa juga yang mau lama-lama buka apps DANA, jika perlu paket data malah mempersulit pembelian dan pembayaran dalam aplikasi.",2,2026-04-19 04:42:11,Negatif
dana mempermudah transaksi keuangan aman dan amanah,5,2026-04-19 04:41:48,Positif
mntp dan seru pokoknya,5,2026-04-19 04:38:29,Positif
Bagus,5,2026-04-19 04:37:57,Positif
good job,4,2026-04-19 04:35:51,Positif
sangatt memuas kn,5,2026-04-19 04:35:21,Positif
baik,5,2026-04-19 04:34:56,Positif
"Limitenya dong ka taikin lgi butuh,,, saya gk pernah telat juga bayar nya",5,2026-04-19 04:33:29,Positif
good luck,5,2026-04-19 04:32:34,Positif
lumayan buat kebutuhan sehari hari. bayar listrik. transper jadi mudah,5,2026-04-19 04:31:38,Positif
sangat baik,5,2026-04-19 04:30:57,Positif
bagus,4,2026-04-19 04:27:58,Positif
pokok aman dan cepat,5,2026-04-19 04:27:24,Positif
"limit masih banyak pas mau d pake masa, dana cicilnya g bsa d pake, pas mau pembayaran dana cicil tidak tersedia kan aneh,sayah beri bintang 2 dlu. lw udh bisa d gunkan dana cicil sayah baru sayah kasih bintang 5",2,2026-04-19 04:23:24,Negatif
ribett pindah hp malah minta verifikasi ulang udad tau hpnya gk ada gimna mau verivikasi pake hp yang itu,1,2026-04-19 04:18:02,Negatif
terbaik dan mudah untuk transaksi,5,2026-04-19 04:17:44,Positif
Membatu sekali,5,2026-04-19 04:14:06,Positif
tercepat dan mantap,5,2026-04-19 04:13:13,Positif
luarbiasa,5,2026-04-19 04:12:04,Positif
saldo saya di dalam dana hilang tampa konfirmasi ke saya terlihat d aktifitas pemotongan ny pada saat jam tidur saya sudah lapor tanggapan kurang memuaskan karna tidak bisa mengembalikan saldo yg hilang SAYA SANGAT KECEWA SEKALI BAGI TEMAN TEMAN HATI-HATI UANG NY DI DALAM DANA SAYA SUDAH UNINSTAL DAN TIDAK AKAN MEMAKAI APLIKASI INI LAGI KARNA SAYA SANGAT KECEWA,1,2026-04-19 04:12:03,Negatif
saya blom punya dana cicilan,5,2026-04-19 04:11:57,Positif
cuma sayang dana cicilannya belum bisa du gunakan,5,2026-04-19 04:09:52,Positif
saya penguna lama dana tapi fitur dana cicil susah muncul ...,3,2026-04-19 04:09:29,Netral
sangat simpel,5,2026-04-19 04:08:33,Positif
dgn pake aplikasi dana ini saya sangat membantu jadi sekarang ga ribet lagi deh terimakasih 👍👍,5,2026-04-19 04:08:08,Positif
sangat y,5,2026-04-19 04:07:08,Positif
Alhamdulillah,5,2026-04-19 04:06:55,Positif
sangat membantu,5,2026-04-19 04:04:59,Positif
sangat puas,5,2026-04-19 04:04:07,Positif
sangat baik dan aman,5,2026-04-19 04:03:41,Positif
kurang dana cicilnya lagi,5,2026-04-19 03:59:37,Positif
pokoknya mantap,5,2026-04-19 03:58:11,Positif
ok,5,2026-04-19 03:56:36,Positif
good,5,2026-04-19 03:55:48,Positif
makasi buat aplikasi dana dompet digital nya,5,2026-04-19 03:55:03,Positif
kenapa saya tidak bisa beli emas pake dana cicil..pdhal sebelum y bisa ko skrng ga bisa?,3,2026-04-19 03:54:20,Netral
sangat mudah untuk melakukan transaksai...,5,2026-04-19 03:53:41,Positif
bagus...,4,2026-04-19 03:50:58,Positif
baik,5,2026-04-19 03:50:58,Positif
oke,5,2026-04-19 03:47:51,Positif
Uang saya hilang di Dana. Topup e-money tapi ga masuk ke e-moneynya sementara saldo di Dana sudah terpotong. Sudah dilakukan berbagai cara tetap saja. Akhirnya harus mengikhlaskan.,2,2026-04-19 03:47:11,Negatif
tolong bantu aktifin dana cicil diakun ku min,5,2026-04-19 03:46:36,Positif
"saldo gua kgk bisa balik lucu banget ni aplikasi,mnding yang blm ngerasain cepet"" apus dah",1,2026-04-19 03:45:50,Negatif
saya sudah upgrade trus.tapi tdk pernah ada fitur dana cicil.aneh..,5,2026-04-19 03:44:44,Positif
baik,5,2026-04-19 03:43:37,Positif
bagus dan baik,5,2026-04-19 03:41:12,Positif
mntul ga ribet,4,2026-04-19 03:41:06,Positif
pengen dana instan,5,2026-04-19 03:39:14,Positif
best,5,2026-04-19 03:38:00,Positif
aku baru daftar dana tapi tidak bisa dibuka krn tdk kirim email ke saya,1,2026-04-19 03:37:47,Negatif
aktifasi dana pay later,5,2026-04-19 03:36:43,Positif
Bagus sekali,5,2026-04-19 03:35:59,Positif
sangat cepat dalam mengirim,5,2026-04-19 03:35:41,Positif
percumah dilunasin dana cicilnya ga bisa dipake lagi,1,2026-04-19 03:35:31,Negatif
"Dana makin kesini keseringan error kacau Tolong perbaiki min Untuk prihal perbaharui atau mengupdate , saya tidak pernah telat maaf",5,2026-04-19 03:34:32,Positif
lumayan,5,2026-04-19 03:33:38,Positif
mantap,5,2026-04-19 03:33:23,Positif
sangat membantu,5,2026-04-19 03:32:20,Positif
cukup membaik,4,2026-04-19 03:26:07,Positif
baik,5,2026-04-19 03:23:27,Positif
"kirim uang ke bank sudah 15 jam proses trs , minta di percepat jwaban nggk masuk tanya apa jwab apa , cumn di sruh nunggu terus , BURUKKKKKK",1,2026-04-19 03:22:43,Negatif
cukup baik,5,2026-04-19 03:22:17,Positif
bagus,5,2026-04-19 03:22:09,Positif
simpel banget,5,2026-04-19 03:22:02,Positif
sangat membantu sekali,5,2026-04-19 03:21:37,Positif
good,5,2026-04-19 03:20:41,Positif
bagus sekali,5,2026-04-19 03:20:38,Positif
"kenapa tidak bisa login padahal no telp sudah benar, sudah di coba uninstall dan install ulang aplikasi tetap saja tidak bisa. keterangan jaringan error",2,2026-04-19 03:20:16,Negatif
sangat bagus,5,2026-04-19 03:20:05,Positif
Wah bagus banget untuk transaksi,5,2026-04-19 03:19:58,Positif
keren Dans,5,2026-04-19 03:18:56,Positif
"Aplikasi yang kurang memuaskan, baru isi saldo 200 k untuk penyimpanan saldo dana beberapa hari, saat ingin melakukan pembayaran di cek saldo tidak mencukupi, saya baru sadar saldo saya hilang tidak ada transaksi apapun & tidak ada notifikasi apapun dari dana saat pengeluaran transaksi , saat historikal di cek pengeluaran transaksi lewat google play store, saya sendiri tidak pernah menyetujui transaksi tersebut, dan saya ajukan refund pihak dana tidak mau mengembalikan dana",1,2026-04-19 03:17:25,Negatif
lebih bagus lagi sandi nya bisa memakai sidik jari untk menjaga keamanan,5,2026-04-19 03:16:51,Positif
bagus,5,2026-04-19 03:15:59,Positif
tidak bagus,5,2026-04-19 03:14:55,Positif
percuma ada dana instan kalau tidak bisa di gunakan.,2,2026-04-19 03:14:15,Negatif
aplikasi bagus.. tapi sangat di sayang kan dana instan tidak bisa di gunakan. padahal baru mau coba.,3,2026-04-19 03:12:39,Netral
bagus banget,5,2026-04-19 03:10:01,Positif
keren,5,2026-04-19 03:01:07,Positif
sangat bagus,5,2026-04-19 02:56:47,Positif
udah gw unistal,1,2026-04-19 02:55:42,Negatif
"saldo saya diambil google play, mohon tingkatkan privasi nya",1,2026-04-19 02:52:56,Negatif
Kecewa tidak bisa mengakses fitur Dana Cicil dan DANA INSTAN,1,2026-04-19 02:52:39,Negatif
Jadi lebih mudah bertransaksi,5,2026-04-19 02:52:35,Positif
"Reward dana sekarang aneh ya. Biasanya kalau mau klaim bisa setiap hari. Akhir""ini mau klaim udah di hari ke-5, auto balik lagi ke hari pertama. Mohon maaf, kalau gk niat mau ngeluarin, gak usah ada reward deh. Apalagi ini konsepnya yg koin nih, udh di ujung hari. dan pasti sebelum hari ke-7 auto balik ke awal lagi🥲",3,2026-04-19 02:51:46,Netral
aplikasi ini sangat bagus dan cepat segala hal apa pun saya kasih bintang 5🖐️,5,2026-04-19 02:50:20,Positif
sangat aman dn membantu bisa ngirim kemna aj,5,2026-04-19 02:47:45,Positif
murah,5,2026-04-19 02:42:14,Positif
"mantap,jos pokok y",5,2026-04-19 02:41:45,Positif
Lebih mudah,5,2026-04-19 02:40:37,Positif
perfect,5,2026-04-19 02:37:57,Positif
bagus,5,2026-04-19 02:37:09,Positif
bgus,5,2026-04-19 02:33:41,Positif
memudahkan nontunai dan sgala hal sperti menerima dan transfer uang jga bsa...pokoknya bagus de de 👍🏻👍🏻👍🏻,5,2026-04-19 02:32:13,Positif
dana saya sering ke ambil sendiri,2,2026-04-19 02:30:18,Negatif
baik,5,2026-04-19 02:28:50,Positif
apk ini sangat bgs sangat membantu,5,2026-04-19 02:28:33,Positif
dana skrg kalo ada yang transfer ko lama masuknya ya?? biasanya cepet,1,2026-04-19 02:27:00,Negatif
good,4,2026-04-19 02:26:28,Positif
"kenapa sih kalo mau tarik tunai harus di upgred,padahal saya sudah upgraid tapi sama ajaa bikin saya kesel",1,2026-04-19 02:26:04,Negatif
mantab kali,5,2026-04-19 02:25:33,Positif
sedikit kurang bgus,4,2026-04-19 02:23:44,Positif
"bug Mulu di dana bisnis, di tarik saldo , verifikasi wajah, udah diem, no respon nggk ada kata gagal ato apa diem doang",2,2026-04-19 02:18:13,Negatif
lumayan,3,2026-04-19 02:18:07,Netral
okew,5,2026-04-19 02:17:57,Positif
baik,5,2026-04-19 02:17:28,Positif
mudah gk ribet,5,2026-04-19 02:16:42,Positif
buruk,1,2026-04-19 02:16:25,Negatif
aku sangat senang sekali memakai dana,5,2026-04-19 02:16:10,Positif
bagus,5,2026-04-19 02:12:51,Positif
ok,5,2026-04-19 02:12:36,Positif
sangat membantu sekali.❤️❤️❤️,5,2026-04-19 02:11:51,Positif
dana cicil dan dana instan tolong munculkan,5,2026-04-19 02:10:46,Positif
oke,5,2026-04-19 02:08:00,Positif
tidak ada bonus2/THR uninstal aj,1,2026-04-19 02:07:44,Negatif
bisa dana cicil kah dana sy,5,2026-04-19 02:07:24,Positif
puas,5,2026-04-19 02:06:33,Positif
good,4,2026-04-19 02:04:40,Positif
"saldo hilang, dilaporin juga udah, ditanya bisa kembali apa gak, jawabannya tidak menjamin, keamanan aplikasi buruk, saldo hilang, karna aplikasi melakukan transaksi sendiri, tidak ada perlindungan pasti",1,2026-04-19 02:03:39,Negatif
sangat bagusss,5,2026-04-19 02:00:43,Positif
bagus,5,2026-04-19 01:59:29,Positif
hmm coba coba aj,5,2026-04-19 01:56:37,Positif
mantap,5,2026-04-19 01:54:34,Positif
sangat memuaskan,5,2026-04-19 01:52:58,Positif
tolong dong buat dana bisa hapus history transaksi biar bisa jaga privasi pengguna,5,2026-04-19 01:51:29,Positif
Bagus,5,2026-04-19 01:50:39,Positif
bagus,5,2026-04-19 01:50:16,Positif
pliss dana ilangin potongan,5,2026-04-19 01:48:25,Positif
history transaksi error trus,1,2026-04-19 01:48:05,Negatif
mudah transfer ke bank dan akun dana lain,5,2026-04-19 01:47:54,Positif
Sangat membantu,5,2026-04-19 01:46:19,Positif
sangat membantu,5,2026-04-19 01:45:35,Positif
sangat membantu skli bagi yg ngk punya rekening bank kyak saya,5,2026-04-19 01:45:23,Positif
sangat baik,5,2026-04-19 01:44:05,Positif
puas,5,2026-04-19 01:42:00,Positif
mantap,5,2026-04-19 01:41:54,Positif
Sangat berguna,5,2026-04-19 01:39:41,Positif
"Cepat, tepat dan saya cukup puas.",5,2026-04-19 01:38:21,Positif
good,5,2026-04-19 01:36:57,Positif
kamera depan saya buram,1,2026-04-19 01:27:49,Negatif
ok,5,2026-04-19 01:21:10,Positif
aplikasi gak bertanggung jawab,1,2026-04-19 01:19:22,Negatif
sagat terpercaya,5,2026-04-19 01:17:52,Positif
lebih efisien,5,2026-04-19 01:14:49,Positif
ok,5,2026-04-19 01:14:19,Positif
sangat membantu saya dalam bertransaksi dalam pembelian produk,5,2026-04-19 01:10:49,Positif
bagussekali,2,2026-04-19 01:08:12,Negatif
bisa top up ff dan terus terusan semenjak ada dana saya top up terus terimakasih dana,5,2026-04-19 01:06:05,Positif
ajukan dana cicil saya,5,2026-04-19 01:03:30,Positif
sangat baik,5,2026-04-19 01:02:55,Positif
"sangat puas ,bintang yang bicara",5,2026-04-19 01:01:49,Positif
semoga selalu terbaik aku suka jadi lebih mudah buat berbagi,5,2026-04-19 00:59:28,Positif
terimakasih,5,2026-04-19 00:57:32,Positif
fitur aktivitas saya gak kebuka gimana hih saya udah apgret,4,2026-04-19 00:56:42,Positif
aplikasi mantap 👍🏻,5,2026-04-19 00:55:46,Positif
dana mantap,5,2026-04-19 00:51:10,Positif
sangat membantu pakai aplikasi ini,5,2026-04-19 00:49:59,Positif
baik,5,2026-04-19 00:43:51,Positif
terbantu,5,2026-04-19 00:41:07,Positif
bener bener sering banget kebobolan kayak dana nya kesedot dengan hal yang belum pernah kita ikut campurkan sebelumnya. dan pengajuan nya lamaa banget itu pun klo diproses tapi sekarang udah 4 kali dan anak saya udah sampe kesedot juga mulai dari 30k sampai 300k .,3,2026-04-19 00:40:14,Netral
sangat membantu,5,2026-04-19 00:37:05,Positif
bagus,4,2026-04-19 00:36:35,Positif
sangat memuaskan sebagai pengguna dana. cepatdan nyaman.,5,2026-04-19 00:36:19,Positif
pakai dana mudah dan simpel trimakasih,5,2026-04-19 00:35:58,Positif
klo bisa setiap bulannya jangan cuma kasih gratis 10 transaksi,5,2026-04-19 00:35:20,Positif
Semoga kedepannya lebih baik lagi🙏🏻😊,5,2026-04-19 00:33:42,Positif
kecewa dengan dana stop untuk invest di dana+ giliran mau tarik saldo harus menggunakan verifikasi wajah & selalu tdk terdeteksi. tdk bisa menggunakan pin. tolong di perbaiki lagi,1,2026-04-19 00:33:02,Negatif
sangat membantu,5,2026-04-19 00:32:21,Positif
aplikasi yg paling terbaik X,5,2026-04-19 00:29:29,Positif
mantap,5,2026-04-19 00:24:34,Positif
bagus,5,2026-04-19 00:24:29,Positif
aplikasi yng sangat membantu bisa kirim uang hingga top up keamanan pun terjamin pertahankan lagi yah😉,5,2026-04-19 00:23:47,Positif
dana emang mantap abis,5,2026-04-19 00:22:11,Positif
Maaf y knpa saya gk bsa login lagi tolong bantuan nya 🙏,3,2026-04-19 00:21:40,Netral
mantul bingit,5,2026-04-19 00:19:09,Positif
sangat bgus,5,2026-04-19 00:18:24,Positif
"masalah keuangan jadi cepat dan ringan, dan tanpa ribet.",5,2026-04-19 00:13:55,Positif
mantap,5,2026-04-19 00:10:22,Positif
sangat puas banget,5,2026-04-19 00:10:02,Positif
"dana tolong di perbaiki saya tidak bisa mengunakan dana cicil,saya mau pinjam dana cicil malah gak maju malah muter muter tolong di perbaiki secepatnya",4,2026-04-19 00:08:08,Positif
jos,5,2026-04-19 00:07:28,Positif
isi saldonya kapan notifikasi nya kapan aneh.. saldo uda habis baru notifikasi top up nya masuk aneh aneh,1,2026-04-19 00:02:41,Negatif
yaa baguss sangat puas dengan aplikasi nya,5,2026-04-19 00:01:09,Positif
jelek,1,2026-04-19 00:00:56,Negatif
sangat baik,5,2026-04-18 23:57:21,Positif
ok,5,2026-04-18 23:56:38,Positif
lebih mudah,5,2026-04-18 23:54:48,Positif
mantap,5,2026-04-18 23:54:36,Positif
aplikasi bagus tpi syang fitur dana cicil ga muncul di apk saya,5,2026-04-18 23:48:11,Positif
sangat membantu. untuk. bermain slot,5,2026-04-18 23:47:39,Positif
sangat bagus dan terpercaya dan pelayanan nya sangat2 bagus,5,2026-04-18 23:46:50,Positif
DANA digital sangat membantu,5,2026-04-18 23:46:36,Positif
ok,5,2026-04-18 23:43:42,Positif
"ke apa saya tidak bisa login kak, saat di suruh masukin nomer HP, terus kok kembali ke menu utama, tolong informasi nya",5,2026-04-18 23:41:07,Positif
"mantaaaaap trasaksi cepat,aman terpercaya🙏🙏👍",5,2026-04-18 23:39:15,Positif
moga bermanfaat,5,2026-04-18 23:39:14,Positif
mantap,5,2026-04-18 23:36:10,Positif
bagus,5,2026-04-18 23:32:32,Positif
bagus tanpa kendala,5,2026-04-18 23:29:51,Positif
dana sangat mudah,5,2026-04-18 23:18:04,Positif
aplikasi ini juga bagus dari yang lain,5,2026-04-18 23:17:28,Positif
"Sesuai, cepat, mempermudah transaksi. next pengembangan nya.",5,2026-04-18 23:17:23,Positif
jos jis,5,2026-04-18 23:14:46,Positif
"aplikasi nya kurang efektif menurut saya, masa iya mau ambil uang aja harus di proses dulu transaksi nya sampe 1x24 jam, mana uang nya mau di pake",1,2026-04-18 23:09:39,Negatif
Sri Supardayati selama ini masih sangat membantu Dana untuk setiap transaksi.walau di lain org banyak mengeluh karena dana mereka raib..,5,2026-04-18 22:57:00,Positif
semua sarat sudah saya lakukan limit masih ada..hutang sudah saya lunasin..saya bayar selalu tepat waktu .,1,2026-04-18 22:54:23,Negatif
Bagus,5,2026-04-18 22:50:01,Positif
Sangat membantu,5,2026-04-18 22:48:47,Positif
dana terbaik,5,2026-04-18 22:48:10,Positif
sangat membantu mantap,5,2026-04-18 22:47:36,Positif
kurang baik. dana sya ni kenapa TDK ada fiktur dana cicilan tolong admin. dibantu aktif segera dana cicilan saya akun dana sya ni segera,1,2026-04-18 22:37:04,Negatif
bagus dan snagat membantu,5,2026-04-18 22:36:34,Positif
kendala upgrade premiumm lama banget,5,2026-04-18 22:29:28,Positif
banyak duit saya,4,2026-04-18 22:28:44,Positif
sangat membantu,5,2026-04-18 22:08:09,Positif
sangat baik,5,2026-04-18 22:04:40,Positif
memuaskan,5,2026-04-18 22:02:12,Positif
sangat bagus sekali,5,2026-04-18 21:50:44,Positif
terbukti dan terpercaya,5,2026-04-18 21:44:31,Positif
bagus apk ini sangat membantu saya,4,2026-04-18 21:37:37,Positif
Mntap,5,2026-04-18 21:33:28,Positif
Sangat mudah dan membantu kirim kirim uang lebih fley,5,2026-04-18 21:25:55,Positif
terimakasih dana,5,2026-04-18 21:25:10,Positif
urusan pribadi saya suka akun dana ini aman sekali..!,5,2026-04-18 21:21:33,Positif
tolong buka dana cicil saya,5,2026-04-18 21:17:43,Positif
keren,5,2026-04-18 21:13:08,Positif
Masya Allah..bagus aplikasinya.kemudahan ada di genggaman..moga pebih mantaf lagi,5,2026-04-18 21:11:29,Positif
ok,5,2026-04-18 21:07:39,Positif
sangat keren,5,2026-04-18 20:58:46,Positif
kenapa dana cicil saya tidak berlaku lagi padahal waktu itu bisa tapi sekarang ga bisa lagi padahal udah saya bayar tagihan nya,5,2026-04-18 20:58:23,Positif
aplikasi sangan bagus mau kirim uang lebih mudah,5,2026-04-18 20:55:01,Positif
akun sayah tidak bisa di update ke versi terbaru,5,2026-04-18 20:51:37,Positif
sangat membantu,5,2026-04-18 20:49:17,Positif
keren sekali dana,5,2026-04-18 20:45:17,Positif
dana cicil x gak tersedia trus lucu,1,2026-04-18 20:44:31,Negatif
TOLONG AKTIFKAN FITUR DANA INSTAN DI AKUN KUU,3,2026-04-18 20:42:42,Netral
gak ada limit gede pilih kasih,1,2026-04-18 20:34:39,Negatif
buat teman2 yg mau dibantu no dana lama hilang atau uang dana di bajak bisa saya bantu kembalikan lg saldo nya... saya bantu sampai selesai,5,2026-04-18 20:30:37,Positif
bagus sayasuka,5,2026-04-18 20:30:03,Positif
jangan d buat lagi aplikasinya lau uang kami GK balik alasan error la ini la.... kasihan sama masyarakat awam .. programmer d bayar mahal tp akhir akhir ini mengecewakan,1,2026-04-18 20:28:59,Negatif
saya pengguna sangat lama di dana dan saya pun sudah premmiun dari tahun 2015 sampai saat ini tidak ada aplikasi dana instan di dalamnya.,1,2026-04-18 20:26:14,Negatif
"gajelas ni apk, masa verifikasi muka ga dikenal, udah gitu lama menanggapinya, jelek banget",1,2026-04-18 20:20:55,Negatif
okeee Baikkk,4,2026-04-18 20:17:04,Positif
buat usaha,5,2026-04-18 20:12:59,Positif
tidak muncul dana cicil,1,2026-04-18 20:02:21,Negatif
"saya kasih bintang 5,tapi saran saya tolong di bantu fitur dana cicilnya",5,2026-04-18 20:01:47,Positif
kenapa limit dana cicil tidak bisa di pakai,4,2026-04-18 20:00:05,Positif
ok,5,2026-04-18 19:58:50,Positif
sangat puas,5,2026-04-18 19:56:43,Positif
cakep,5,2026-04-18 19:55:42,Positif
sangat puas,5,2026-04-18 19:51:07,Positif
sangat bagus,5,2026-04-18 19:49:55,Positif
the best of depoo,5,2026-04-18 19:49:15,Positif
sangat mudah untuk digunakan,5,2026-04-18 19:47:18,Positif
bagus buat transaksi,5,2026-04-18 19:44:58,Positif
mantap,5,2026-04-18 19:42:21,Positif
kasih dana cicil,5,2026-04-18 19:39:46,Positif
bagus,4,2026-04-18 19:38:03,Positif
"woii kenpa dana ini, masak ada notif tapi saldo ny gak masukk haduhhh",2,2026-04-18 19:34:51,Negatif
sangat membantu,5,2026-04-18 19:27:53,Positif
"jangan percaya dana,saya TF ke gopay 1350000, itu sudah 1 Minggu gak masuk pedahal saldo di dana terpotong",1,2026-04-18 19:23:00,Negatif
oke,5,2026-04-18 19:22:10,Positif
baik,5,2026-04-18 19:18:56,Positif
suka aplikasinya bagus,5,2026-04-18 19:16:34,Positif
"Pengiriman Uang ke orang lain melalui Sesama Aplikasi Dana lebih cepat,dan gk make biaya tambahan.. Beruntung bisa dapet uang nyata,",5,2026-04-18 19:13:28,Positif
biar bintang yang berbicara,5,2026-04-18 19:13:09,Positif
tolong di percapat proses pending nya. Sanya sangat kecewa dengan Adah nya pending. saya kirim. uang malah pending. waktu kinerja di percepat biasa pelangan menjadi nyaman. jangan kayak gini.,1,2026-04-18 19:11:09,Negatif
mantap,5,2026-04-18 19:07:22,Positif
fitur dana instan kenapa belum muncul,5,2026-04-18 19:04:09,Positif
"sangat kecewa sekarang kirim uang ke rekening bank kena biaya tidak seperti dulu, mulai kosongkan saldo dan uninstal aplikasi dana",1,2026-04-18 19:02:33,Negatif
pemindahan akun gagal terus min,1,2026-04-18 19:01:59,Negatif
enak,5,2026-04-18 19:01:38,Positif
saya mau komplen ke dana kenapa verivikasi dana cicil saya gagal.sya penggun lama hampir 10thun sering bertrassaksi pakai dan a isi token listrik.pakettan pulsa qiriss,1,2026-04-18 19:00:40,Negatif
maaf kak mahoni bantuannya ya kak tlng kak nya histori transaksi saya di aplikasi dana saya tolong bantu apusya kak soalnya hp saya masih ram 1 mohon di bantu apusya terima kasih seb3lum nya kak ya,5,2026-04-18 19:00:12,Positif
sangat membantu,5,2026-04-18 18:57:10,Positif
kenapa punya saya waktu login kok selalu keluar ya,5,2026-04-18 18:56:45,Positif
mantap,5,2026-04-18 18:54:44,Positif
oke jossss,5,2026-04-18 18:54:14,Positif
dana cicil nya sering bermasalah. tidak bisa digunakan,1,2026-04-18 18:51:00,Negatif
tolong dimunculkan dana instan biar tambah mantap menggunakan aplikasi dana,5,2026-04-18 18:43:06,Positif
"dana cicil saya gk bisa di pake lagi kena pa ya, apa saya punya tagih yg blum lunas",5,2026-04-18 18:42:43,Positif
"hati2 dengan dana ,,saya akan menghapusnya saya tranf uang dana ke tek BCA sendiri ,,om proses bisa sampai 3 hari ...agak kaget seperti dana ini aplikasi TIPu2 😱😭😱😭😭😭",1,2026-04-18 18:42:13,Negatif
baik,5,2026-04-18 18:41:13,Positif
"Dana cicil saya tidak bisa di pake, padahal bekum pernah pinjam",1,2026-04-18 18:38:12,Negatif
keren,5,2026-04-18 18:37:09,Positif
sangat bagus dan sangat membantu,5,2026-04-18 18:33:25,Positif
"Punya KTP sendiri, tapi gagal terus untuk pindah, Chat bot muter dsitu² aja, udah bertahun², gimana ini? Sudah DM via IG, sudah minta email dan smua syarat, udh mau seminggu, hasil ttp juga gak bisa. Case belom selesai malah minta penilaian kepuasan 🙃",1,2026-04-18 18:33:05,Negatif
terimakasih sangat membantu,5,2026-04-18 18:27:51,Positif
tolong di perbaiki soalnya kadang saldo kita hilang sendirinya,2,2026-04-18 18:25:19,Negatif
good,4,2026-04-18 18:21:51,Positif
"akhir² ini dana cicil saya tidak di aktif kan kembali,padahal pembayaran saya aman ya paling tidak nunggak beberapa hari doang,itu pun hanya 1 x nunggak setelah saya menggunakan 2 x transaksi menggunakan dana cicil,makin lama makin gak jelas nih dana,ketika kita butuh bantuan fitur bantuan selalu dalam perbaikan tidak pernah beres perbaikan nya,saya kecewa dengan dana,mengajukan pinjaman tapi takut tidak di. bayar padahal saya setiap bertransaksi selalu di dana ketika keluarga saya ingin",4,2026-04-18 18:15:06,Positif
sanggat bagus,5,2026-04-18 18:13:45,Positif
bagus,5,2026-04-18 18:13:34,Positif
udah 2thn saya minta bantuan karena saya ada kendala lupa pin mana saldo saya masih ada di aplikasi dananya lagi,2,2026-04-18 18:13:18,Negatif
bagus sekali,5,2026-04-18 18:12:49,Positif
APK GAJELAS UDAN VERIFIKASI WAJAH TETEP GA BISA TRANSAKSI DANA CICIL PADAHAL MAU BELI PULSA,1,2026-04-18 18:08:22,Negatif
bagus,5,2026-04-18 18:04:51,Positif
manttapp,5,2026-04-18 18:02:46,Positif
mantap dana nya,5,2026-04-18 17:59:12,Positif
"aneh, mau pake qris malah ga bisa kata bapak nya aneh kali. ga jadi gw beli baju jadi nya",1,2026-04-18 17:58:25,Negatif
baik sekali,5,2026-04-18 17:58:16,Positif
dana lgi error kah?,5,2026-04-18 17:56:01,Positif
"dana cicil saya belum limit,kenapa tidak bisa digunakan",4,2026-04-18 17:55:31,Positif
dana cicil,5,2026-04-18 17:55:20,Positif
bagus,5,2026-04-18 17:53:02,Positif
tolong munculiin dana cicil dong,5,2026-04-18 17:52:17,Positif
dana cicil gak keluar di akun saya di tempat akun kawan saya keluar kenapa begini cara memilih,2,2026-04-18 17:51:58,Negatif
sangat puas,5,2026-04-18 17:50:23,Positif
dana cicilan nyah jelek padahal udah lunas semua anh,2,2026-04-18 17:48:09,Negatif
aplikasi tidak layak pakai semua transaksi sering terkendala,1,2026-04-18 17:47:10,Negatif
dana paylater belum muncul,5,2026-04-18 17:46:39,Positif
mantap,5,2026-04-18 17:44:56,Positif
mantap,5,2026-04-18 17:44:14,Positif
gabisa baya QRis elorr,1,2026-04-18 17:43:02,Negatif
cara menghilangkan chat bot diana ? gak guna soalnya,1,2026-04-18 17:42:50,Negatif
dana memang cukup bagus dan simpel dan mudah di gunakan,5,2026-04-18 17:42:36,Positif
lancar pokok e,5,2026-04-18 17:41:31,Positif
selalu puas dengan viturnya🥰🥰🥰,5,2026-04-18 17:39:13,Positif
amanah,5,2026-04-18 17:37:36,Positif
👍👍,5,2026-04-18 17:35:36,Positif
mantap,5,2026-04-18 17:33:44,Positif
"semoga, bermanfaat",5,2026-04-18 17:31:22,Positif
aplikasi nya bagus,5,2026-04-18 17:30:48,Positif
sangat bagus,5,2026-04-18 17:29:56,Positif
jelek tf selalu ada kendala,1,2026-04-18 17:29:50,Negatif
bagus,5,2026-04-18 17:28:13,Positif
like,5,2026-04-18 17:27:21,Positif
bagus banget apk nya....,5,2026-04-18 17:27:05,Positif
sangat membantu transaksi mudah cepat aman,5,2026-04-18 17:26:19,Positif
sangat baik,5,2026-04-18 17:25:48,Positif
akun saya ko g bisa kebuka,1,2026-04-18 17:25:14,Negatif
tidak bisa menginstal apk dana,1,2026-04-18 17:24:47,Negatif
sllu gangguan pada qris entah lah apk dana ini kenapa,2,2026-04-18 17:22:49,Negatif
kadang sulit buat qiuris apakah trobel,3,2026-04-18 17:21:47,Netral
bingung akun yang lama ga bisa di buka pingin ganti yang ini susah sekarang saya padahal ada saldo nya tranveran dari penjualan bata merah saya,1,2026-04-18 17:19:29,Negatif
sangat membantu,5,2026-04-18 17:18:56,Positif
kreen 🖐️,5,2026-04-18 17:17:37,Positif
ok,5,2026-04-18 17:17:18,Positif
ko proses fitur dana cicilnya lama banget sih kak,3,2026-04-18 17:16:15,Netral
bisnis online,5,2026-04-18 17:15:34,Positif
bagus,1,2026-04-18 17:12:35,Negatif
Yah,5,2026-04-18 17:10:38,Positif
terima kasih,5,2026-04-18 17:09:29,Positif
top bgt lah,5,2026-04-18 17:06:37,Positif
mending jangan pake aplikasi dana sekarang mah. makin gajelas transfer sendirinya. dana itu aplikasi bodong. bagi yang belum merasakan nanti merasakan. mending dari sekarang tidak udah pake apk ini. cuma ngasih tau. ini apk penipu pencuri diam diam dengan membuat transaksi langganan sebagai daya tipu apk ini,1,2026-04-18 17:05:35,Negatif
mengapa fitur dana cicil saya gak ada,2,2026-04-18 17:01:50,Negatif
apk aneh masa login cuman pake no doang no ku dah mati trs di dana Masih ad uang ratusan ribu bikin fitur login pake KTP atau yg lain nya kek,2,2026-04-18 16:59:58,Negatif
sangat membantu saya dalam transaksi,5,2026-04-18 16:58:41,Positif
ok,5,2026-04-18 16:57:36,Positif
danacicil,5,2026-04-18 16:56:09,Positif
sangat bermanfaat,5,2026-04-18 16:56:03,Positif
punyaku knp kok blm muncul dana cicil nya,1,2026-04-18 16:55:03,Negatif
Transaksi Mudah 💪 keren abis 💪,5,2026-04-18 16:54:27,Positif
DANA top banget,5,2026-04-18 16:51:33,Positif
aplikasi dana keren sekali,5,2026-04-18 16:51:22,Positif
bagus,4,2026-04-18 16:50:17,Positif
siip,5,2026-04-18 16:50:09,Positif
aplikasi. nya baguss bgt dan saat bertransaksi itu cepet bgt aku suka pakek dana,5,2026-04-18 16:48:37,Positif
jos,5,2026-04-18 16:48:34,Positif
sangat Bagus dan juga proses nya cepat mantap DANA DOMPET DIGITAL KU sukses lah terus dan jangan merugikan orang,5,2026-04-18 16:48:21,Positif
okeyy 😅😊👌... @A #194🏁 @APPANA KAYLAKIARA🌼,5,2026-04-18 16:46:17,Positif
mohon di babtu apk dana gk bisa login,5,2026-04-18 16:45:53,Positif
gimana cara saya dapatkan penawaran dana cicil dan paylater,5,2026-04-18 16:45:26,Positif
apk busuk transaksi nyangkut harus nunggu 24 jam dikira uangnya nggak mau kepakek apa,1,2026-04-18 16:44:43,Negatif
mohon bantuannya untuk memunculkan fitur DANA CICIL saaya,5,2026-04-18 16:44:21,Positif
"kebanyak ngebug, mau bayar malah bermasalah",1,2026-04-18 16:43:06,Negatif
parah sibuk trus jaringan nya,1,2026-04-18 16:41:16,Negatif
puas,5,2026-04-18 16:35:52,Positif
dana makin bagus makin ancur isi saldo bejam jam baru masuk sering gangguan terus,4,2026-04-18 16:35:20,Positif
membantu transaksi keuangan,5,2026-04-18 16:32:44,Positif
sangat membantu,5,2026-04-18 16:32:40,Positif
sangat mudah di gunakan,4,2026-04-18 16:31:52,Positif
ok,5,2026-04-18 16:28:00,Positif
bagus,5,2026-04-18 16:26:48,Positif
Sudah Lancar Jaya,5,2026-04-18 16:26:32,Positif
hari ini tanggal 18 april sering gangguan pembayaran qris payah buat susah,1,2026-04-18 16:26:28,Negatif
cepat,5,2026-04-18 16:22:13,Positif
ok,1,2026-04-18 16:21:53,Negatif
baik,5,2026-04-18 16:21:25,Positif
mantap,5,2026-04-18 16:19:47,Positif
KENAPA GK BISA PINDAHKAN AKUN DANA SAYA DARI HP SAMSUNG A20 KE HP SAMSUNG GALAXY 9,5,2026-04-18 16:19:34,Positif
sangat bermanfaat,5,2026-04-18 16:17:39,Positif
Sangat mudah untuk bertransaksi,5,2026-04-18 16:16:51,Positif
bagus,5,2026-04-18 16:16:17,Positif
sangat baik,5,2026-04-18 16:14:32,Positif
kenapa ahir ahir ini fitur qris nya sering eror UNTUK SEMENTARA FITUR INI TIDAK DAPAT DI GUNAKAN ini sering terjadi,5,2026-04-18 16:13:42,Positif
"sukak banget pakek dana bisa langsung refund 100% uang kembali, mana cepet lagi cuman beberapa menit",5,2026-04-18 16:12:01,Positif
tidak bisa akses,1,2026-04-18 16:11:34,Negatif
mantap,5,2026-04-18 16:11:01,Positif
keren,5,2026-04-18 16:10:34,Positif
bagus bangett kecewa nya gak ada fitur dana cicil,5,2026-04-18 16:09:46,Positif
app yg bagus,5,2026-04-18 16:09:38,Positif
saya benci tagihan dana cicil padahal saya tidak pernah nyicil tolong pihak apk ini betulkan lah rugi kita,1,2026-04-18 16:07:21,Negatif
mantap,1,2026-04-18 16:06:00,Negatif
baaikk,5,2026-04-18 16:05:25,Positif
Ini gimana ya .. Udah top up Dana belum nambah Ke pusat bantuan suruh upload buktinya malah eror terus,5,2026-04-18 16:05:12,Positif
okeeokee,5,2026-04-18 16:05:09,Positif
mantap masuk ya sangat mudah,5,2026-04-18 16:04:20,Positif
sy puas pke apl DANA,5,2026-04-18 16:04:03,Positif
sangat membantu,5,2026-04-18 16:03:43,Positif
sangat nyaman,5,2026-04-18 16:03:03,Positif
mantap,5,2026-04-18 16:02:48,Positif
"ga muncul""dana cicilnyqa",4,2026-04-18 16:01:10,Positif
"sangat membantu dalam pembayaran,akun dana erick restandi",5,2026-04-18 16:01:05,Positif
bagus,5,2026-04-18 16:00:42,Positif
bagus,5,2026-04-18 16:00:13,Positif
dana edan QR gak bisa mulu,2,2026-04-18 15:57:47,Negatif
dana sekarang scen QR suka gagal,1,2026-04-18 15:57:35,Negatif
aku sangat puas make apk ini,5,2026-04-18 15:54:38,Positif
Sangat membantu👍👍,5,2026-04-18 15:54:34,Positif
kurang bagus pelayanannya dana mah.sinyal aja sibuk melulu,1,2026-04-18 15:54:10,Negatif
bagus,5,2026-04-18 15:54:00,Positif
"saya kasih bintang 3 dlu karena dana cicil saya blom bisa bisa untuk di gunakan sama sekali sudah hampir 3bulan transaksi saya TF make akun dana saya trus kok gak bisa di gunakan dana cicil saya sama sekali gagal trus trusan,saya gada blom ada utang limit ,ini dana cicil motivasi nya blom bisa di gunakan di akun saya",3,2026-04-18 15:52:58,Netral
sangat bagus,5,2026-04-18 15:52:52,Positif
makin kesini makin parah dana banyak gangguan mending ganti ke apk lain daripada apk dana,1,2026-04-18 15:52:21,Negatif
cukup bagus,3,2026-04-18 15:52:10,Netral
Oke,5,2026-04-18 15:51:17,Positif
padek,5,2026-04-18 15:50:22,Positif
"Kirim dana ke temen ada notif transaksi gagal terkirim,saya cek saldo, saldo uda kepotong aja, jeda 3menit sya cek transaksi lah kok berhasil. sementara notif awal yg sya dapat transaksi gagal dan tidak dapat di proses. jaringan ok stabil. apk sudah versi terbaru/sudah update. lawak ni apk lama"" jadi was was simpan duit di sini.",1,2026-04-18 15:50:12,Negatif
kenapa dana punya saya ga bisa ferivikasi sama ga bisa apdet ke dana fremium..,4,2026-04-18 15:49:40,Positif
"banyak kale sistem eror,gangguan mulu dah",2,2026-04-18 15:47:19,Negatif
Sering gangguan saat mau membayar pake qris,1,2026-04-18 15:47:12,Negatif
tidak bisa transaksi,1,2026-04-18 15:46:44,Negatif
bagus,5,2026-04-18 15:45:24,Positif
sangat memuas kan aman dan amananh,5,2026-04-18 15:43:53,Positif
mantap membantu,5,2026-04-18 15:43:13,Positif
bgus,5,2026-04-18 15:43:01,Positif
kurang adil,1,2026-04-18 15:42:54,Negatif
dana instan saya kok gak ada yaa padahal udah apgeret premium,3,2026-04-18 15:42:39,Netral
tidak ada dana cicil nya😡parah,1,2026-04-18 15:42:24,Negatif
kelamaan banyak gangguannya suruh nunggu berapa menit eh taunya beberapa jamm,1,2026-04-18 15:42:20,Negatif
dana tolong saya bantu pemulihan akun saya,5,2026-04-18 15:41:43,Positif
sangat puas,5,2026-04-18 15:41:22,Positif
saya sangat suka pakai aplikasi ini semua mudah dengan aplikasi ini,5,2026-04-18 15:40:26,Positif
payah member lama gk ada dana cicil jadi males pakai dana,1,2026-04-18 15:39:34,Negatif
admin nya tidak masuk akal admin dananya tolol,1,2026-04-18 15:38:40,Negatif
bagus gampang buat transfer',5,2026-04-18 15:37:37,Positif
bagus,5,2026-04-18 15:36:42,Positif
mantap cepat dan mudah,5,2026-04-18 15:36:26,Positif
sangat membantu,5,2026-04-18 15:36:24,Positif
bagus sekali,5,2026-04-18 15:35:41,Positif
"payah dana cicil udah di lunasin ngg bisa di pake berbulan bulan dan tidak ada tunggakan atau tagihan dan limitpun masih ada 150k . sudah tunggu 6 bulan tetap tidak bisa digunakan, Tagihan udah lunas smua, Limit 0, tapi fitur Dana cicil tidak tersedia. Mohon di bantu aktifkan kembali.",2,2026-04-18 15:34:20,Negatif
mantap betul nih,3,2026-04-18 15:31:10,Netral
cug kenapa akun dana gua gabisa masuk,1,2026-04-18 15:29:55,Negatif
baik,5,2026-04-18 15:29:52,Positif
"proses verifikasi nya lama, di tanya ke asisten adminya tdk responsible , kureng banget sih untuk apk yg penggunanya sudah se ramai ini 👎🏼👎🏻",1,2026-04-18 15:29:31,Negatif
membantu sekali untuk transaksi,5,2026-04-18 15:29:21,Positif
"APLIKASI SAMPAAH, SETIAP KALI ADA MASALAH LAPORAN DILAYANI CHAT BOT YANG SAMA SEKALI TIDAK MEMBANTU. SANGAT SULIT TERHUBUNG KE CS, SAMPAAAH !!! QRISH SERING ERORR.... APLIKASI SAAAAAAAMAPAAAAAAAAAAAH!!!!!!",1,2026-04-18 15:28:59,Negatif
sangat memuaskan,5,2026-04-18 15:27:35,Positif
"aplikasi ini baik,bagus, bermanfaat",5,2026-04-18 15:26:57,Positif
keren,5,2026-04-18 15:26:45,Positif
jelek parahh mengecewakan,1,2026-04-18 15:26:05,Negatif
gda utang transaksi jutaan dalam sebulan pengen dana cicil gak di kasih,1,2026-04-18 15:25:51,Negatif
kendala pembayaran qris,5,2026-04-18 15:24:59,Positif
aplikasi bodo sering sering kao eror,1,2026-04-18 15:23:58,Negatif
cepat bagus enak di pake,5,2026-04-18 15:22:34,Positif
banyak kali kendali,1,2026-04-18 15:22:24,Negatif
cuaks,5,2026-04-18 15:21:57,Positif
gimana ini gangguan Mulu gabisa qiurissssss,5,2026-04-18 15:21:49,Positif
ganguan melulu,4,2026-04-18 15:21:19,Positif
keamaan dana makin lemah kacau bgt,1,2026-04-18 15:21:18,Negatif
mantap,5,2026-04-18 15:19:57,Positif
sangat memuaskan,5,2026-04-18 15:19:28,Positif
selalu aja ngeleg gimna sihh,1,2026-04-18 15:19:21,Negatif
QRIS DANA GANGGUAN MULU ANYINNG QRIS INDOG,1,2026-04-18 15:17:53,Negatif
"kenapa dana sering error sekarang, mau bayar pake qris aja gabisa",1,2026-04-18 15:16:54,Negatif
knpa buat QR akhir akhir ini sering error,4,2026-04-18 15:15:11,Positif
bagussss,5,2026-04-18 15:13:53,Positif
Dana cicil blum bisa diaktifkan kan padahal sudah ad fitur nya Dapk Dana,3,2026-04-18 15:13:46,Netral
"eror saat membayar pakai qris, pas minta tolong ke admin dana malah kek anak sd ngak nyambung ajg",1,2026-04-18 15:13:08,Negatif
"terkadang gbsa bayar menggunakan qris, something when wrong terus, kalo seperti ini lebih baik saya menggunakan aplikasi lain",2,2026-04-18 15:13:06,Negatif
Bagus sekali,5,2026-04-18 15:12:57,Positif
sudah eror kirim uang sering salaah masuk keakun orang lain,1,2026-04-18 15:12:52,Negatif
bagus,5,2026-04-18 15:10:47,Positif
gua butuh bayar lol criz eror Mulu mau bayar makan jg suek,5,2026-04-18 15:08:27,Positif
tiidak dpt scan kode qr,2,2026-04-18 15:08:02,Negatif
sering eror gak bisa pindai QR,3,2026-04-18 15:07:29,Netral
sangat baik,5,2026-04-18 15:07:11,Positif
"mantap, sanggat membatu",5,2026-04-18 15:05:27,Positif
sampe sekarang qrisnya masih eror,1,2026-04-18 15:05:22,Negatif
ok mntp,2,2026-04-18 15:04:57,Negatif
bagus,5,2026-04-18 15:04:27,Positif
taikk saldo kepotong payment gajelas tanpa konfirmasi,1,2026-04-18 15:03:59,Negatif
tolong perbaiki sistem nya saya tidak bisa melakukan pembayaran via QR,5,2026-04-18 15:03:59,Positif
luar biasa,5,2026-04-18 15:03:29,Positif
mantap,5,2026-04-18 15:02:56,Positif
dana mantap,5,2026-04-18 15:02:35,Positif
"maaf saya kurangi bintang nya... kenapa fitur dana cicil saya tidak bisa digunakan atau tidak tersedia??? baru di lunasin semua tagihan nya... gk ada yg telat sama sekali.. tapi sekarang, gk bisaa di gunakan lagi",2,2026-04-18 15:01:24,Negatif
tolong perbaik pembayaran fitur qris kadang bisa di pakai kadang gk bisa,3,2026-04-18 15:01:11,Netral
mantap,5,2026-04-18 15:00:41,Positif
dana gampang untuk berteransaksi,5,2026-04-18 15:00:32,Positif
manatap,5,2026-04-18 15:00:00,Positif
ok,5,2026-04-18 14:59:33,Positif
ko aku tiba tiba gabisa buka dana goals... padahal aku uda nyimpen disitu kahwhshbanwj,3,2026-04-18 14:59:25,Netral
baik,5,2026-04-18 14:59:20,Positif
apk gabisa di scan qris,3,2026-04-18 14:58:43,Netral
bagus,5,2026-04-18 14:57:51,Positif
transfer ke bank sering pending.,3,2026-04-18 14:57:46,Netral
saya sangat puas dengan performa transaksi di akun dana ini sangat mudah dan cepat......,5,2026-04-18 14:57:39,Positif
Kata sandi udah muka udah malah di suruh masukan kode masalahnya no gua udah mokat dapat kode darimana coba dari akhirat,1,2026-04-18 14:56:59,Negatif
🫰🩷🩷🩷🫰,5,2026-04-18 14:55:30,Positif
ok,5,2026-04-18 14:55:28,Positif
baik,3,2026-04-18 14:55:26,Netral
sangat bagus sekali,5,2026-04-18 14:54:18,Positif
biar bintang aja yang bicara,5,2026-04-18 14:54:14,Positif
mantap,5,2026-04-18 14:52:35,Positif
makin lama makin ribet ni apk qieis aj ada ganguan kotol,1,2026-04-18 14:51:46,Negatif
"mantaaaaaf transaksi lncaaaaar,bryg ood",5,2026-04-18 14:50:46,Positif
ok,5,2026-04-18 14:48:12,Positif
bagus,5,2026-04-18 14:47:10,Positif
terbaik,5,2026-04-18 14:46:25,Positif
bagus banget,5,2026-04-18 14:45:24,Positif
sangat baik,5,2026-04-18 14:44:47,Positif
gimana cara login dana wajah dulu terus pin,2,2026-04-18 14:44:25,Negatif
bagus,5,2026-04-18 14:44:22,Positif
banyak kendala,1,2026-04-18 14:43:24,Negatif
membantu,4,2026-04-18 14:43:21,Positif
"Tadi saya melakukan pembayaran, percobaan pertama dan kedua dinyatakan gagal, baru percobaan ketiga berhasil. Namun saat saya cek saldo, ternyata saldo saya terpotong tiga kali. Mau refund susah banget, respon lama",1,2026-04-18 14:42:48,Negatif
puas,4,2026-04-18 14:42:47,Positif
no admin,5,2026-04-18 14:42:32,Positif
mantap,5,2026-04-18 14:42:13,Positif
kadang sinyal bagus tp qr gagal mulu aneh,5,2026-04-18 14:41:44,Positif
sangat menarik,5,2026-04-18 14:40:51,Positif
uang sering ke ambil tanpa sandi,1,2026-04-18 14:40:48,Negatif
bagus,5,2026-04-18 14:40:30,Positif
"Terimakasih,Tolong fitur yg sudah di sediakan jgn dipersulit untuk digunakan.tks",5,2026-04-18 14:39:24,Positif
ok,5,2026-04-18 14:39:05,Positif
bagus,3,2026-04-18 14:38:35,Netral
bgus,5,2026-04-18 14:38:33,Positif
jadi lebih mudah bertransaksi,5,2026-04-18 14:38:27,Positif
ini gimana kok buat tf gak masuk,3,2026-04-18 14:38:27,Netral
percumah min ada fitur dana cicil klo gk bisa di gunain. mlhribet pke daftar²nama org tua sgala prusahaan pkrjaan kyk mau kredit kndaraan aja ASLI RIBETT prcumh ada fitur dana cicil🙄🙄,2,2026-04-18 14:37:34,Negatif
kirim ke orang tua mudah praktis,5,2026-04-18 14:35:56,Positif
baik,5,2026-04-18 14:35:42,Positif
aplikasi keren,5,2026-04-18 14:34:10,Positif
sangat bagus,5,2026-04-18 14:33:28,Positif
terimakasih sangat membantu,5,2026-04-18 14:33:25,Positif
di perbaiki dlu apk mu ini qris aja susah apk ga jls,1,2026-04-18 14:33:13,Negatif
bagus,3,2026-04-18 14:31:18,Netral
sering gangguan gak jelas,3,2026-04-18 14:30:50,Netral
keren,5,2026-04-18 14:30:07,Positif
gbs qris,1,2026-04-18 14:29:50,Negatif
bagus👍,5,2026-04-18 14:29:45,Positif
dana instan saya tidak muncul padahal sering transaksi sudah premium juga dan barcode QR tidak bisa dibuka,2,2026-04-18 14:29:24,Negatif
mantap,5,2026-04-18 14:29:04,Positif
ngebug terusssssss,2,2026-04-18 14:28:30,Negatif
sangat baik,5,2026-04-18 14:27:31,Positif
gampang trobel,1,2026-04-18 14:27:03,Negatif
"di jamin aman simpan uang di dana, mantap dah pokoknya 👍🏻👍🏻",5,2026-04-18 14:26:32,Positif
terbaik,5,2026-04-18 14:25:44,Positif
ok bangett,5,2026-04-18 14:25:08,Positif
memuaskan,5,2026-04-18 14:24:42,Positif
baik,5,2026-04-18 14:24:09,Positif
membantu,4,2026-04-18 14:23:56,Positif
bagus,5,2026-04-18 14:23:51,Positif
"makin sini, mkin bnyak gangguan gak jlas",2,2026-04-18 14:23:35,Negatif
"mau transfer kok harus premium dulu! males banget, padahal penggunanya asli gue, ribet tau mau transfer sesama pengguna dana, seharusnya ada alternatif lain, terus juga pake fitur smart pay buat transfer malah gabisa (scan QR dari galeri yang belum kadaluwarsa gagal-coba lagi) terus.",2,2026-04-18 14:22:32,Negatif
makin diupdate byr qris suka error dana makin jelek sekarang,1,2026-04-18 14:21:27,Negatif
bismilah dana cicil bisa muncul. aminnn,5,2026-04-18 14:20:46,Positif
mantap,5,2026-04-18 14:20:44,Positif
good,5,2026-04-18 14:20:07,Positif
semoga muncul dana cicilnya,5,2026-04-18 14:19:15,Positif
tingkat keamanannya 🙂,5,2026-04-18 14:19:05,Positif
cepat,5,2026-04-18 14:18:53,Positif
bagus sih tapi sayang bngt gak bisa di pake di qrisnya,3,2026-04-18 14:18:38,Netral
memuaskan,5,2026-04-18 14:18:29,Positif
sangat Bagus,5,2026-04-18 14:17:29,Positif
sangat baik,5,2026-04-18 14:16:52,Positif
sangat bagus buat transaksi,5,2026-04-18 14:16:52,Positif
mengapa harus menggunakan Wi-Fi tidak bisa pakai data/kuota,2,2026-04-18 14:16:26,Negatif
mantap,5,2026-04-18 14:16:21,Positif
bagus,5,2026-04-18 14:16:09,Positif
ok,5,2026-04-18 14:16:00,Positif
bagus,5,2026-04-18 14:15:37,Positif
DANA SANGAT MEMBANTU,5,2026-04-18 14:15:07,Positif
memuaskan,4,2026-04-18 14:14:46,Positif
"aplikasi bagus,kirim uang cepat",5,2026-04-18 14:13:26,Positif
untuk pengiriman dan penarikan sangat episien,5,2026-04-18 14:13:19,Positif
bagus,5,2026-04-18 14:13:03,Positif
mantap sih tetapi kadang tidak bisa membayar pake qris sering ganguan,5,2026-04-18 14:12:36,Positif
amanah,5,2026-04-18 14:12:07,Positif
bagus,5,2026-04-18 14:11:24,Positif
okeh,5,2026-04-18 14:11:21,Positif
saya udah buat laporan kenapa bukti terima saldo hilang?,1,2026-04-18 14:10:12,Negatif
ok,5,2026-04-18 14:09:03,Positif
sering ganguan pas transaksi penting,1,2026-04-18 14:08:18,Negatif
"aplikasi yg sangat penting ini bisa menabung Tampa ada potongan pokoknya apk nya baguss, cuman itu lagi kalau mau skrin barkot cuma. agak eror 😫",5,2026-04-18 14:08:13,Positif
sangat bagus prosesnya cepat dan pelayanan nya pun cepat,5,2026-04-18 14:07:18,Positif
bagus sekali aplikasi ini,5,2026-04-18 14:05:56,Positif
"apk nya bagus cuman saya transfer ke rekening yg lain proses nya lama bgt 23 jam,aktivitasnya tolong di perbaiki dong buat adminya ,Agar para pengguna lebih nyaman saat transfer tidak lama menunggu🙏soalnya setiap orang punya kebutuhan sendiri sendiri",5,2026-04-18 14:05:52,Positif
maaf untuk pihak dana apa bisa mengembalikan akun dana saya yang sudah hilang no dana nya tapi saya ingat no sama sandinya mohon pencerahan nya sebab di dana yang no nya hilang masih ada saldonya,5,2026-04-18 14:04:39,Positif
"lemottt, mo tf gagal terus",1,2026-04-18 14:03:02,Negatif
Dana is thebest,5,2026-04-18 14:02:40,Positif
ok,4,2026-04-18 14:01:40,Positif
bagus,5,2026-04-18 14:01:31,Positif
"Lama lama busuk juga aplikasinya, sering pending padahal sinyal bagus. parah",1,2026-04-18 14:01:13,Negatif
apk nya banyak banget masalah nya dari transaksi tida masuk tapi saldo hilang sampai mau bayar QR padahal saldo sudah pas selalu gagal mengecewakan pokonya Meding gopay,3,2026-04-18 14:01:11,Netral
bagus hanya saja fitur dana cicil na gagal aktifasi,5,2026-04-18 14:01:11,Positif
kenapa sekarang tarik dana di alfamart ada adminya ya min kemaren saya tarik Rp. 100.000 adminya Rp. 3.000 apakah ada peraturan baru?,1,2026-04-18 13:59:36,Negatif
puas,5,2026-04-18 13:59:16,Positif
"gara-gara lupa jadi telat bayar dana cicil sekarang tidak bisa dipakai lagi , sudah 6 bulan payah masih mending pake gopay lebih oke pitur pinjaman lebih besar . ini udah limit kecil susah di pake lagi auto unistal dan hapus akun",1,2026-04-18 13:59:03,Negatif
aplikasi nya oke sih cuma kadang-kadang aplikasi suka ngelag saya sering bayar ganda lagi gak 1x - 2x doang tapi sering. tolong pihak dev dana perbaiki dong,3,2026-04-18 13:58:57,Netral
tidak bisa kirim aplikasi jelek,1,2026-04-18 13:58:48,Negatif
transaksi cepat mudah,5,2026-04-18 13:58:29,Positif
aplikasi assuu bodoh dan bnyak uang yg hilang,1,2026-04-18 13:58:25,Negatif
bagus.,5,2026-04-18 13:58:14,Positif
sangat baik,5,2026-04-18 13:56:56,Positif
Kenapa yah dana sekarang sering eror nya,5,2026-04-18 13:55:41,Positif
saya berusaha menggunakan dana dengan berhati-hati trus riwayat transaksi saya nominal nya juga lumayan TPI kenapa apk dana saya tidak muncul dana cicil padahal saya pengguna dana versi lama sampe sekarang mohon tindakan nya min saya kasih bintang 4 dlu tar KLO fitur nya udah ada diakun saya pasti saya kasih bintang 5,4,2026-04-18 13:55:17,Positif
terkendala upgrade dana premium,2,2026-04-18 13:54:11,Negatif
"UANG GUE DI DANAPLUS,,,KALIAN TILEP 60RB, IMING2 DAPAT IMBALAN HARIAN,,,MALAH KALIAN TILEP SALDO GW...MHN SEGERA DI K3MBALIKAN!!!!!",1,2026-04-18 13:54:10,Negatif
mantap!,5,2026-04-18 13:53:35,Positif
ok,5,2026-04-18 13:53:21,Positif
heran dana cicil saya tidak bisa digunakan setelah pelunasan sebelumnya pedahal baik baik saja tetapi kemarin pas mau pakai transaksi tidak tersedia pedahal limit ada,5,2026-04-18 13:52:54,Positif
ok,5,2026-04-18 13:51:59,Positif
prosesnya cepat dan teliti,5,2026-04-18 13:51:45,Positif
Sangat puas,5,2026-04-18 13:50:38,Positif
eror min gk bisa pkek qriss,1,2026-04-18 13:46:12,Negatif
keren,5,2026-04-18 13:44:30,Positif
sangat bermanfaat,5,2026-04-18 13:40:08,Positif
ok,5,2026-04-18 13:39:17,Positif
"parah transfer ke bank dari dana , pending suruh nunggu 5 mnt , udha selesai nunggu 5 menit tampah pending lagi 23 jam . stress ... !!! gimana klo orang butuh !!! tadi sy kasih bintang 1 , sekarang sy rubah gak lama langsung masuk uangnya ga sampe 15 menit , jadi saya kasih bintang 5 👍 bagus dana . tapi sayang saya belum bisa dapet pinjaman. hehehe",5,2026-04-18 13:39:06,Positif
apk rusak dah sering hilang saldo cuman modal nomor aja orng bisa ngambil saldo.dah rusak nih dana mending pindak ke seabank,1,2026-04-18 13:36:40,Negatif
nmr belum terdaftar di aplikasi dana kok bisa tiba2 terdaftar di aplikasi dana,1,2026-04-18 13:36:14,Negatif
a p k yg mantap dan berguna,5,2026-04-18 13:34:09,Positif
"Selalu ada kendala,",1,2026-04-18 13:33:06,Negatif
oke,5,2026-04-18 13:32:30,Positif
dana cicil ama dana instan ga bisa D gunakan lg kenapa,5,2026-04-18 13:31:28,Positif
"pikir lagi deh yg mau download, akun sya di hack masa sya tdk main mobile legend dgn ff, tiba² ada kluar uang untuk byar itu mana smpe berulang- ulang lagi. sdh ajukan pngmbalian dana tpi ttp gbsa aplikasi merugikan.",1,2026-04-18 13:31:03,Negatif
bagus,5,2026-04-18 13:29:34,Positif
jelek banget ni aplikasi sering banget eror buat login pun susah,1,2026-04-18 13:28:42,Negatif
keren,5,2026-04-18 13:26:57,Positif
halah ini gua pengguna dana lama tpi dana cicil nya ga muncul,1,2026-04-18 13:24:58,Negatif
"saldo ilang tidak ada pertanggung jawaban y ,...mudah banget di rentas orang!!!!!!!!..",1,2026-04-18 13:23:22,Negatif
baik,5,2026-04-18 13:23:11,Positif
"pas mau bayar gk bisa, mau ngapus akun gk bisa gimana ini. aplikasi penuh rusak nyesel download",1,2026-04-18 13:22:54,Negatif
👍👍👍👍,5,2026-04-18 13:22:37,Positif
jos jos pokoke,5,2026-04-18 13:21:26,Positif
apk ini bagusss tapii kenapa uangku pada ilangg yaa,3,2026-04-18 13:20:09,Netral
"saya kasih bintang 5 kram terbaik dana ini tapi mohon keluar kan dana cicil lan saya ,itu aj 👍🏻",5,2026-04-18 13:19:33,Positif
"transferan saya di Bank kok bisa tertunda sampai 24 jam, ini aplikasi seperti apa, sangat tidak rekomen 👎👎",1,2026-04-18 13:18:25,Negatif
"jelek, kendala terus",1,2026-04-18 13:17:15,Negatif
sangat puas,5,2026-04-18 13:16:15,Positif
sangat membantu bertransaksi,5,2026-04-18 13:13:32,Positif
mantap,5,2026-04-18 13:09:25,Positif
"scam, mana dana kaget ulang tahunnya😾😾",1,2026-04-18 13:09:13,Negatif
"jos tp sayang ,GK tau masalah nya akun saya blokir ,,GK dijelasin ,saya bertanya kena. d blok ,",5,2026-04-18 13:09:05,Positif
👍,5,2026-04-18 13:09:00,Positif
baik,5,2026-04-18 13:08:35,Positif
mksh dana,5,2026-04-18 13:06:18,Positif
transaksi sangat mudah dilakukan,4,2026-04-18 13:05:40,Positif
sangat bagus,5,2026-04-18 13:04:58,Positif
ok,5,2026-04-18 13:01:16,Positif
dana memang terbaik dan sangat membantu,5,2026-04-18 13:00:44,Positif
sangt membantu,5,2026-04-18 12:59:53,Positif
sangat membantu sekali dan aman,5,2026-04-18 12:56:30,Positif
"tidak bisa diinstal di perangkat redmi pad se,sedikit kecewa TPI GPP udh biasa : |",2,2026-04-18 12:56:06,Negatif
sangat puasssss bisa membantu mempercepat transaksi,5,2026-04-18 12:55:57,Positif
sangat bagus,5,2026-04-18 12:55:57,Positif
👍,5,2026-04-18 12:55:12,Positif
bgusss,4,2026-04-18 12:54:51,Positif
ko dana saya tidak ada fitur dana cicil nya..,5,2026-04-18 12:54:49,Positif
sangat bagus dan tepercaya sangat aman dan bagus,5,2026-04-18 12:54:37,Positif
Dana cicil ko gada yah punya gua,5,2026-04-18 12:53:47,Positif
bagus,5,2026-04-18 12:53:25,Positif
baik,5,2026-04-18 12:51:53,Positif
ok,5,2026-04-18 12:51:47,Positif
lebih gampang ngirim pake dana gk ribet,5,2026-04-18 12:51:00,Positif
bagus,5,2026-04-18 12:49:07,Positif
"tolong saat login jangan eror mulu,tidak bisa masuk ada kendala..mohon dibantu ka.aplikasi bagus sekali",5,2026-04-18 12:48:26,Positif
mantap,5,2026-04-18 12:47:59,Positif
mantap alternatip transaksi jdi lbih mudah engga ad kenda samping skrang,5,2026-04-18 12:45:14,Positif
mantap bosquh semenjak ada apl dana gampang dan cepat prosesnya,5,2026-04-18 12:43:33,Positif
👍,5,2026-04-18 12:41:11,Positif
berguna.. tapi lagi sementara absen dulu,5,2026-04-18 12:41:05,Positif
lumayan lah,4,2026-04-18 12:38:18,Positif
ok,5,2026-04-18 12:32:55,Positif
good,5,2026-04-18 12:32:33,Positif
mudah dan mantap,5,2026-04-18 12:31:59,Positif
"GA JELAS BANGET SEKARANG DANA, KENA BIAYA TIAP TOPUP KITA KEPOTONG, JADI IKUT IKUTAN OVO",1,2026-04-18 12:31:07,Negatif
"kasi bintang 1 karna buru2 ada kerpeluan mau bayar pakei dana eeh malah tidak bisa melakukan pembayaran dengan alasan ada kendala pada bank nomor tujuan, padahal bank yg di tuju baik2 sja, tdk ada kendala",1,2026-04-18 12:30:32,Negatif
"aplikasinya sangat aman saya minta hapus akun langsung bisa, Thanks Dana",5,2026-04-18 12:29:23,Positif
Ok,4,2026-04-18 12:29:10,Positif
lancar,5,2026-04-18 12:28:37,Positif
bagus sekali,5,2026-04-18 12:26:28,Positif
sangat membatu... aplikasi bagus,5,2026-04-18 12:25:04,Positif
kenapa dana saya jaringan selalu terputus,3,2026-04-18 12:22:42,Netral
bagus bangat,5,2026-04-18 12:19:41,Positif
"bagus,,cepatt",5,2026-04-18 12:19:41,Positif
"sangat jelek ketika terjadi masalah, tidak ada orang yg respon cma ai, mana ainya tambah bikin bingung lagi",1,2026-04-18 12:18:22,Negatif
sangat baik dan mudah,5,2026-04-18 12:18:18,Positif
"jadi nggak ribet, cpt suka dan puas bngt pake apk ini",5,2026-04-18 12:16:11,Positif
cepat buat pengiriman nya pokonya mantap,5,2026-04-18 12:15:29,Positif
sangat membantu saya dalam mengelola keuangan,5,2026-04-18 12:15:09,Positif
KENAPA VOUCHER GOOGLE PLAY TIDAK BISA DI CLAIM??? ANEH,1,2026-04-18 12:13:05,Negatif
sangat membantu utk.bertransaksi dan bisa terima dan kirim uang dengan mudah,5,2026-04-18 12:12:41,Positif
aman dan investasinya bagus,5,2026-04-18 12:08:48,Positif
mantapp,5,2026-04-18 12:07:42,Positif
mantappp Proses DEPOSIT DAN WIDRAW NYA CEPAT,5,2026-04-18 12:06:37,Positif
bagus mantap,5,2026-04-18 12:06:17,Positif
akun dana aku ngk pernah ada dana cicil,5,2026-04-18 12:05:18,Positif
"Maaf kalau saya kasih bintang 1,soalnya saya tidak membuat akun saat memasukkan nomor hp",1,2026-04-18 12:05:09,Negatif
sangat membantu transaksi mudah dan cepat,5,2026-04-18 12:02:34,Positif
sangat membantu👍👍👍👍👍,5,2026-04-18 12:01:56,Positif
mantap,4,2026-04-18 12:01:30,Positif
sippp,5,2026-04-18 11:59:36,Positif
"saya sering kehilangan uang disana saya gk tau caranya agar gk hilang mohon bantuannya.., 🙏😔",5,2026-04-18 11:54:37,Positif
"awalnya bagus tpi semenjak saya ingin transfer uang saya ke bank malah di suruh tunggu karna sedang banyak transaksi, mksdnya kan ini dompet digital katanya ya klo gitu berarti namanya bukan dompet digital",1,2026-04-18 11:53:46,Negatif
👍,5,2026-04-18 11:52:55,Positif
sangat membantu,5,2026-04-18 11:52:34,Positif
Dana memang keren,5,2026-04-18 11:51:10,Positif
"macet, trf uang butuh skrg malah ditunda sampe 5 hari kerja, bener bener kecewa",1,2026-04-18 11:51:10,Negatif
mntap,5,2026-04-18 11:48:59,Positif
dunia makin canggih subhanallah alhamdulillah,5,2026-04-18 11:48:50,Positif
mantap,5,2026-04-18 11:48:43,Positif
sangat baguss,5,2026-04-18 11:48:28,Positif
proses cepat,5,2026-04-18 11:48:14,Positif
sangat membantu untuk bertransaksi digital,5,2026-04-18 11:47:23,Positif
matap👍,5,2026-04-18 11:46:59,Positif
bagus,5,2026-04-18 11:46:53,Positif
bagus,5,2026-04-18 11:46:28,Positif
sangat baik,5,2026-04-18 11:45:07,Positif
dana cicil sudah tidak bisa di pakai aneh apk ga jelas mending di apus ajah dana cicil nya 👍🏻,1,2026-04-18 11:44:05,Negatif
mengirim lebih mudah,5,2026-04-18 11:43:41,Positif
"aplikasi menyusahkan,,dana cicil gk bisa si pakai,saldo ad,transaksi banyak,giliran akun dana lama hilang,mau ganti(m3narik akun lama)ke akun baru susahhh sudah3th minta di bantu gk ad kejelasan,,klo gk nia5 bantu jangan peesulit",1,2026-04-18 11:43:28,Negatif
baik,4,2026-04-18 11:42:52,Positif
good,5,2026-04-18 11:41:37,Positif
cukup baik,5,2026-04-18 11:41:31,Positif
tolong aktifkan dana cicil,5,2026-04-18 11:40:45,Positif
ok,5,2026-04-18 11:40:05,Positif
terima kasih sangat membantu transaksi,5,2026-04-18 11:39:40,Positif
mohon bantuan nya kok dana cicil saya tidak tersedia.padahal gak ada hutang udah saya lunasi semua sebelum jatuh tempo,5,2026-04-18 11:39:19,Positif
mantap,5,2026-04-18 11:37:37,Positif
anjay bagus betul dah ini aplikasi nya 😎😎😎,5,2026-04-18 11:37:11,Positif
"tidak menyenangkan untuk asisten diana, jawab cuman pakai ai aja bangga. gak nyelesain masalah.",1,2026-04-18 11:35:11,Negatif
soalnya pake biaya admin,4,2026-04-18 11:31:20,Positif
baik,5,2026-04-18 11:30:58,Positif
aplikasinya sangat membantu terimakasih🙏,5,2026-04-18 11:30:07,Positif
sangat membantu sekali,5,2026-04-18 11:29:33,Positif
dana memang oke,5,2026-04-18 11:29:30,Positif
bagus,5,2026-04-18 11:29:29,Positif
aplikasi yang sangat membantu dan mudah di gunakan.,5,2026-04-18 11:29:14,Positif
good,5,2026-04-18 11:27:22,Positif
siip,5,2026-04-18 11:25:11,Positif
sangat bagus,5,2026-04-18 11:25:02,Positif
sangat bagus,5,2026-04-18 11:23:52,Positif
"JANGAN DONLOD APK DANA BENER2 GA AMAN ,, SALDO SAYA HILANG PIHAK DANA TIDAK MW GANTI SLOGAN 100% DANA KEMBALI JIKA HILANG / DI BOBOL PENIPU",1,2026-04-18 11:23:03,Negatif
saya cman minta dana cicil dong fiturnya gda nih,5,2026-04-18 11:22:56,Positif
tolong lah aplikasi dana gimana ini uang aku belum kembali sdah di laporkan ke admin dana gak ada respon,2,2026-04-18 11:22:47,Negatif
jangan download apk ini gampang d bobol,1,2026-04-18 11:22:28,Negatif
Good job 👍,5,2026-04-18 11:22:27,Positif
bagaimana cara mendaftar dana cicil ya,5,2026-04-18 11:22:07,Positif
luar biasa,5,2026-04-18 11:22:07,Positif
sangat puas,5,2026-04-18 11:20:49,Positif
"mau upgrade ke premium saja susah banget, aplikasi jelek",1,2026-04-18 11:20:13,Negatif
good,5,2026-04-18 11:18:24,Positif
udh berapa tahun pakai dana gak pernah dapat dana cicil,5,2026-04-18 11:18:22,Positif
ok,5,2026-04-18 11:17:54,Positif
"sangat membantu, terima kasih",5,2026-04-18 11:16:25,Positif
ok,5,2026-04-18 11:16:22,Positif
lumayan,5,2026-04-18 11:15:13,Positif
apk nya bagus,5,2026-04-18 11:14:31,Positif
dana sagat buruk tagihat tapa persetujuan saya lasung di bayar dan cek dana saya hilang bayar pemberitaan dan tapa persetujuan saya,1,2026-04-18 11:13:50,Negatif
bagus sekali,5,2026-04-18 11:13:05,Positif
transaksi lebih mudah,4,2026-04-18 11:13:01,Positif
bagus,4,2026-04-18 11:12:27,Positif
buat transfer aja gagal terus.,4,2026-04-18 11:11:31,Positif
sangat puas,5,2026-04-18 11:11:17,Positif
tidak ada dana cicilnya ah,5,2026-04-18 11:10:22,Positif
aplikasi ter jelek lemot sering eror males banget dah pake aplikasi inj,1,2026-04-18 11:10:10,Negatif
"mantap,tf ke bank tampa biaya",5,2026-04-18 11:09:18,Positif
sangat membantu skali,5,2026-04-18 11:08:51,Positif
"dana skrng jelek, buka aplikasi gabisamulu, harus diuninstal didonlot lg baru bisa buka. maksudnya apaan si njir",2,2026-04-18 11:08:33,Negatif
tinggalkan dana!! isi saldo baru 10 menit langsung lenyap!! gk aman!!,1,2026-04-18 11:08:15,Negatif
sangat bagus,5,2026-04-18 11:07:11,Positif
bintang 1 si saldo tiba tiba berkurang tanpa ada aktivitas transaksi,1,2026-04-18 11:06:29,Negatif
sangat bagus sangat membantu,5,2026-04-18 11:04:40,Positif
ok,5,2026-04-18 11:02:52,Positif
kenapa aplikasi dana tidak bisa membuka karna ferifikasi wajah karna hp kamera depan rusak apakah Ada cara lain,1,2026-04-18 11:01:16,Negatif
"terimakasih telah membantu dan mempermudah setiap transaksiku,,",5,2026-04-18 10:58:28,Positif
bagusss,4,2026-04-18 10:53:39,Positif
the best dana,5,2026-04-18 10:53:30,Positif
aplikasi dana ini mempermudah kita untuk transaksi,5,2026-04-18 10:53:16,Positif
dana cicil lama munculnya,4,2026-04-18 10:50:58,Positif
ko puya aku ga muncul dana cicil nya,5,2026-04-18 10:50:08,Positif
baguss,5,2026-04-18 10:48:03,Positif
mantap,5,2026-04-18 10:46:56,Positif
bagus,5,2026-04-18 10:45:50,Positif
luar biasa dana,5,2026-04-18 10:45:41,Positif
"dana aplikasi paling keren dan aman, semua transaksi selalu sukses dan cepat",5,2026-04-18 10:45:08,Positif
mantap sekali,5,2026-04-18 10:44:18,Positif
sangat bermanfaat bagi yg gk paham bank,4,2026-04-18 10:44:13,Positif
aplikasi sampah.keamanan sampah. saldo hilang gak jelas.buat yg mau donlod ini afk.mending jangan klok gak mau dirampok,1,2026-04-18 10:34:34,Negatif
limit ada belum di gunakan tapi gak bisa di pake telat cuma sekali itupun karena gaji ikutan telat,1,2026-04-18 10:33:13,Negatif
sangat puas,5,2026-04-18 10:31:13,Positif
sangat baik,5,2026-04-18 10:30:43,Positif
ok,5,2026-04-18 10:29:00,Positif
Trimakasih atas pelayanan 🙏🙏🙏🙏,5,2026-04-18 10:28:02,Positif
baik,5,2026-04-18 10:27:44,Positif
sangat bagus,5,2026-04-18 10:26:18,Positif
mau verifikasi buat isi pulsa aja susahnya bukan main,2,2026-04-18 10:22:34,Negatif
penipu,1,2026-04-18 10:22:33,Negatif
sy puas dengan dana,5,2026-04-18 10:20:03,Positif
"aplikasi tidak masuk akal, sudah di upgrade ke akun premium tetapi ketika ingin melakukan transaksi ke akun saya malah virtual account Belum di buat.",1,2026-04-18 10:20:02,Negatif
"mau kirim uang dana ke dana suruh upgrade premium, sudah upgrade masih saja tidak bisa suruh upgrade lagi",5,2026-04-18 10:19:38,Positif
"Akun dana Tiba-Tiba keluar dan Saldonya hilang, padahal udah pake Pin, Sidik Jari, Sama selfie udah di follow up via IG via Email. hasil nya nihil saldonya kembali. mohon untuk di tingkatkan lagi keamanan nya kalo gamau bertanggungjawab",1,2026-04-18 10:19:14,Negatif
"dana sekarang jelek, kecewa mau pake dana cicil aja ga bisa",1,2026-04-18 10:16:57,Negatif
keren,5,2026-04-18 10:16:57,Positif
"Uang 1jt tbtb ilang gitu aja, coba lebih ditingkatkan lagi keamanan nya. Padahal Akun dana saya udah pake pin, sidik jari, selfie key juga. tetep aja ke Hack Udah saya Lapor via DM via email, Tapi hasil nya Nihil ga bisa kembali saldo.",1,2026-04-18 10:16:16,Negatif
terimakasih muda2han lancar masuk uangnya,5,2026-04-18 10:15:24,Positif
sangat memuaskan,5,2026-04-18 10:15:17,Positif
"boleh lah,,",5,2026-04-18 10:14:47,Positif
bagus,5,2026-04-18 10:14:23,Positif
ok,4,2026-04-18 10:12:17,Positif
pelayanan yg baru terbaik.. TOP,5,2026-04-18 10:10:55,Positif
sangat membantu sekali,5,2026-04-18 10:09:23,Positif
"jujur ni apk berguna bgt buat ak tp agak kacung gt yap, udah bbrp kali fitur e wallet ilang trs jg prnh duit ku ke sedot 100.000 PLS LAH?",4,2026-04-18 10:07:20,Positif
sedikit kurangnya dana tidak mencantumkan nomor whatsapp untuk pengaduan tentang dana. hanya operator mesin yang ditanya apa jawabanya apa. pokoknya kurang puas lah dengan pelayanan castamer servis diana yg berupa mesin,1,2026-04-18 10:06:41,Negatif
Kok aku gak bisa donlotnya?? Apa hp saya jlk yh kok gak bisa ke donlot??,5,2026-04-18 10:06:11,Positif
mantap,5,2026-04-18 10:06:04,Positif
mantap,3,2026-04-18 10:05:05,Netral
sangat mempermudah dan membantu sekali.,5,2026-04-18 10:03:40,Positif
mantapp,4,2026-04-18 10:03:04,Positif
"sangat membantu,terima kasih dana atas bantuannya?..",5,2026-04-18 10:02:26,Positif
menyenangkan,2,2026-04-18 10:00:05,Negatif
mempermudah dan mempercepat transaksi non tunai,5,2026-04-18 10:00:05,Positif
keren,5,2026-04-18 09:58:44,Positif
mantap langsung trkirim,5,2026-04-18 09:56:45,Positif
"dana cicil ada limit gak bisa digunakan percuma, sudah 3 bulan,,, gimana ini",5,2026-04-18 09:54:05,Positif
cukup membantu dan gampang di gunakan dan ga ribet,5,2026-04-18 09:53:27,Positif
"apk sampah,pemakaian sudah bertahun tahun dan uang masuk keluar sudah puluhan juta,fitur dacil tidak pernah muncul,kebijakan internal yang tolol seenak nya tidak nilai seseorang,,jangan pernah pakai apk dana lagi,hapus dari hp buang jauh jauh apk sampah",1,2026-04-18 09:51:46,Negatif
uang saya barusan hilang 1jt lebih tapi tdk ada penyelesaian dari pihak dana,1,2026-04-18 09:51:17,Negatif
Mantappppp,5,2026-04-18 09:49:51,Positif
baik,5,2026-04-18 09:49:47,Positif
Baik,5,2026-04-18 09:48:14,Positif
sangat membantu untuk transaksi,5,2026-04-18 09:47:42,Positif
apakah dana bisa mengembalikan saldo saya yg hilang?,1,2026-04-18 09:47:40,Negatif
ini akun saya,5,2026-04-18 09:47:28,Positif
Bagus sekali aplikasi Dana nya,5,2026-04-18 09:46:41,Positif
sudah lama saya punya akun dana..tapi tidak ada fitur dana cicil...mohon di adakan fiturnya,5,2026-04-18 09:45:20,Positif
the best,5,2026-04-18 09:43:17,Positif
baik,5,2026-04-18 09:42:20,Positif
"masalah hanya 1,dana cicil sudah lunas tapi tidak bisa digunakan",5,2026-04-18 09:42:09,Positif
"makin lama aplikasi ini tidak menjamin, karena pas mau mengirim ternyata uangnya tidak masuk ke saya 800.000 dan waktu saya ngirim ke teman saya malah tidak masuk ketempat dia padahal transaksi berhasil. sumpah tidak ikhlas saya karna itu untuk keperluan kuliah. DAN JANGAN KALIAN BILANG SAYA BELUM MELAPOR YA, SAYA SUDAH MELAPOR TAPI HASILNYA NIHIL. BAYANGKAN AJA UANG ITU UNTUK KEPERLUAN KULIAH MALAH HANGUS GITU AJA ENGGAK LOGIS PIHAK KALIAN LAMA² ya walaupun menurut kalian itu nominalnya kecil",1,2026-04-18 09:41:35,Negatif
bagus sangat membantu,5,2026-04-18 09:38:46,Positif
bagus membantu untuk segala kebutuhan transfer belanja dll,5,2026-04-18 09:37:49,Positif
keren cepet aman,4,2026-04-18 09:37:47,Positif
"Sudah 7 tahun menggunakan aplikasi ini, tapi fitur dana cicil dan yang lainnya tidak muncul.",5,2026-04-18 09:37:26,Positif
Kenapa saya top up gak masuk ke dana,3,2026-04-18 09:36:36,Netral
aplikasi bagus,5,2026-04-18 09:36:02,Positif
bnyk masalah suka stag sendiri,2,2026-04-18 09:35:22,Negatif
keren,5,2026-04-18 09:33:45,Positif
sangat membantu,5,2026-04-18 09:24:25,Positif
top,5,2026-04-18 09:19:04,Positif
ada danaku yg hilang 320.990 entah kemana ..tolong ya admin mohon diperbaiki,2,2026-04-18 09:18:48,Negatif
ok,5,2026-04-18 09:17:10,Positif
sangat mudah saya gunakan terima kasih DANA,3,2026-04-18 09:15:53,Netral
bagus,5,2026-04-18 09:12:57,Positif
"aplikasinya bagus, dan terpecaya",5,2026-04-18 09:08:31,Positif
"aplikasinya bagus, dan terpecaya",5,2026-04-18 09:08:31,Positif
"dana kenapa si makin kesini makin banyak bug nya, kayak setiap transaksi pasti ada bug nya capek ih sampe gajadi checkout lewat tiktok muak asli, tolong benerin ya bug nya tapi dibalik semua itu dana bagus kok terima kasih.",3,2026-04-18 09:07:35,Netral
bagus banget,5,2026-04-18 09:05:12,Positif
MANTAP,5,2026-04-18 08:59:55,Positif
bagus banget kalau bisa limit transaksinya di tambahin min,5,2026-04-18 08:59:29,Positif
sangat bagus,5,2026-04-18 08:58:05,Positif
good,5,2026-04-18 08:58:00,Positif
"Sangat bermanfaat, bisa untuk apa saja",5,2026-04-18 08:56:16,Positif
"susah banget di pakai, mau TF aja susah banget, pas di suruh upgret, malah gk mau, di suruh upgret lagi, pas udah di upgret gk mau lagi, jadi uang yg ada di dana ku, gk bisa di apa apain, lelah banget memangg",2,2026-04-18 08:55:52,Negatif
sangat bagus & manfa'atnya nyata 👍👍,5,2026-04-18 08:55:12,Positif
sudah sering bertransaksi tapi belum muncul juga fitur dana cicilnya,1,2026-04-18 08:45:09,Negatif
mantap,5,2026-04-18 08:40:42,Positif
jaminan uang aman,5,2026-04-18 08:39:21,Positif
sangat membantu,5,2026-04-18 08:38:01,Positif
ok,5,2026-04-18 08:35:31,Positif
baik,3,2026-04-18 08:32:52,Netral
dana ku hilang berulang kali tanpa transaksi sama sekali gk becus,1,2026-04-18 08:28:33,Negatif
simple,5,2026-04-18 08:27:28,Positif
sangat Bagus,5,2026-04-18 08:27:04,Positif
bagus dan sangat membantu!!,5,2026-04-18 08:25:42,Positif
ok,3,2026-04-18 08:22:01,Netral
sangat membantu,3,2026-04-18 08:21:03,Netral
selalu gagal kyc,1,2026-04-18 08:20:53,Negatif
bagus,5,2026-04-18 08:19:35,Positif
mudah di gunakan,5,2026-04-18 08:17:04,Positif
sangat membantu,5,2026-04-18 08:16:49,Positif
mantap,5,2026-04-18 08:15:10,Positif
sering keluar masuk pas pembayaran aplikai gaguna hadeh,1,2026-04-18 08:14:54,Negatif
bagus,5,2026-04-18 08:09:57,Positif
mantap,5,2026-04-18 08:09:14,Positif
sippp,5,2026-04-18 08:09:00,Positif
aplikasi gajelas mau login sama log out aja di persulit padahal jaringam fine fine aja apk gaje,1,2026-04-18 08:07:51,Negatif
kalo kirim jadi lebih cepat dan peratis,5,2026-04-18 08:04:32,Positif
memuaskan,5,2026-04-18 08:04:11,Positif
"kenapa kalian biarkan akun yg terhubung diakun orang lain shingga beresiko mnimbulakn hilang ny saldo. tidak aman akun dana ini, masih banyak kelemahan ny, masih bisa dicuri orang lain dana kita. ini dana penipuan tidak menjamin 100% ke amann , bagus ny ini apk uninstall rame2.",5,2026-04-18 07:57:48,Positif
amanah 👍👍👍,5,2026-04-18 07:53:20,Positif
tolong dong jangan seperti ini saya udah verifikasi wajah dan udah masuk kenapa harus verifikasi wajah lagi sangat sangat kecewa,1,2026-04-18 07:53:20,Negatif
simple gk ribet di saat transfer,5,2026-04-18 07:52:55,Positif
sangat bagus,5,2026-04-18 07:52:47,Positif
oke,5,2026-04-18 07:51:46,Positif
mantap,5,2026-04-18 07:51:41,Positif
sangat membantu untuk menabung,5,2026-04-18 07:50:55,Positif
trimakasih sangat membantu,5,2026-04-18 07:50:10,Positif
duit sisa 11.000 hilang jadi 3.700 kemana 7.300 ?,2,2026-04-18 07:49:14,Negatif
ok,4,2026-04-18 07:48:05,Positif
mantap proses mudah dan cepat,5,2026-04-18 07:43:04,Positif
"sudah pengajuan dana cicil masa nunggu proses 5 hari lagi saya lihat 30 detik di acc percuma ada dana cicil ga bisa ke pakai krna masih proses 5, hari",5,2026-04-18 07:39:55,Positif
bagus,4,2026-04-18 07:36:25,Positif
tidak bisa mengirim ke gopay,1,2026-04-18 07:36:00,Negatif
"boss kok susah sekali login nya booss,padahal punyaku akunya masih ada saldonya,tapi kenapa susah banget loginya,aplikasinya buruk sekali",1,2026-04-18 07:32:44,Negatif
sangat bagus,5,2026-04-18 07:31:33,Positif
"aplikasi sangat mudah di gunakan,",2,2026-04-18 07:30:55,Negatif
terima kasih,5,2026-04-18 07:30:35,Positif
"awalnya bagus..makin kesini makin g jelas.. setelah upgrade malah g beres..chat costumer care g ada solusi..fitur Me/saya "" tiba tiba hilang ntah kemana, di laporkan hingga hari ini tdk ada perbaikan sama sekali... kayaknya pindah ke dompet digital yg lain jk 2 hari g ada kejelasan,tadi nya bintang 5 skrg kukasih bintang satu krn pelayanan nya g profesional..",1,2026-04-18 07:29:49,Negatif
biasa saja setandat,5,2026-04-18 07:29:48,Positif
ga bisa login,1,2026-04-18 07:27:58,Negatif
sangat membantu,5,2026-04-18 07:25:36,Positif
bagus banget pakai dana kasih bintang 4 dulu,4,2026-04-18 07:24:35,Positif
dengan adanya apk dana sangat membantu dan mempermudah transaksi kemanapun.,5,2026-04-18 07:23:19,Positif
5 tahun pake ini mantap,5,2026-04-18 07:17:11,Positif
kereen mantaap.,5,2026-04-18 07:17:00,Positif
UNTUK NOMOR YG SUDAH GA AKTIF GILIRAN GA ADA SALDO BISA MASUK TANPA KODE APAPUN ITU GILIRAN DI ISI SALDO MALAH GABISA MASUK KOCAK BANGET,1,2026-04-18 07:14:51,Negatif
jossss,5,2026-04-18 07:14:48,Positif
memudahkan segala urusan,5,2026-04-18 07:13:22,Positif
dana cicil kenapa ga bisa di gunakan,1,2026-04-18 07:13:20,Negatif
oke lah dpt di gunakan dari luar negeri tapi sayang fitur dana cicil nya gak bisa di pakai,5,2026-04-18 07:13:11,Positif
banyak potongan kurang bagus jleeek,1,2026-04-18 07:12:12,Negatif
"Aplikasi Ewallet gak guna , pelayanan sampah",1,2026-04-18 07:08:59,Negatif
Fitur dana cicil gak muncul muncul,2,2026-04-18 07:08:22,Negatif
"kenapa sekarang susah bangett buat masuk ke dana,selalu saja gangguan sinyal, Tolong donk gimanaa sie",2,2026-04-18 07:05:33,Negatif
Terimakasih,5,2026-04-18 06:59:19,Positif
mantap,5,2026-04-18 06:59:17,Positif
tidak bisa di buka,1,2026-04-18 06:59:01,Negatif
bagus banget ini,5,2026-04-18 06:54:52,Positif
saldo sering ilang apk opo iki,1,2026-04-18 06:54:05,Negatif
bagus,5,2026-04-18 06:52:00,Positif
pengalaman yang sangat buruk!!!,1,2026-04-18 06:51:08,Negatif
fitur dana cicil saya tidak bisa di gunakan. padahal limit saldonya masih ada,5,2026-04-18 06:50:40,Positif
"oke-oke aja sih, tapi sering banget ada bug + lag 🙁. dan kok di bagian e-commerce, gak ada opsi shopee yaa?? emng gak ada atau karena gak tersedia di hp aku? karena butuh banget kalau lagi belanja di shopee supaya lebih gampang...",5,2026-04-18 06:48:28,Positif
pengiriman mudah dan cepat,4,2026-04-18 06:48:03,Positif
banyak ganguan tida bisa tarik tunai,1,2026-04-18 06:45:36,Negatif
aplikasi ngelag,1,2026-04-18 06:45:01,Negatif
baik,5,2026-04-18 06:43:54,Positif
bagus,5,2026-04-18 06:42:20,Positif
baik semoga terbaik,3,2026-04-18 06:40:38,Netral
sangat sangat membantu dan keren,5,2026-04-18 06:39:38,Positif
bgus,5,2026-04-18 06:37:04,Positif
dana kenapa dana cicil saya tidak bisa digunakan sedangkan dana cicil udah nyncul,5,2026-04-18 06:34:47,Positif
"APLIKASI NYA NIPU, KATANYA BAGI PENGGUNA BARU DATANG SALDO 500RIBU, TERNYATA BOONGAN DOANG,JADI KALAU ADA INFORMASI TENTANG BAGI-BAGI SALDO GRATIS DI DANA JANGAN PERCAYA ITU CUMA DI IMING IMINGIN DOANG, ITU PALSU/PENIPUAN",1,2026-04-18 06:33:22,Negatif
"bagus, cmn misi check in di dana deals yang hari ke 2 gabisa diklaim padahal udh nyelesain misi, jadinya terpaksa ngulang dari awal, nipu banget chek in nya, yg katanya hari ke 7 bisa dapet 5k 😓👎 boong bgt",3,2026-04-18 06:32:23,Netral
"saldo hilang dimakan google, pihat dana ngk bertanggu jawab,",1,2026-04-18 06:32:16,Negatif
mantap,5,2026-04-18 06:32:00,Positif
sangat bagus,5,2026-04-18 06:31:42,Positif
baik,5,2026-04-18 06:29:33,Positif
sangat membantu,5,2026-04-18 06:20:26,Positif
good,5,2026-04-18 06:18:13,Positif
lumayan membantu,4,2026-04-18 06:13:39,Positif
aplikasi gila saya tidak pernah berlangganan di wps langsung di potong dari pihak dana.. dana bisa main potong tanpa persetujuan nasabah.. dan tidak menggunakan pin..,1,2026-04-18 06:12:59,Negatif
mantap pake dana,5,2026-04-18 06:09:08,Positif
sangat menyenangkan sekali,4,2026-04-18 06:09:06,Positif
sangat membantu,5,2026-04-18 06:08:24,Positif
senang transver atau tarik kontan,3,2026-04-18 06:06:49,Netral
keren,5,2026-04-18 06:03:12,Positif
ok,5,2026-04-18 06:02:56,Positif
sangat bagus dana,5,2026-04-18 05:58:58,Positif
sangat bermanfaat,5,2026-04-18 05:56:32,Positif
tiap kali mau bayar buat top up ep ep eror terus iw,1,2026-04-18 05:54:49,Negatif
gak ada fitur dana cicil,5,2026-04-18 05:50:58,Positif
bafus tranfer tepat capat,5,2026-04-18 05:50:43,Positif
ga. bisa di install aplikasinya,1,2026-04-18 05:50:12,Negatif
top,5,2026-04-18 05:42:56,Positif
mantaf,5,2026-04-18 05:42:45,Positif
kakkk ini gimana yaa cara ubah nama bisnis nya???,3,2026-04-18 05:41:21,Netral
mudah dan aman.. terimakasih Dana,5,2026-04-18 05:40:16,Positif
terimaksi,5,2026-04-18 05:37:47,Positif
bagus,5,2026-04-18 05:37:03,Positif
"tgl 18 April 26 Saya TF ke dana,saldo berkurang tapi uang tidak masuk tolong min bagai mana ini",1,2026-04-18 05:36:40,Negatif
lancar,5,2026-04-18 05:34:54,Positif
saya sangat terbantu dengan ada nyah DANA,5,2026-04-18 05:33:46,Positif
Aku selalu dapat uang dari dana Makasiiiii dana lopyuu,5,2026-04-18 05:31:38,Positif
ribet banget mau bikin premium juga ga bisa.,1,2026-04-18 05:31:07,Negatif
"lebih di tingkat kan lg, layanan y",5,2026-04-18 05:30:14,Positif
mantap,5,2026-04-18 05:28:05,Positif
mngapa dana cicil ya tidak pernah muncul saldo ?,5,2026-04-18 05:27:11,Positif
sangat membantu,4,2026-04-18 05:25:43,Positif
bagus,5,2026-04-18 05:24:44,Positif
"Aplikasi penyedot uang setiap top up dikenai 1500, mau keliling dunia luh. ?",1,2026-04-18 05:23:26,Negatif
"padahal baru daftar,tapi disuruh masukin pin yang sudah terdaftar,gimana caranya gua tau kocak??? orang baru daftar akun tiba² udah punya pin padahal beelum pernah pasang pin!!",1,2026-04-18 05:20:44,Negatif
"saya sangat senang ada nya aplikasi ini,sangat membantu dan mudah di pahami",5,2026-04-18 05:20:34,Positif
bagus,5,2026-04-18 05:18:02,Positif
"tolong developer, izinkan pemindahan akun premium dan proses secepatnya terima kasih 🙏, Alhamdulillah sudah berhasil pemindahan terimakasih, bintang 5♥️",5,2026-04-18 05:15:31,Positif
mantap sngaat membantu,5,2026-04-18 05:13:59,Positif
mantap,5,2026-04-18 05:13:27,Positif
bagus,5,2026-04-18 05:09:38,Positif
bagus banget berguna buat mentransfer uang,5,2026-04-18 05:03:44,Positif
belajar,4,2026-04-18 05:03:24,Positif
sagat membantu pembayaran dan menabung sayang dana cicil gak keluar belum bisa ngerasain dana cicil nya,5,2026-04-18 05:02:43,Positif
good,5,2026-04-18 05:00:07,Positif
aplikasi nya sangat bagus menurut saya dan sangat membantu tu di saat kita ingin top up game dan sangat terper Caya terima kasi dana,5,2026-04-18 04:59:37,Positif
udah premium tapi kok gabisa TF,5,2026-04-18 04:58:37,Positif
"perbarui data tiap buka aplikasi!!! jangan tolol lah,,, ini akal² mau korupsi kan!!! indo banyak maling makin ke sini!!!",1,2026-04-18 04:58:04,Negatif
Good,5,2026-04-18 04:57:15,Positif
menurut ku dana semakin gk jelas. masa iya gw udah melunasi dana cicil syh. setelah itu gk bisa di pake lagi. dan limit nya 2 segitu gitu aja.,1,2026-04-18 04:55:22,Negatif
knp harus prem si klo mau narik 🙂,5,2026-04-18 04:55:10,Positif
sangat bagus cm kl buka dana agak lembek,5,2026-04-18 04:52:54,Positif
siiiip,4,2026-04-18 04:49:53,Positif
qr tidak berfungsi dan sangat mengganggu aktivitas,3,2026-04-18 04:49:18,Netral
sangat cocok untuk simpan,5,2026-04-18 04:48:59,Positif
sangat mudah digunakan,5,2026-04-18 04:47:47,Positif
mantap,5,2026-04-18 04:45:50,Positif
knapa saat ini aplikasi dan aku bermasalah,1,2026-04-18 04:44:51,Negatif
good,5,2026-04-18 04:43:30,Positif
sangat lah bagus di momen ini,5,2026-04-18 04:42:29,Positif
fitur dana cicil sudah muncul sayangnya masih dalam peroses,5,2026-04-18 04:37:55,Positif
untuk aplikasi dananya banyak bug sekali mau beli paket data tidak bisa,5,2026-04-18 04:37:20,Positif
"pembelian di tolak terus, padahal saldo saya lebih dari cukup",2,2026-04-18 04:36:35,Negatif
tidak bisa ganti nama qris di Dana bisnis,3,2026-04-18 04:29:58,Netral
aplikasi bagus sangat membantu tapi belakangan ini tidak bisa melihat transaksi,5,2026-04-18 04:29:15,Positif
aplikasi jelek burik gak bisa di scan idiot geahs toteb,1,2026-04-18 04:29:11,Negatif
aplikasi dana saya gak ada dana cicilan,1,2026-04-18 04:23:09,Negatif
sangat cocok untuk di gunakan,5,2026-04-18 04:22:21,Positif
mantap,1,2026-04-18 04:22:21,Negatif
knp dana saya tiba¹ bayar sendiri ke apl lain,1,2026-04-18 04:21:24,Negatif
Semuanya Ok,5,2026-04-18 04:20:28,Positif
sangat bagus dan membantu...,5,2026-04-18 04:15:54,Positif
"baru aktivasi dana cicil,malah belum d proses dari kemarin,",5,2026-04-18 04:15:44,Positif
saldo saya hilang 800.000 di tambah topup 800.100 + 810.000 gimana pertanggung jawaban dari pihak Dana.?,5,2026-04-18 04:14:26,Positif
sangat membant,2,2026-04-18 04:13:12,Negatif
sangat membantu,5,2026-04-18 04:11:28,Positif
knp saya tidak bisa transfer,1,2026-04-18 04:10:44,Negatif
Sangat bagus sekali,5,2026-04-18 04:10:02,Positif
sangat bermanfaat sekali...,5,2026-04-18 04:09:29,Positif
enak wak,5,2026-04-18 04:09:27,Positif
uang Rp 6.000 saya di ambil padahal uda ada bacaan di transfer tihati,2,2026-04-18 04:08:55,Negatif
sangat membantu mengirim uang atau beli paket data pakai dana 👍👍👍,5,2026-04-18 04:08:33,Positif
sangat baik🥰,5,2026-04-18 04:07:01,Positif
"Saya ikut event dana ngabuburich, saya sudah mengklaim 3 voucher saldo dana di event ngabuburich senilai 50k, 50k, dan 25k. Tetapi saldo dana tidak saya dapatkan dengan alasan saya tidak ada di daftar pemenang, padahal saya punya bukti voucher tersebut dan tetap dibilang tidak masuk dalam daftar pemenang. Sangat mengecewakan",1,2026-04-18 04:05:37,Negatif
mantap,5,2026-04-18 04:05:08,Positif
Dana cicil ku sekarang gak bisa dipakai padahal aku gak pernah jatuh tempo . aku pernah jatuh tempo atau ada tunggakan kalau kata kalian ada tunggakan berarti sistim kalian error,3,2026-04-18 04:02:57,Netral
"tolong untuk chat bot nya di hilangkan caht bot ngga guna ber belit """,1,2026-04-18 04:00:30,Negatif
sangat mudah,5,2026-04-18 03:59:55,Positif
boleh lah. kalo bisa di perbanyak promonya,5,2026-04-18 03:58:52,Positif
mantap,5,2026-04-18 03:55:53,Positif
mantap,5,2026-04-18 03:55:41,Positif
mantap,5,2026-04-18 03:54:26,Positif
sangat membantu,5,2026-04-18 03:53:37,Positif
sanagat membantu,5,2026-04-18 03:48:40,Positif
sayang nya saya tidak bisa aktifkan dana cicil,5,2026-04-18 03:46:41,Positif
mantab,5,2026-04-18 03:46:06,Positif
semoga ga ada masalah bila saya simpan uang di dana,5,2026-04-18 03:45:37,Positif
pakai dana lebih asik,5,2026-04-18 03:45:14,Positif
mantap,4,2026-04-18 03:43:39,Positif
pokok nya ok,5,2026-04-18 03:41:54,Positif
sayang dana tidak ada mainan buaya tambah saldo,3,2026-04-18 03:40:44,Netral
bagus,5,2026-04-18 03:38:31,Positif
"parah !!saldo tiba"" hilang 300rb notifikasi tidak ada,cht dola kg ada solusi dm ke tiktoknya ga di respon ...",1,2026-04-18 03:35:45,Negatif
mantap,5,2026-04-18 03:35:40,Positif
"aplikasi nya nga bisa di buka, baru di pencet keluar terus, udah di bersihin juga semua ruang penyimpanan masih tetap aja nga bisa",3,2026-04-18 03:35:28,Netral
memuaskan,5,2026-04-18 03:32:10,Positif
"apk buruk, akun kena hack tanpa otp dan verifikasi tapi pihak dana lempar tangan gak mau tanggung jawab atas transaksi hacker. padahal hp ketat dengan pengamanan. apk buruk jangan install. uang hilang gak akan diganti pihak dana yang ada penguna dirugikan jika ada hacker transaksi padahal sistem yg buruk bisa jebol hacker..",1,2026-04-18 03:31:56,Negatif
"kenapa dana cicil saya tidak bisa di pakai. di suruh perbanyak transaksi, sedangkan Saya bertransaksi sudah banyak sekali, saya pakai aplikasi dana sudah 5 tahun lebih, ,. mohon di setujui ka",5,2026-04-18 03:30:06,Positif
"payah banget DANA. aku udah bayar tagihan Dana Cicil tidak telat, sebelum jatuh tempo. tapi sampai sekarang limitnya tidak bisa digunakan!!. PAYAHH... chat cs hanya bolak balik doang, gak menyelesaikan masalah. terlalu bertele-tele... mending gak usah ada Dana Cicil kalo limitnya gak bisa digunakan buat transaksi...",1,2026-04-18 03:29:05,Negatif
"transfer lebih mudah dan murah biaya admin, sangaaaaaatttttt puaaaaaasssssss",5,2026-04-18 03:28:31,Positif
"Sangat bagus dan sudah lama menggunakan aplikasi ini untuk segala transaksi,namun sangat di sayangkan untuk fitur dana cicil tidak di acc untuk pengajuanya. unintsal aja ganti SEABANK lebih efisien",1,2026-04-18 03:26:57,Negatif
cepat dan tepat,5,2026-04-18 03:24:52,Positif
anday muncul dana cicil makin ok,5,2026-04-18 03:24:26,Positif
lumayan bagus shh trkdng dana berkurang sendiri otomatis tnpa transaksi berlangsung,3,2026-04-18 03:23:44,Netral
"sebenarnya enak tpi kenapa akhir2 ini ngebug gak bisa masuk, aplikasi nya keluar-keluar sendiri.",3,2026-04-18 03:22:19,Netral
lancar jaya,4,2026-04-18 03:21:23,Positif
"kak dana cicil saya ngk bisa terus,padalan terasangsi sebulan hinga 5/6jt",1,2026-04-18 03:19:01,Negatif
saya baru pake ini aplikasi dan alhamdulillah untuk sementara ini masih aman dan gak lemot,5,2026-04-18 03:18:49,Positif
sangat mudah untuk transaksi apapun,5,2026-04-18 03:15:45,Positif
"Limit dana cicil sm krna telat byar 2 hari dan saya sudah lunasi, tp langsung di black list tidak bisa digunakan Lg. Aplikasi Sangat mengecewakan.",1,2026-04-18 03:03:16,Negatif
Kren,5,2026-04-18 03:02:56,Positif
"mantull.. gercep 👍, nuhuun 🙏🙏👍",5,2026-04-18 03:01:06,Positif
bagus sekali cepat lagi pas transfer nya,5,2026-04-18 03:00:30,Positif
good,5,2026-04-18 02:50:40,Positif
sangat...,1,2026-04-18 02:50:33,Negatif
saya tidak melakukan transaksi apapun tp uang saya berkurang 200k ..dana tidak aman gampang diretas dan tidak ada jaminan uang kembali ..,1,2026-04-18 02:48:39,Negatif
oke,5,2026-04-18 02:44:28,Positif
bagus,5,2026-04-18 02:43:49,Positif
oke,5,2026-04-18 02:41:52,Positif
Aplikasi Bodo Saldo Yg Di kirim Ndk sampai,1,2026-04-18 02:39:53,Negatif
ok,4,2026-04-18 02:39:15,Positif
mantap,5,2026-04-18 02:36:28,Positif
Bagus,5,2026-04-18 02:35:56,Positif
Bagus,4,2026-04-18 02:35:25,Positif
"dana tolol mau ganti nomor di buat ribet,padahal udh jelas verifikasi akun muka nya udh bener KTP nya udh pas",1,2026-04-18 02:30:52,Negatif
amazing..,5,2026-04-18 02:30:10,Positif
aplikasi kikirrr ga guna uang gua ilang 20000rb entah le mana padahal ga di pake beli atau apapun,5,2026-04-18 02:26:55,Positif
ok,5,2026-04-18 02:25:36,Positif
sangat mudah,5,2026-04-18 02:17:51,Positif
"top up e toll malah hilang saldonya sampai sekarang blm masuk juga ,,haduhh payahh,,suruh abdet NFC JANGAN DI TANYA BEGITU MAH ,,UDAH 100 KALI ABDET KALI TETEP BLM MASUK",1,2026-04-18 02:17:29,Negatif
luwar biasa,5,2026-04-18 02:08:14,Positif
baik,4,2026-04-18 02:07:49,Positif
aplikasi buruk dana cicil sudah aktife tidak bisa di gunakan..saat chek out menu dana cicil tidak tersedia..DANA aplikasi busuk!!!,1,2026-04-18 02:07:08,Negatif
males sekarang kaya kartu bank aja pake KTP identitas segala,1,2026-04-18 01:59:23,Negatif
mantapp,5,2026-04-18 01:54:55,Positif
sangat membantu,5,2026-04-18 01:54:06,Positif
baguss,5,2026-04-18 01:53:00,Positif
DANA CICIL GK BISA DI GUNAKAN LAGI APK TAII 👎👎👎👎,1,2026-04-18 01:50:38,Negatif
sangat membantu,5,2026-04-18 01:49:13,Positif
tempek,5,2026-04-18 01:48:07,Positif
"mudah, gak ribet.",5,2026-04-18 01:47:34,Positif
sangat bagus dan memuaskan,5,2026-04-18 01:47:20,Positif
tolong Adain fitur nabung yang hanya boleh di ambil pas targetnya cukup sekali lagi targetnya cukup.,4,2026-04-18 01:47:00,Positif
memuaskan,5,2026-04-18 01:44:00,Positif
"sumpah jangan pernah make aplikasi ini,saya gak pernah pinjol,judol,duit saya kesedot setiap hari bulan ini 2 jt lebih mending pake aplikasi BRimo atau yang lain nya",1,2026-04-18 01:41:59,Negatif
bagus,5,2026-04-18 01:41:10,Positif
ok,2,2026-04-18 01:40:22,Negatif
sangat bagus dan membantu dan cpat,5,2026-04-18 01:40:13,Positif
baik,5,2026-04-18 01:39:38,Positif
luar biasa,5,2026-04-18 01:39:11,Positif
"keamanan kurang,akun saya di hack",1,2026-04-18 01:35:04,Negatif
karna tidak bisa menjaga privasi akun saya di hack,1,2026-04-18 01:34:46,Negatif
sangat baik,5,2026-04-18 01:33:22,Positif
bagus banget,5,2026-04-18 01:31:23,Positif
mantap,5,2026-04-18 01:29:30,Positif
"plis deh ya dana, sering terjadi transaksi otomatis tanpa sepengetahuan dan izin pengguna. tolong dong buat fitur persetujuan transaksi tiba tiba, percuma disediakan pin tapi transaksi terjadi tiba tiba tanpa izin dan persetujuan pengguna aplikasi !",1,2026-04-18 01:24:03,Negatif
ok simple,5,2026-04-18 01:15:57,Positif
sungguh puas,5,2026-04-18 01:15:11,Positif
luar biasa,5,2026-04-18 01:14:14,Positif
bagus cuma knpa ya ngak bisa buka aktvitas sma membagikan bukti transfer ngeganggu bangtt jdi lemott tolong dong d perbaikin,4,2026-04-18 01:10:31,Positif
kalo aku sihhh yess,5,2026-04-18 01:06:07,Positif
bagus,5,2026-04-18 01:04:12,Positif
sangat baik,5,2026-04-18 01:03:59,Positif
pakai dana bikin cepat kalau transaksi,5,2026-04-18 01:03:14,Positif
ok bangt,5,2026-04-18 00:55:52,Positif
sangat membantu sekali. mempermudah transaksi..,5,2026-04-18 00:52:33,Positif
bagus,1,2026-04-18 00:48:30,Negatif
Dana yg terbaik... transfer tanpa kena biaya...👍 transaksi sangt d mudahkan..tqu,5,2026-04-18 00:48:11,Positif
mudah dan prastis,5,2026-04-18 00:47:33,Positif
Semoga lebih di mudah kan lagi dan ada bonus nya sukses selalu cuma satu kendala nya mau keluar dari dana plus tidak bisa,5,2026-04-18 00:44:58,Positif
sangat membantu sekali,4,2026-04-18 00:39:45,Positif
sangat membantu dalam proses pembayaran,5,2026-04-18 00:32:47,Positif
"ga berguna, katanya dompet digital tapi apa ini, masa nyimpen saldo di dana goals ga bisa di tarik, di suruh verifikasi muka tapi malah ga ke deteksi, gimana si lain kali kalok buat aplikasi itu yang proper, kalok kayak gini gimana? siapa yang mau ganti uang nya? gak jelas",1,2026-04-18 00:32:33,Negatif
bagus.jdi lebih mudah berkirim uang.,5,2026-04-18 00:32:21,Positif
mantap,5,2026-04-18 00:31:12,Positif
"Untuk Semuanya Jangan Pernah Kalian Download Ini Aplikasi (Dana) Aplikasi Pencuri hati hati, Uang Gua Cuma 63k, Di Curinya, Apalagi Uang Bnyak, Alasannya Pembayaran Itu,Ini lah,. Ane Nya, Tanpa Seizin pula, Pencuri",1,2026-04-18 00:27:12,Negatif
sangat bagus,5,2026-04-18 00:22:42,Positif
"aplikasinya sangat membantu sekali, fitur-fiturnya juga mudah di gunakan dan di pahami, mantap lah pokoknya 👍👍👍",5,2026-04-18 00:19:47,Positif
"sangat cocok, cocok buat oe hantam a🗿",1,2026-04-18 00:19:31,Negatif
verifikasi nya lama,3,2026-04-18 00:18:54,Netral
"Dana kurang jelas, setiap mau konfirmasi transfer tdk bisa.",2,2026-04-18 00:17:07,Negatif
untuk saat ini apl ini berguna & bermanfaat untuk transaksi lebih cepat & gampang,5,2026-04-18 00:16:43,Positif
bagus mudahan slamanya slalu bagus,5,2026-04-18 00:12:34,Positif
Tidak dapat apgeret premium dana,5,2026-04-18 00:11:51,Positif
"jelek banget keamanannya saldo saya tiba tiba suka kurang padahal saya gak melakukan aktivitas transaksi apapun tapi saldo saya berkurang, BENER BENER JELEK BANGETTT",1,2026-04-18 00:03:22,Negatif
Mohon tingkatkan untuk data kami bos,5,2026-04-18 00:01:14,Positif
bagaimana cara buka akun yg salah masuk kirim uang kita,2,2026-04-17 23:59:58,Negatif
👌👌,5,2026-04-17 23:58:30,Positif
sangat bagus,5,2026-04-17 23:56:44,Positif
"pelayannya mesti lebih bagus lagi aplikasinya ga bisa di pake utk beli pulsa, token listrik dll",5,2026-04-17 23:54:04,Positif
Saldo sya hilang dihack orang tapi pihak dana tdk mau ngembaliin saldo yang hilang. Kata nya aman pakai aplikasi ini tapi kok bisa saldo hilang tapi tdk mau bertanggung jawab.,1,2026-04-17 23:50:15,Negatif
"terimakasih kepada pihak bank dana digital untuk memudahkan pembayaran dan tagihan di setiap transaksi dengan cepat, terimakasih telah mengijinkan aku menggunakan dana tersebuta, terimakasih bapak di rektur PT Bank dana digital indonesia",5,2026-04-17 23:42:34,Positif
sangat membantu sekali,5,2026-04-17 23:37:01,Positif
bahus aman,4,2026-04-17 23:31:46,Positif
I like😘,5,2026-04-17 23:27:01,Positif
"Mudah digunakan, praktis tis tis tis",5,2026-04-17 23:26:36,Positif
apk nya gjls masa nomor yg blm terdaftar gbs msuk msukin pin salah samaa wajah nya juga salah duit saya 300k didalem blm.bs di ambil buat keperluan sekolah saya hdeehh,1,2026-04-17 23:25:59,Negatif
pas untuk transaksi gak ribet,5,2026-04-17 23:22:10,Positif
lebih gampang pembayaranya,5,2026-04-17 23:21:53,Positif
bagus aplikasi tapi ake kekurangan sih mohon maaf nya,5,2026-04-17 23:21:18,Positif
"sangat jelek banyak kebobolan, sistem pengembalian dana rumit",1,2026-04-17 23:18:32,Negatif
top,5,2026-04-17 23:17:44,Positif
pokoke mantep,5,2026-04-17 23:16:43,Positif
mantuk,4,2026-04-17 23:15:57,Positif
mencari data aplikasi yg hilang,5,2026-04-17 23:10:10,Positif
"sangat bagus, dan luar biasa😊",5,2026-04-17 23:09:46,Positif
yang lain bisa pke dana cicil.. punya saya kok gx ad.,5,2026-04-17 23:08:06,Positif
serem stelah Sama,3,2026-04-17 23:06:41,Netral
thank you,5,2026-04-17 23:03:25,Positif
semoga dana paylater limit segera muncul,5,2026-04-17 23:01:22,Positif
"dana, kok setiap gw main tangkap sampah buat dapat 6jt perbulan crash Mulu sih heran gw curiga kalian yg sengaja ngecrash sendiri, karena peringatan di hp gw mendeteksi ini apk crash karena alasan nya sendiri, kocak bgt betulin kalo ga mau dapat rating jelek",1,2026-04-17 22:53:58,Negatif
mantap,5,2026-04-17 22:52:18,Positif
"Kenapa aktivasi dana cicil saya lama banget,sampai berhari hari ?",5,2026-04-17 22:50:52,Positif
"aplikasi tolol,, tidak aman uang lama2 di sini, gampang di hack saya oernah duit urgent malah hilang, tidak ada penyelesaian, customer service nya bwetele tele...",1,2026-04-17 22:49:40,Negatif
mantap,5,2026-04-17 22:46:41,Positif
sangat membantu dlm segala transaksi,5,2026-04-17 22:46:23,Positif
ramah dan terpercaya,5,2026-04-17 22:40:48,Positif
Aplikasi menolak bekerja,5,2026-04-17 22:31:17,Positif
DANA NGEBANTU BANGET JADI JEMBATAN TRANSAKSI UANG DIGITAL .,5,2026-04-17 22:28:13,Positif
dana dapat memberikqn kelancaran bagi saya salam pengelolaan uang,5,2026-04-17 22:27:40,Positif
ada wifi tapi aplikasi dana muter terus gak jelas,1,2026-04-17 22:26:41,Negatif
sangat bermanfaat sekali,5,2026-04-17 22:26:00,Positif
goodddddd,5,2026-04-17 22:24:47,Positif
sangat baik buat dompet digital,5,2026-04-17 22:17:55,Positif
mantap,5,2026-04-17 22:12:32,Positif
dana saya kepotong dari apk capcut tampa sepengetahuan saya,1,2026-04-17 22:08:13,Negatif
Alhamdulillah,5,2026-04-17 22:05:13,Positif
aktifkan fitur dana instan,5,2026-04-17 22:02:28,Positif
"saya mencoba masuk akun dana lagi, tapi otp tidak menerima otp. karena email sudah tidak terpasang di handphone. bagaimana cara merubah email di akun dana? atau bagaimana cara merubah akan otp bisa masuk lewat pesan / via WhatsApp",2,2026-04-17 21:58:44,Negatif
mantap bangat,5,2026-04-17 21:58:15,Positif
bagus banget,5,2026-04-17 21:52:34,Positif
program Beta tolong di aktifkan,3,2026-04-17 21:45:40,Netral
aplikasinya bagus tapi dana cicilya GX muncul,5,2026-04-17 21:42:47,Positif
luarbiasa,5,2026-04-17 21:39:41,Positif
baik & sangat membantu dalam segala hal pembayaran,5,2026-04-17 21:31:47,Positif
bagus,5,2026-04-17 21:26:10,Positif
sangat bagus dan membantu sekali pelayanan nya memuaskan,3,2026-04-17 21:23:56,Netral
"""Halo CS DANA, saya ingin mengajukan komplain tentang fitur Dana Cicil yang tidak aktif di akun saya. Saya sudah memenuhi persyaratan dan tidak memiliki tunggakan. Saya sudah menjelaskan situasi saya sebelumnya, tapi masih belum mendapatkan jawaban yang memuaskan. Saya ingin tahu apa alasan sebenarnya fitur Dana Cicil tidak aktif di akun saya. Saya sudah melakukan transaksi secara tepat waktu dan tidak memiliki masalah pembayaran. Bisa tolong di bantu",1,2026-04-17 21:21:48,Negatif
dana eror transaksi 1 bulan 16jt tapi ga keluar² dana cicil,1,2026-04-17 21:19:47,Negatif
Bagus Aman,5,2026-04-17 21:16:37,Positif
mantap,5,2026-04-17 21:11:20,Positif
mana fitur dana cicil sya,5,2026-04-17 21:09:24,Positif
efesien mantap,5,2026-04-17 21:07:33,Positif
"saya mentransfer dana ke rekening bank lain di statusnya berhasil saldo pun sudah terpotong tetapi dari penerima belum menerima dana nya, setelah saya bertanya ke cs dana tidak ada solusi yang valid terhitung aplikasi dana tidak bertanggung jawab dan saldo yang sudah terpotong pun tidak ada pengembalian dana. sepertinya saya akan lebih baik ber alih ke ewallet yang lain.",1,2026-04-17 21:00:01,Negatif
bsgus,5,2026-04-17 20:55:31,Positif
tolong beri dana instan,5,2026-04-17 20:54:24,Positif
bagus,5,2026-04-17 20:54:00,Positif
bagus sekali,5,2026-04-17 20:53:02,Positif
mantapppp,5,2026-04-17 20:50:37,Positif
"alhamdulillah transaksi lancar"" aja,, kecuali pengalaman kirim saldo ke ovo atau bank bca klo nominal dibawah 20rb,diakun saya udah ada pemotongan tapi ke akun ovonya ngk masuk saldo padahal udah ada riwayat transaksinya juga, ngk sering sih cuma udah 2kali begitu,jadi antisipasi mending cash aja klo di bawah 20rb klo kirim ke ovo atau bank bca😅😅.. selain transaksi diatas mah lancar jaya kaka",4,2026-04-17 20:50:27,Positif
bagus di gunakan sehari hari,5,2026-04-17 20:49:29,Positif
aneh aktivasi dana cicil ditolak terus,5,2026-04-17 20:36:37,Positif
aplikasi bagus dompet digital terkeren yang pernah ada,5,2026-04-17 20:26:02,Positif
sangat mudah,5,2026-04-17 20:10:46,Positif
fitur Dana Cicil sy blom muncul padahal sudh premium solusi dong Mimi,5,2026-04-17 20:09:45,Positif
is the best akun Dana,5,2026-04-17 20:09:12,Positif
bagus,5,2026-04-17 20:06:30,Positif
bagus,5,2026-04-17 20:06:05,Positif
"makin jelek ,udah lama lunas masih aja dibekukan dana cicil",3,2026-04-17 20:01:27,Netral
bagus banyak promo.semoga saya cepat dapat fitur dana instan,5,2026-04-17 19:59:37,Positif
turunkan lg bintang nya..karna menggunakan aplikasi dana tidak ada yg istimewa..saya lengguna lama.tapi tdk ada fitur dana instan....jd lebih baik pakai aplikasi sebelah banyak pilihan,3,2026-04-17 19:56:28,Netral
sangat bagus,5,2026-04-17 19:53:35,Positif
ini apk dana nya bagus banget,5,2026-04-17 19:42:38,Positif
terimakasih,5,2026-04-17 19:41:05,Positif
menyimpan uang di dana sangat mudah dan aman. pokonya aplikasi dana keren abis. tapi knpa yang lain ada dana cicil sedangkan saya tidak. tolong dong aktifin dana cicil di akun dana saya,5,2026-04-17 19:40:26,Positif
ok,5,2026-04-17 19:33:25,Positif
sangat bagus aplikasi dana ini,5,2026-04-17 19:32:48,Positif
ok,5,2026-04-17 19:29:07,Positif
sangat bagus saya kasih 5 bintang 👍,5,2026-04-17 19:28:43,Positif
bagus,5,2026-04-17 19:25:42,Positif
mantap,5,2026-04-17 19:24:34,Positif
emng mntap Dana,5,2026-04-17 19:24:33,Positif
good,5,2026-04-17 19:24:25,Positif
"aplikasi nyaa sangat baguss untuk transaksi"" seperti QR",5,2026-04-17 19:23:10,Positif
terbaik sangt membantu,5,2026-04-17 19:22:09,Positif
saya suka saya suka saya suka,5,2026-04-17 19:21:42,Positif
sangat membantu dan rekomen buat yg Laen ingin memakai dana..,5,2026-04-17 19:19:42,Positif
Dana cicil saya belum keluar fiturnya,5,2026-04-17 19:14:08,Positif
keren,5,2026-04-17 19:13:58,Positif
mantap,5,2026-04-17 19:04:35,Positif
bagusss,5,2026-04-17 19:03:15,Positif
baik,5,2026-04-17 19:01:45,Positif
yaa kenapaa aku ga bisa mengajukan dada cicil,5,2026-04-17 18:58:37,Positif
bagus sekali,5,2026-04-17 18:57:48,Positif
bagus da terbaik,5,2026-04-17 18:52:50,Positif
good very god,5,2026-04-17 18:51:32,Positif
Alhamdulilah aq sekarang punya Dana sngat membantu.😘,5,2026-04-17 18:48:31,Positif
mantap,5,2026-04-17 18:47:29,Positif
kurang puas karna pengajuan cicilan/paylater sgt di persulit,5,2026-04-17 18:47:26,Positif
bagus,5,2026-04-17 18:46:54,Positif
sangat membantu,5,2026-04-17 18:45:46,Positif
aplikasi bagus banget pengganti bank,5,2026-04-17 18:44:22,Positif
"semakin updet ini malah tidak aman.. selalu dapat notifikasi percobaan masuk ke akun dana,tiap hari di spam kayak gini.apa pengembang aplikasi bersekongkol dengan penipu",1,2026-04-17 18:42:08,Negatif
bagus tp sy kasih 1 dulu ya nanti kalau komentar yg lain sudah tidak ada komplain baru sy tambah,1,2026-04-17 18:41:46,Negatif
sangat lancar untuk transaksi,5,2026-04-17 18:41:30,Positif
mantap,5,2026-04-17 18:39:46,Positif
aplikasi dana saya kok tidak ada dana cicil ya,5,2026-04-17 18:39:39,Positif
keren aplikasi dana ini,5,2026-04-17 18:37:58,Positif
puas banget pake dana,5,2026-04-17 18:36:09,Positif
sangat puas,5,2026-04-17 18:31:29,Positif
Ayolah perbaikan nya tolong di akses cepat,5,2026-04-17 18:29:34,Positif
sangat puas,5,2026-04-17 18:29:07,Positif
dana cicil sayh ga muncul,5,2026-04-17 18:25:08,Positif
oke,5,2026-04-17 18:24:44,Positif
bgus,4,2026-04-17 18:22:07,Positif
Baik,5,2026-04-17 18:21:09,Positif
aplikasi yg tidak aman dan sllu hilang saldo dgn sendirinya,1,2026-04-17 18:20:33,Negatif
sanggat bagus dan membantu,5,2026-04-17 18:18:19,Positif
sangat baik,5,2026-04-17 18:17:58,Positif
dana premium terpecaya di lindungi selalu,5,2026-04-17 18:17:37,Positif
punya saya ga ada dana cicil trasaksi perbulan di atas 10 juta padahal pilih kasih amat aplikasi aku hapus aja,1,2026-04-17 18:14:14,Negatif
untuk hapus dana secara permanen tolong jangan ribet2 kalau user tidak ada tanggungan apapun,3,2026-04-17 18:12:54,Netral
bagus,5,2026-04-17 18:10:18,Positif
dana saya GK ada dana cicilannya,1,2026-04-17 18:07:06,Negatif
"saya kena tipu saya bikin laporan diulang ulang mulu, customer servis juga gaada yang muncul layani... sampe sekarang masih ga bisa berkali kali saya lapor tanggapan nya aneh... chatt AI tuh ga gunaaaaaa",1,2026-04-17 18:05:32,Negatif
bagus,5,2026-04-17 18:04:22,Positif
keren,5,2026-04-17 18:03:11,Positif
bagus,5,2026-04-17 18:00:13,Positif
tolong akun dana kami jangan ada kode otp,5,2026-04-17 17:59:26,Positif
baik,5,2026-04-17 17:57:46,Positif
dana cicil susah diproses,5,2026-04-17 17:57:14,Positif
hanya saja beberapa fitur tidak bisa di gunakan contohnya fitur dana cicil,2,2026-04-17 17:54:49,Negatif
"aplikasi bngsat kalau ada pmbyrn apa2 gak ada konfirmasi dulu maen potong2 aja, tau anak2 tau siapa yg pncet, harusnya konfirmasi dulu bego",1,2026-04-17 17:53:18,Negatif
alhamdulillah,5,2026-04-17 17:52:51,Positif
luar biasa,5,2026-04-17 17:52:43,Positif
"selama ini transaksi ok, ada dana cicil dan dana instan tp yg aneh dana instan sudah dilunasi tp tidak bisa dipinjam lagi kan kecewa pelanggan dan ternyata bukan hanya saya, banyak teman juga kasus serupa. payahhh",1,2026-04-17 17:52:29,Negatif
mantap,5,2026-04-17 17:52:14,Positif
good,5,2026-04-17 17:52:06,Positif
"fitur dana instan gak pernah muncul, padahal udh premium terus transaksi juga udah pernah sampe limit tetep gak keluar",2,2026-04-17 17:50:15,Negatif
sangat puas banget..,5,2026-04-17 17:49:37,Positif
sangat membantu apk dana ini bisa sgala yg d btuh kan,5,2026-04-17 17:48:17,Positif
bantuan blokir dana,1,2026-04-17 17:46:52,Negatif
bagus . tpi beberapa hari ini notifikasi masuk telat. dapat transferan jam 8 notofikasi masuk jam 12,5,2026-04-17 17:45:50,Positif
tolong bantu dana playlater,5,2026-04-17 17:41:32,Positif
"hadiah event tidak sesuai, mangkin ke sini sistem hadiah tidak jelas, peraturan tidak terserah,,,, jangan ikut event chek inn apk dana ini. penipuan publik",1,2026-04-17 17:41:08,Negatif
knp dana gak bisa buat depo wayang88 ya,5,2026-04-17 17:41:00,Positif
mantap..,5,2026-04-17 17:38:41,Positif
tiAda kata selain bilang dana memang luar biasa,5,2026-04-17 17:37:02,Positif
sangat baik dan mudah dioperasikan fitur jg lengkap,5,2026-04-17 17:32:54,Positif
"huuu, setelah muncul sudah fitur DanaCicil, tapi mallah lama lagi Data di proses.. 1 hari tidak cukup.. yang lain cuma butuh waktu 30 detik🤦🏻‍♀️🤦🏻‍♀️🤦🏻‍♀️😡😡😡",1,2026-04-17 17:32:51,Negatif
dana paylater g ada,5,2026-04-17 17:31:57,Positif
tolong admin saya tidak bisa login karena email lama saya di program ulang dan kode otp ny di alikan melalui WhatsApp kenapa saya tidak bisa menerima kode otp melalui WhatsApp,4,2026-04-17 17:31:54,Positif
keren,5,2026-04-17 17:30:24,Positif
bintang 3 dulu ya,3,2026-04-17 17:27:56,Netral
saya beri 1 bintang karena ada sms/otp saya itu gk ngerti saya mau masukin gk bisa mulu jadi tolong di gk ada in pls,1,2026-04-17 17:25:57,Negatif
"parah sii tiba""saldo hilang .ga engak lagi deh pake apk ini 😡",1,2026-04-17 17:24:28,Negatif
oke,5,2026-04-17 17:23:18,Positif
kirim cepat tanpa nunggu 👍,5,2026-04-17 17:19:11,Positif
"perbaiki lagi saat scan qris, terjadi kendala mulu padahal sinyal bagus",3,2026-04-17 17:18:22,Netral
kenapa saya tidak bisa login dengan status masalah jaringan.... aneh,1,2026-04-17 17:15:48,Negatif
kanapa limit dana cicil masi ada tapi gk berlaku,5,2026-04-17 17:15:01,Positif
"sebelum saya berkomentar mohon ijin kepada kalian semua mohon diabaikan aja🙏🙏, terimakasih!!! menurut bagi saya apl ini sudah lebih dari cukup dan berkualitas bagus dlm melakukan atau berkerja dalam bertransaksi mudah,cepat dan aman dan, tingkat keamanannya juga bagi sy bagus,dan begitu juga tunduk dan tegas, terjaga aman,ketat pokoknya💯👍 luarbiasa deh!!! dan ketika ada kesalahan/masalah mudah dan cepat cara penyelesaiannya 24 aplikasi layanan ini responnya cepat dan langsung ditanggapi",5,2026-04-17 17:12:54,Positif
dana cicil saya malah gak ada kemana ya tolong dong dana cicil saya timbulkan kembali gimn,5,2026-04-17 17:12:40,Positif
"tolong perbaiki dana cicil saya dong minn, masak pertama kali muncul sampe sekarang nggak bisa di pakek",2,2026-04-17 17:12:03,Negatif
"aplikasi paling nyaman,tapi sangat disayangkan di akun DANA saya belum muncul fitur dana cicil ataupun dana pinjam. tolong segera munculkan fitur tersebut di akun saya",5,2026-04-17 17:06:24,Positif
sering eror terus,1,2026-04-17 17:05:43,Negatif
bagus,5,2026-04-17 17:02:43,Positif
Mantap terpercaya,5,2026-04-17 17:02:33,Positif
"sangat membantu berbagi transaksi,sukses selalu DANA",5,2026-04-17 17:02:25,Positif
keren satset sangat membantu banget,5,2026-04-17 17:02:07,Positif
ko gak ada dana cicilnya,5,2026-04-17 17:00:39,Positif
susah bangat ganti nomor,3,2026-04-17 16:59:45,Netral
"bagus kali aplikasi nya sangat membantu,tapi tolong la pihak dana di munculkan pitur dana cicil ku",5,2026-04-17 16:58:21,Positif
kenapa dana cicil tdk bisa dgunkan,4,2026-04-17 16:58:14,Positif
APLIKASI DANA ERROR KUOTA BANYAK SINYAL BAGUS TAPI JARINGAN TERPUTUS ADA GARIS MERAH DIBAWAH,2,2026-04-17 16:57:40,Negatif
mantap,5,2026-04-17 16:52:47,Positif
bagus,5,2026-04-17 16:50:41,Positif
Kenpa di saya tidk ada Dana cicil,1,2026-04-17 16:48:14,Negatif
bagus,5,2026-04-17 16:47:39,Positif
ok,5,2026-04-17 16:42:55,Positif
dana sangat membantu saya,5,2026-04-17 16:41:28,Positif
bagus sekali,5,2026-04-17 16:40:30,Positif
dana oke,5,2026-04-17 16:39:56,Positif
padahal aku udah masuk kin nomer orang tuaku tpi tetep aj gak bisa nnti ak turunin lagi ni bintang nya,3,2026-04-17 16:38:04,Netral
aman,5,2026-04-17 16:36:31,Positif
"sudah akun bayak fitur tidak ada atau tidak bisa digunakan,pelayanan buruk",1,2026-04-17 16:35:04,Negatif
tidak sejas sering di bajak,1,2026-04-17 16:34:50,Negatif
bagus,5,2026-04-17 16:31:44,Positif
"udah lama pakai dana ,tapi untuk dana cicil nya gak pernah muncul,maaf di kasih bintang 1 dulu ,kalau sudah bisa pakai dana cicil saya kasih bintang 5",1,2026-04-17 16:30:47,Negatif
bagus tapi leletnya di perbaiki khususnya untuk transaksinya ya min 🙏✌️..dan bonus untuk rakyat jelata peluangnya di pastiin ya min untuk promonya min 😁👍,5,2026-04-17 16:29:55,Positif
ok mantappp,5,2026-04-17 16:28:15,Positif
paling hebat,5,2026-04-17 16:25:43,Positif
mantap,5,2026-04-17 16:24:58,Positif
di bantu ACC DANA CICIL,5,2026-04-17 16:24:35,Positif
"saldo dana saya ilang 50rb , sedangkan di transaksinya gak ada Anek sekali , jadi gak aman pake dana",1,2026-04-17 16:24:34,Negatif
suka banget apk nya.,5,2026-04-17 16:23:02,Positif
oke baik,5,2026-04-17 16:22:32,Positif
dana untuk kita,5,2026-04-17 16:20:59,Positif
bagus,5,2026-04-17 16:20:12,Positif
Mantap,5,2026-04-17 16:19:20,Positif
"terimakasih dana, bagi saya splikasi dana ini dangat membantu sekali",5,2026-04-17 16:19:10,Positif
aplikasi yg membantu,5,2026-04-17 16:18:39,Positif
baik,5,2026-04-17 16:16:36,Positif
min minta uang dana lah dah kasih bintang 5 🗿,5,2026-04-17 16:14:54,Positif
"di hari ini tgl 17 apr 2026 ini, saya kecewa dengan apk ini, kenapa ko selalu jaringan anda terputus, pdahal jaringan lg full, liat apk lain gk ada kendala, tiba masuk ke dana selalu jaringan terputus, uda segala hal di coba, tpi gk ngaruh, pdahl baru isi saldo, tpi gk bisa di buka, nyesel ngisi nya kalo gini",2,2026-04-17 16:13:55,Negatif
kenapa akun dana saya di proteksi tidak bisa masuk.,1,2026-04-17 16:11:10,Negatif
bagus,5,2026-04-17 16:11:07,Positif
gokil,5,2026-04-17 16:10:43,Positif
mantap,5,2026-04-17 16:10:42,Positif
mantap,5,2026-04-17 16:10:10,Positif
fitur dana cicil tidak tersedia di akun saya.,1,2026-04-17 16:10:07,Negatif
bagus,5,2026-04-17 16:06:17,Positif
aktifkan fitur dana cicil,5,2026-04-17 16:05:58,Positif
koneksi terputus terus,5,2026-04-17 16:04:51,Positif
kenapa pitur dana cicil saya tidak ada ya,5,2026-04-17 16:04:19,Positif
👍,5,2026-04-17 16:04:11,Positif
terima kasih akun saya sudah sata bisa akses lagi.. saran saya jika no ppnsel hilang.. seharus nya ada login alternatif tanpa perlu otp. terima kasih,5,2026-04-17 16:03:52,Positif
ok,5,2026-04-17 16:02:52,Positif
👍👍👍,5,2026-04-17 16:02:17,Positif
pitur dana cicil saya ko belum tersedia padahal transaksi hampir tiap hari,5,2026-04-17 16:01:15,Positif
Kren,5,2026-04-17 15:59:51,Positif
ok baik,5,2026-04-17 15:59:49,Positif
mantap,5,2026-04-17 15:59:12,Positif
keren,5,2026-04-17 15:57:27,Positif
kalo apk dana. kita beli paket nya mahal2,5,2026-04-17 15:56:54,Positif
bagus,5,2026-04-17 15:56:42,Positif
baik,5,2026-04-17 15:56:15,Positif
oke,5,2026-04-17 15:56:14,Positif
bagus apk ini cuma tidak ada Dana Cicilan aku kasi 3 aja,3,2026-04-17 15:55:57,Netral
mantap,5,2026-04-17 15:54:34,Positif
"saya tidak menerima iKON dana cicil, semua orang ada kenpa saya tidak ada, udah premium bahkan sampai limit aku make dana, blm juga ada dana cicil nya, mohon bantuannya buatkan juga saya iKON dana cicil nya",1,2026-04-17 15:52:42,Negatif
kok saya ndd fitur dana cicil ya sedangkan orang yg baru pake dana sudah memiliki fitur nya walau belum upgrade premium,5,2026-04-17 15:51:43,Positif
amanah dan cepat,5,2026-04-17 15:50:57,Positif
sangat membantu,5,2026-04-17 15:50:52,Positif
mntap,5,2026-04-17 15:45:50,Positif
"orang mau masuk ke dana+ kok malah error, malah di suru masukin alamat gmail pas udah di masukin gmail nya, saldo yang ada di dana+ nya hilang😱, kok bisa ya, dana+ nya error kata nya di awasi OJK, minta bantu an ke CS malah tambah emosi, pengembalian uang emang berhasil, tapi saldo nya masih nyakut, saya masih bisa transaksi QRIS, karna saldo saya masih sisa, bukan make saldo dari pengembalian tersebut, malah saya di suruh untuk melihat bukti transaksi nya lagi, 5hari saya ngeliat nya bosen",1,2026-04-17 15:44:56,Negatif
"apl y bgs cmn kl trsksi ap y suka lama loadng y,maaf y",3,2026-04-17 15:44:14,Netral
2 kali uang saya hilang 1 menit aja,1,2026-04-17 15:41:52,Negatif
sangat membantu,5,2026-04-17 15:39:11,Positif
selama ini ok,5,2026-04-17 15:35:58,Positif
Iko,1,2026-04-17 15:33:45,Negatif
ok,5,2026-04-17 15:31:34,Positif
bagus membantu,5,2026-04-17 15:31:20,Positif
kenapa Fitur dana cicil saya belum muncul ya?,4,2026-04-17 15:30:44,Positif
good,4,2026-04-17 15:30:40,Positif
ok,5,2026-04-17 15:29:30,Positif
ini dana cicil nya ko belum bisa di gunakan ya,5,2026-04-17 15:28:30,Positif
apk tai,1,2026-04-17 15:28:06,Negatif
menurut ku ini ewalet yang paling bagus.tapi tolong dong untuk pihak dana fitur dana cicil ngapain di keluarin di akun saya kalau tidak bisa di pake.alasan transaksi tidak cukup jadi buat apa di munculkan fiturnya.untuk developer dana mohon di jawab🙏,5,2026-04-17 15:25:44,Positif
"terima kasih, qris dari penumpang saya BBG Sticker Puri Indah 2 bisa saya terima kapan aja tanpa harus nunggu jam pencarian jam 04:00",5,2026-04-17 15:23:16,Positif
ok,5,2026-04-17 15:16:46,Positif
ok,1,2026-04-17 15:16:44,Negatif
dana sangat bermanfaat,5,2026-04-17 15:15:47,Positif
transaksi lancar,5,2026-04-17 15:14:28,Positif
mantab,5,2026-04-17 15:14:14,Positif
"sangat bagus sekali,,,cuman dana cicilnya punya saya gak ada",4,2026-04-17 15:13:09,Positif
saya ingin memunculkan fitur dana cicil,5,2026-04-17 15:12:46,Positif
selama ini ok si,5,2026-04-17 15:12:20,Positif
"Aplikasi nya bagus, dan respon nya sangat cepat",5,2026-04-17 15:11:17,Positif
good,5,2026-04-17 15:08:15,Positif
sanggat bgus,5,2026-04-17 15:05:08,Positif
keren,5,2026-04-17 15:03:18,Positif
sudah lama menggunakan apk dana. tpi justru tidak mendapatkan fitur yg terbaru sperti dana cicil misal..,2,2026-04-17 15:03:09,Negatif
Bagus,5,2026-04-17 15:02:38,Positif
mantap lah pokoya,5,2026-04-17 15:02:36,Positif
Bagus sekali buat nabung,5,2026-04-17 15:02:23,Positif
"abis diupdate malah ga bisa login, lamaaaaaaaa bngt ga masuk2, hadeuh",1,2026-04-17 14:58:53,Negatif
apk nya sangat bagus,5,2026-04-17 14:57:23,Positif
sangat puas dgn aplikasi dana.membantu dan mempermudah dalam bertransaksi di bidang belanja dan transfer uang.terima kasih sudah mempermudah saya dalam berbagai urusan.,5,2026-04-17 14:56:14,Positif
saya sangat puas,5,2026-04-17 14:55:22,Positif
mantap,4,2026-04-17 14:51:07,Positif
blom BS apdet,5,2026-04-17 14:49:30,Positif
Saya sudah memenuhi kriteria tapi fitur dana instan ttp saja tidak muncul,1,2026-04-17 14:48:49,Negatif
mantap,5,2026-04-17 14:48:01,Positif
bagus.,5,2026-04-17 14:47:14,Positif
baik,5,2026-04-17 14:46:00,Positif
baik,5,2026-04-17 14:43:14,Positif
"ngasih bintang 5 dluan , tpi fitur dana cicil nya ga ada ga ditanggapin",5,2026-04-17 14:42:39,Positif
Ok lanjut,5,2026-04-17 14:42:33,Positif
"tidak ada fitur dana instan atau dana cicil, padahal akun sudah lama dan sudah premium",1,2026-04-17 14:42:32,Negatif
terima kasih,5,2026-04-17 14:39:54,Positif
Sagat bagus dan membantu,5,2026-04-17 14:39:40,Positif
seperti biasa,1,2026-04-17 14:39:39,Negatif
sangat memuaskan dan dipercaya sebagai dompet digital,5,2026-04-17 14:38:15,Positif
dana payleternya tolong di aktifkan,5,2026-04-17 14:37:02,Positif
baik,5,2026-04-17 14:34:39,Positif
sangat membantu,5,2026-04-17 14:33:17,Positif
Baguss,5,2026-04-17 14:29:23,Positif
kenepa aplikasi dana tidak bisa menerima krist,2,2026-04-17 14:27:12,Negatif
jossss,5,2026-04-17 14:27:12,Positif
kecewa keamanannya kurang tidak bisa mengatasi penipuan,1,2026-04-17 14:26:33,Negatif
good,4,2026-04-17 14:26:12,Positif
mantap,5,2026-04-17 14:25:56,Positif
ok,4,2026-04-17 14:24:43,Positif
alham dulilah sedang diproses dana cici,5,2026-04-17 14:24:11,Positif
pemakaian dana sudah lama dan transaksi sudah keliatan aja gak ada dana pinjaman payahh burukkk .,1,2026-04-17 14:21:39,Negatif
Gangguan terusss wakkkkk mantap,3,2026-04-17 14:17:36,Netral
mantap,5,2026-04-17 14:13:05,Positif
ok,5,2026-04-17 14:10:30,Positif
mantap.trimaksih dana,5,2026-04-17 14:07:37,Positif
cara simpel baguss,5,2026-04-17 14:03:33,Positif
makin buruk,1,2026-04-17 14:03:00,Negatif
mantap,5,2026-04-17 14:02:10,Positif
sangat puas,5,2026-04-17 14:02:04,Positif
baru pmula,5,2026-04-17 14:00:56,Positif
"Berikan saya fitur dana cicil, masak akun saya premium tapi fitur nya gak lengkap",3,2026-04-17 14:00:23,Netral
"Saya tidak mendukung sistem akun yang bisa tersambung ke aplikasi lain, karena saldo bisa terpotong otomatis tanpa pemberitahuan yang jelas. Mohon dihentikan atau diperjelas agar tidak merugikan pengguna.Tolong hentikan fitur akun tersambung ke aplikasi lain. Saya mengalami saldo terpotong tanpa sadar. Ini sangat merugikan pengguna.",1,2026-04-17 14:00:22,Negatif
sangat bagus,5,2026-04-17 13:59:18,Positif
"uang gw malah ilang, kan gw top up 50k terus sudah masuk dan nominal nya pas 50k gw biarin beberapa hari malah jadi 30k itu uang gw kemana dah padahal gw gak belanja atau top up game apapun kok bisa ilang danaku",1,2026-04-17 13:57:55,Negatif
katanya ada hajatan dapet 500rb kok sampai 98 gak bisa nambah,2,2026-04-17 13:57:34,Negatif
cepat dan mudah,5,2026-04-17 13:57:30,Positif
sumpah nga jelas udhh diajuin ganti pin tapii ngaa mau keganti ganti malahh dibilang ada masalah padahal verifikasi yang lain aman2 aja manaa pinnya nga bisa diganti dan alhasil saya nga bisa masuk akun saya sendiri,1,2026-04-17 13:56:21,Negatif
kenapa gua gabisa masuk karene lupa pin tolong dong yg tau caranya ?,5,2026-04-17 13:55:35,Positif
sangat penting,5,2026-04-17 13:54:57,Positif
mantap,5,2026-04-17 13:54:26,Positif
Cara buka akun DANA di suspended,5,2026-04-17 13:51:32,Positif
sanggar bagus sekali,5,2026-04-17 13:51:13,Positif
semoga saya di acc dana cicil,5,2026-04-17 13:50:19,Positif
saya kasih bintang 4 karena menurut saya dana impian atau dana goals tolong KLO sudah sampai baru bisa tarik KLO belum sampai mohon di tunggu sampai selesai,4,2026-04-17 13:47:13,Positif
kenapa sisah limit dana cicil saya gak bisa di gunakan.. sebelum ny bisa di gunakan,1,2026-04-17 13:46:19,Negatif
"lumayan bagus, tapi selalu eror. sudah dua hari transaksi syaa tidak bisa di proses, selalu saja muncul *pembayaran di proses"" merepotkan!!",1,2026-04-17 13:45:11,Negatif
saya sudah konsultasi kan ke dana Diana tentang mau masuk akun dana dan tidak menerima kode otp melalui SMS atau panggilan telepon seluler karena no sudah tidak aktif ko blm ada konfirmasi iya sudah saya kasih no pengganti katanya 3 hari dalam masa kerja sampai sekarang masih blm ada konfirmasi yang sah,1,2026-04-17 13:43:29,Negatif
siap,5,2026-04-17 13:42:49,Positif
sangat baik,5,2026-04-17 13:42:33,Positif
saya sangat suka aplikasi dana dari dulu👍👍,5,2026-04-17 13:40:22,Positif
bagus,5,2026-04-17 13:40:21,Positif
"loding di saat mau transfer,mau chat diana juga ngak bisa",5,2026-04-17 13:39:08,Positif
"ini kenapa lagi setiap mau login selalu internet terputus,saya pake gopay,sea bank aman aja",5,2026-04-17 13:38:16,Positif
Bagus banget aplikasinya,5,2026-04-17 13:37:29,Positif
keamanan data nya ngk ad ap solusi ny. mohon bantuan nya ya kak,5,2026-04-17 13:37:10,Positif
bagus dompet figital buat ku,5,2026-04-17 13:34:23,Positif
sangat membantu,5,2026-04-17 13:34:15,Positif
baik enak,5,2026-04-17 13:33:10,Positif
beli token lebih mudah,5,2026-04-17 13:32:52,Positif
Sangat membantu,5,2026-04-17 13:32:29,Positif
nomor sama hp ilang di copet pas mau pindah akun masa ga bisa padahal dengan KTP yang sama malah harus ngurus kartu dulu,1,2026-04-17 13:32:05,Negatif
"gara"" pakai dana mudah jadi deposit trus ak",1,2026-04-17 13:31:36,Negatif
bagus,5,2026-04-17 13:30:48,Positif
Sangat puas,5,2026-04-17 13:29:42,Positif
"mantap gokil siihhh, baru ngerasain enak nya dana prem, gokill gokil 🥶🔥🥵",5,2026-04-17 13:28:18,Positif
pinjam iya,5,2026-04-17 13:26:51,Positif
baik,5,2026-04-17 13:25:12,Positif
mantap,5,2026-04-17 13:24:31,Positif
sangat membantu,5,2026-04-17 13:22:40,Positif
bagus,5,2026-04-17 13:22:38,Positif
menyenangkan,5,2026-04-17 13:22:33,Positif
mantap,5,2026-04-17 13:22:04,Positif
sangat terbantu,5,2026-04-17 13:21:57,Positif
nice,5,2026-04-17 13:20:16,Positif
sangat membantu saat transaksi non tunai,5,2026-04-17 13:19:25,Positif
bagus,5,2026-04-17 13:19:14,Positif
mantap dan cepat prosesnya,5,2026-04-17 13:18:08,Positif
sangat membantu lebih mudah dan praktis cepet proses di waktu yang tepat bagi semuanya,5,2026-04-17 13:17:09,Positif
aktip kan fitur dana cicil,5,2026-04-17 13:15:57,Positif
dana cicil gak muncul di akun dana gue knp ya,5,2026-04-17 13:15:57,Positif
"bagus banget, buat yang malas bawa cash, ini alternatif sih, apalagi kalo udah premium, behhh, mangkin gacor",5,2026-04-17 13:13:47,Positif
knp dana ku ga bisa di buka,4,2026-04-17 13:13:47,Positif
mantap,5,2026-04-17 13:12:26,Positif
👍👍,5,2026-04-17 13:11:45,Positif
mntap,5,2026-04-17 13:11:12,Positif
assalamualaikum min kok filtur dana cicil masih gak muncul d akun saya padahal akun saya sdh premium,1,2026-04-17 13:10:45,Negatif
sekarang kalau Terima uang masuk Notif nya suka delay bahkan tidak ada notif sama sekali. dari pengaturan HP juga gada yang salah. hadehhhh,3,2026-04-17 13:10:36,Netral
"kacau kali dana ini udh di hack, pas bisa lagi diakses gak bisa digunakan",3,2026-04-17 13:10:16,Netral
baguyls,5,2026-04-17 13:08:42,Positif
sangat puas,5,2026-04-17 13:05:44,Positif
👌,5,2026-04-17 13:05:24,Positif
sangat memuaskan,5,2026-04-17 13:04:58,Positif
ok mantap mudah dan cepat,5,2026-04-17 13:04:33,Positif
saya mau butuh bantuan dari dana ini soalnya dana saya GK bisa login karenakan Mintak kode otp WhatsApp tapi WhatsApp saya udh tidak aktif lagi,5,2026-04-17 13:03:22,Positif
baik,5,2026-04-17 13:03:17,Positif
bgus,5,2026-04-17 13:00:28,Positif
sangat membantu,5,2026-04-17 12:59:25,Positif
sangat membantu,5,2026-04-17 12:58:17,Positif
"terbaik lah penanganan nya,mantap pihak cs dana",5,2026-04-17 12:57:00,Positif
biar pun saya pengguna baru saya suka aplikasi ini,5,2026-04-17 12:55:37,Positif
untuk versi yg lawas,3,2026-04-17 12:53:33,Netral
saya sangat suka,5,2026-04-17 12:53:16,Positif
banyak penipuan di aplikasi dana susah mau mengadu kemana kurang pengamanan akun,2,2026-04-17 12:50:03,Negatif
"tolong di bantu dana saya tidak bisa masuk,dan ada saldo nya gimana cara nya",5,2026-04-17 12:49:57,Positif
bagus dana penyimpanan teratur,5,2026-04-17 12:48:58,Positif
GK mau di bukak lagi dn nya...kmarin enk bukak dnnya,1,2026-04-17 12:47:33,Negatif
baik,5,2026-04-17 12:46:46,Positif
mantap pake dana,5,2026-04-17 12:46:33,Positif
Ok,5,2026-04-17 12:45:05,Positif
"mohon maaf ini aplikasi nya knp sering error saat mau transaksi pasti ada tulisan ""dana menolak pembayaran karna jumlah melebihi batas transaksi"" saya dah coba benerin dan mencoba lapor tetapi tetap GK bisa dan saya coba hapus dan download lagi masih tidak bisa",1,2026-04-17 12:44:53,Negatif
nglag banget gk bisa dipencet,1,2026-04-17 12:44:41,Negatif
Dalam bertransaksi cepat,5,2026-04-17 12:43:45,Positif
dana cicil mucul cuma ga bisa di pake kenapah ya tolong di bantu,5,2026-04-17 12:43:29,Positif
mantap,5,2026-04-17 12:43:23,Positif
sangat bagus aplikasinya pok na mah mantapppp,5,2026-04-17 12:41:41,Positif
bagus si apk nya tapi dana cicil saya tidak aktif,5,2026-04-17 12:41:17,Positif
admin ny murah prtahankan y,5,2026-04-17 12:41:09,Positif
oke memang,5,2026-04-17 12:41:01,Positif
keren,5,2026-04-17 12:38:25,Positif
keren,5,2026-04-17 12:38:13,Positif
pemakain dana lancar dan cepat di layanj,5,2026-04-17 12:38:02,Positif
keren,5,2026-04-17 12:37:59,Positif
enak pake dana,5,2026-04-17 12:35:41,Positif
dana cicil gak berfungsi,2,2026-04-17 12:34:33,Negatif
banyak pinta di perbarui data di dalam mulu pas di perbarui malah tidak bisa kan tolollll.....makin ke sini makin ga jelas dena ini,1,2026-04-17 12:33:00,Negatif
"kenapa aplikasi tidak pernah bisa menerima uang saldo tetap Rp 1.330 jadi hanya sebagai pelengkap saja atau hemana ini saya tidak paham dengan cara kerjanya tolong kasih enjelasan tentang aplikasi ini , sistim gimana ya🙏",3,2026-04-17 12:31:19,Netral
sangat bagus,5,2026-04-17 12:29:07,Positif
sangat membantu dalam melakukan transaksi,5,2026-04-17 12:28:52,Positif
ok,5,2026-04-17 12:28:26,Positif
cukup bagus,5,2026-04-17 12:27:00,Positif
"pernah ditipu dan tidak aman untuk menaruh uang besar, keamanan nya juga kurang lagi udh di sadap pas di pustuskan malah balik lagi",1,2026-04-17 12:25:52,Negatif
tolonglah lebih peduli lagi dengan keluhan ini sya kasi bintang 5 kara saya Uda 6 tahun lebih menggunakan dana,5,2026-04-17 12:25:45,Positif
bikin qris nya kurang cepet gopay aja gak ada 1 jam,1,2026-04-17 12:25:29,Negatif
luar biasa 👍,5,2026-04-17 12:25:15,Positif
membantu,4,2026-04-17 12:24:45,Positif
mantap,5,2026-04-17 12:24:25,Positif
good,5,2026-04-17 12:20:58,Positif
sangat bagus perlu di pertahankan,5,2026-04-17 12:20:50,Positif
"hati-hati pengguna dana,saldo saya terpotong tanpa konfirmasi dari saya, tiba"" ada transaksi berhasil dan pengajuan refund ngk bisa kata cs nya transaksi sudah berhasil tidak bisa refund apaan, harusnya setiap transaksi apapun itu harus konfirmasi terlebih dahulu, karna ngk mau tangung jawabb",1,2026-04-17 12:20:15,Negatif
good,4,2026-04-17 12:19:04,Positif
bermanfaat namun sayang saya yang bertahun2 tidak ada dana cicil nya,1,2026-04-17 12:16:55,Negatif
fitur nya bagus TPI kok dana cicil sya engga ada,5,2026-04-17 12:16:44,Positif
bgus,4,2026-04-17 12:15:51,Positif
Tidak bisa membuka aktivitas,1,2026-04-17 12:15:46,Negatif
simple dan membantu,5,2026-04-17 12:14:20,Positif
sangat bagus,5,2026-04-17 12:14:15,Positif
baik parah,5,2026-04-17 12:14:12,Positif
ok,5,2026-04-17 12:13:22,Positif
👍,4,2026-04-17 12:13:13,Positif
terkadang kalau mau tf suka eror,4,2026-04-17 12:11:43,Positif
dana is the best,5,2026-04-17 12:11:43,Positif
ok bos,5,2026-04-17 12:08:53,Positif
dengan dana semua jadi mudah,5,2026-04-17 12:08:08,Positif
sangat bagus,2,2026-04-17 12:06:52,Negatif
bagus,5,2026-04-17 12:06:19,Positif
like,5,2026-04-17 12:05:28,Positif
bagus,5,2026-04-17 12:01:52,Positif
antap aplikasinya,5,2026-04-17 12:01:51,Positif
mantapp,5,2026-04-17 11:59:52,Positif
bagus,5,2026-04-17 11:59:20,Positif
setuju,5,2026-04-17 11:58:56,Positif
potongan topup nya gak ngotak! Transfer kepotong 1000 saldo dana nya juga kepotong. GILA!,1,2026-04-17 11:58:49,Negatif
knp saya tidak menerima kode otp?,1,2026-04-17 11:57:41,Negatif
gadak dana cicil,5,2026-04-17 11:56:27,Positif
sngat membantu,5,2026-04-17 11:54:50,Positif
"min bisa bantu aktifkan dana cicil saya dong, udah update tpi danacicil belum muncul",3,2026-04-17 11:53:07,Netral
bagusss,5,2026-04-17 11:51:09,Positif
sangat praktis untuk bertransaksi,3,2026-04-17 11:50:24,Netral
mantap sangat membantu,5,2026-04-17 11:49:49,Positif
sangat membantu,5,2026-04-17 11:48:30,Positif
ok,5,2026-04-17 11:45:58,Positif
ada manfaat nya,5,2026-04-17 11:45:41,Positif
"cepat amanah dan aman ,I like",5,2026-04-17 11:45:41,Positif
jos jis,5,2026-04-17 11:45:23,Positif
mantep sanggat membantu,5,2026-04-17 11:42:58,Positif
baik,5,2026-04-17 11:42:52,Positif
dana cicil,5,2026-04-17 11:39:41,Positif
dana udah premium.dana cicil sudah aktif limit sudah ada.tapi sama sekali gak bisah di pake.udah di email gak ada balasan,2,2026-04-17 11:39:21,Negatif
istimewah,5,2026-04-17 11:38:34,Positif
aktifkan dana cicil saya,5,2026-04-17 11:37:36,Positif
agak pelittt,5,2026-04-17 11:36:33,Positif
mantapp,5,2026-04-17 11:35:48,Positif
sangat membantu dalam proses pembelian,5,2026-04-17 11:35:27,Positif
keamanan bagus ok,5,2026-04-17 11:33:26,Positif
bagus,5,2026-04-17 11:33:06,Positif
"sngat jlek pertama dg no lama saldo hilang 15000 saat TF ,TF ga msuk saldo lenyap ganti no baru ,saldo 18800 buat isi pulsa ga bisa buat TF jg ga bisa (JD beku ) di komplain berbelit bingungkan jg pernyataan di ulang2 ga ada jln solusi ,ganti no suruh upgrade bgtu upgrade minta kmbali ke no lama jwb KTP SDH pernah dgunakan JD mau ga mau dg sngat terpaksa hilang SDH saldo no pertama yg no baru saldo JD beku(HNY bisa utk terima TF utk kirim TF ga bisa ) sngat kecewa kapok sy n SDH ga percaya",1,2026-04-17 11:32:39,Negatif
"apk busuk, setiap mau isi saldo selalu gagal",4,2026-04-17 11:30:36,Positif
oke,5,2026-04-17 11:30:03,Positif
mantap.,5,2026-04-17 11:28:15,Positif
sangat bagus,5,2026-04-17 11:27:58,Positif
sangat membantu transaksi digital👍,5,2026-04-17 11:27:56,Positif
oke bos,4,2026-04-17 11:27:46,Positif
Bagus,5,2026-04-17 11:27:25,Positif
mantp,5,2026-04-17 11:26:53,Positif
mantap trimakasih👍👍👍,5,2026-04-17 11:25:43,Positif
"dana cicil kok gak muncul menu nya di aplikasi punya ku ,,,",5,2026-04-17 11:22:09,Positif
sudah 2 kali Top Up tpi tdak masuk ke akun Dana.. kenpa ini... hilang tnpa keterangan,1,2026-04-17 11:21:09,Negatif
"b4 dlu,nnti kalau udah di buatin fitur hapus aktivitas baru b5",4,2026-04-17 11:21:09,Positif
kenapa dana cicil saya tidak dapat digunakan,5,2026-04-17 11:20:11,Positif
bagus,5,2026-04-17 11:19:58,Positif
mantap,5,2026-04-17 11:17:54,Positif
kecewatidak pernahmendapatkan limit dana cicil padahal sering transaksi dan pelanggan setia sudah 4 tahun,4,2026-04-17 11:17:19,Positif
mantap,5,2026-04-17 11:15:16,Positif
transaksi aman lancar baik,5,2026-04-17 11:15:03,Positif
sangat membantu,4,2026-04-17 11:13:41,Positif
gak ribet,5,2026-04-17 11:13:35,Positif
nyaman pake dana,5,2026-04-17 11:11:03,Positif
keren tapi blm ada dana cicill,5,2026-04-17 11:09:50,Positif
saya mau logi dana ga bisa bisa d bantu kaka,1,2026-04-17 11:08:58,Negatif
uang saya selalu hilang setiap hari 13000 LBH setiap hari knp memakai dana selalu hilang uang saya.tolong ya google.jngn selalu menyedot uang d dana.saya kecewa sekali setiap hari hilang uang d dana tujuan untuk mengambil uang d dana orang untuk apa...!!!,1,2026-04-17 11:07:39,Negatif
"aplikasi terburuk, mau bayar dana org lewat mobile bank gak bisa harus buka dari aplikasi dana, harus buat akun premuim utk bisa kirim uang k dana lain, pas sdh upgrade masih jg gak bisa kirim, malu lama d kasir gak jadi belanja, SANGAT KESAL",1,2026-04-17 11:07:13,Negatif
mempermudah,5,2026-04-17 11:07:08,Positif
tolong dana cicil nya,5,2026-04-17 11:05:07,Positif
bagus,5,2026-04-17 11:04:19,Positif
👍,5,2026-04-17 11:03:55,Positif
baik,5,2026-04-17 11:03:49,Positif
kenapa selalu koneksi terputus pdhl sinyal bagus kuota juga masih banyak .,4,2026-04-17 11:02:32,Positif
lancar,5,2026-04-17 11:01:04,Positif
baik,5,2026-04-17 10:59:29,Positif
sangat bagus,5,2026-04-17 10:58:56,Positif
saya suka,5,2026-04-17 10:57:18,Positif
bagus sangat membantu,5,2026-04-17 10:57:11,Positif
thank,5,2026-04-17 10:56:07,Positif
👍,5,2026-04-17 10:56:03,Positif
cepat dan baik,5,2026-04-17 10:55:23,Positif
"kenapa gak bisa di buka katanya koneksi internet terputus, padahal jaringan aman internet lancar, tpi gak bisa di buka ni apk",1,2026-04-17 10:55:03,Negatif
tingkat kan layanan yg terbaik,4,2026-04-17 10:54:51,Positif
sangat membantu dalam transaksi terimakasih,5,2026-04-17 10:53:18,Positif
baik,4,2026-04-17 10:52:31,Positif
sangat bermanfaat,5,2026-04-17 10:52:21,Positif
oke,5,2026-04-17 10:49:58,Positif
mantap lancar terus transfernya...,5,2026-04-17 10:49:13,Positif
ko saldo saya hilang dengan sendirinya ya??,4,2026-04-17 10:48:04,Positif
dana cicil dana instan belum muncul 😭,5,2026-04-17 10:47:52,Positif
tempat simpan uang terbaik👍💯,5,2026-04-17 10:46:21,Positif
Mantap aku suka,4,2026-04-17 10:45:13,Positif
puas,4,2026-04-17 10:43:31,Positif
Mantapo,5,2026-04-17 10:42:11,Positif
bagus mohon bantuannya agar fitur dana cicil timbul di sana saya,4,2026-04-17 10:40:43,Positif
mantap,5,2026-04-17 10:38:34,Positif
baik,5,2026-04-17 10:38:16,Positif
akun di ambil orang untungnya cuma ada 50ribu. sangat mengecewakan keamanannya kurang,1,2026-04-17 10:37:23,Negatif
Aplikasi Bagus munculin lah dana cicil sya,5,2026-04-17 10:35:30,Positif
ok ok,5,2026-04-17 10:34:07,Positif
aman dan terjamin,5,2026-04-17 10:27:40,Positif
sangat baik dan memuaskan,5,2026-04-17 10:27:27,Positif
"gjls, nnya digital assistant mlh jwbn nya ga nyambung pdhl nnya soal link penipuan dana",1,2026-04-17 10:25:06,Negatif
kenapa punya aplikasi dana cicilan belum muncul ya,2,2026-04-17 10:23:43,Negatif
kenapa fitur dana cicil gabisa digunakan di akun saya dan selalu ditolak verivikasi nya????,5,2026-04-17 10:23:10,Positif
mantap,5,2026-04-17 10:22:49,Positif
mntap,5,2026-04-17 10:20:57,Positif
terimakasih ya...... aktifkan dana pinjaman,5,2026-04-17 10:17:55,Positif
Tolonga lakukan konfimasi sebelum memotong uang dari akun,1,2026-04-17 10:16:39,Negatif
"mantap,dan juga cepat",5,2026-04-17 10:11:56,Positif
fitur nya lumayan,5,2026-04-17 10:10:16,Positif
saya suka karena jujur d biaya admin jugak murah 👍👍👍,5,2026-04-17 10:09:57,Positif
baik,5,2026-04-17 10:07:36,Positif
sangat baik,4,2026-04-17 10:07:13,Positif
good job,5,2026-04-17 10:06:42,Positif
"jadi mudah untuk bertransaksi, makasih dana",5,2026-04-17 10:03:27,Positif
kenapa fitur dana cicil tidak ada,1,2026-04-17 10:02:16,Negatif
ko gabisa tf si ada proses kendala terus,1,2026-04-17 09:59:53,Negatif
baguss aja,5,2026-04-17 09:59:30,Positif
ok,5,2026-04-17 09:57:54,Positif
sangat kecewa .. saya mentransfer sebesar 591.00 RB lewat aplikasi dana transfer Vi BRI pada tanggal 16/04/2026 dan di aplikasi nya ada gangguan transaksi nunggu 24 jam sampe sekarang belum masuk uang .. aneh nya di bukti pembayaran transaksi berhasil,1,2026-04-17 09:57:19,Negatif
terus berjaya di bumi Indonesia.,5,2026-04-17 09:56:20,Positif
saya tak bisa buka aktifitas dan beli pulsa dan pln,5,2026-04-17 09:53:23,Positif
"kecewa banget ama dana masa uang dana goals aku gabisa di tarik mana udh lumayan banyak lagii masuk nyaa padahal udh premium+dana protection tapii hasilnya nihil nanya cs diana malah hasilnya ga memuaskan dan malah makin kecewa, mohon pihak dana menjawab pesan saya dan mengembalikan dana saya yang ada di dana goals",1,2026-04-17 09:52:48,Negatif
eror,1,2026-04-17 09:51:20,Negatif
bagus,5,2026-04-17 09:50:53,Positif
percuma ada limit dana cicil tp gak bisa di gunakan buat transaksi...,5,2026-04-17 09:47:11,Positif
dana semakin bagus,5,2026-04-17 09:46:28,Positif
kenapa ya susah munculkan fitur dana instan,5,2026-04-17 09:42:25,Positif
mantap,5,2026-04-17 09:40:40,Positif
"aplikasi, nya udah bagus tapi sayang kenapa harus upgrade ke premium gitu Lo ribet",5,2026-04-17 09:39:58,Positif
keren banget,5,2026-04-17 09:38:25,Positif
praktis dan mudah,5,2026-04-17 09:37:47,Positif
BANYAK BUG QR MALES.,2,2026-04-17 09:33:27,Negatif
mengapa riwayat aktivitas tida bisa ditampilkan,5,2026-04-17 09:30:55,Positif
Semenjak ada Dana transaksi jadi mudah,5,2026-04-17 09:30:46,Positif
good,4,2026-04-17 09:29:21,Positif
saya sangat tertarik,5,2026-04-17 09:27:46,Positif
sangat bagus,5,2026-04-17 09:26:24,Positif
Gak bisa aktivasi dana cicil kenapa ya gagal terus????,5,2026-04-17 09:24:00,Positif
"saya bingung knp saya btu sja download dana tetapi saat saya memasuki pin salah padahal saya tidak pernah buat pin dana dan bru sja download apk dana saat saya tekan lupa pin, disuru veriv wajah tetapi saya sudah veriv wajah berulang kli sesuai instruksi tetapi selalu gagal ini bagaimana ini?",5,2026-04-17 09:22:51,Positif
bagus,5,2026-04-17 09:21:16,Positif
bagus,5,2026-04-17 09:09:16,Positif
Dana bikin hemat ongkir 😀👍👍,5,2026-04-17 09:08:55,Positif
sangat membantu dan praktis,5,2026-04-17 09:06:20,Positif
sangat bermanfaat,5,2026-04-17 09:05:50,Positif
terbaik,5,2026-04-17 09:02:48,Positif
Kacauuu kasus pencurian uang ttp masih lolos diapk ini,1,2026-04-17 09:00:45,Negatif
oke banget,5,2026-04-17 08:59:42,Positif
sangat membantu,5,2026-04-17 08:56:57,Positif
keren,5,2026-04-17 08:56:38,Positif
pengalaman untuk apkikasi ini sangat mudah,5,2026-04-17 08:54:57,Positif
enak bngt buat transaksi..cuman punya ku gak muncul dana cicil😭,5,2026-04-17 08:53:02,Positif
mntap,4,2026-04-17 08:52:21,Positif
bagus dan menawan,5,2026-04-17 08:51:31,Positif
mempermudah bertransaksi,5,2026-04-17 08:49:37,Positif
baik,4,2026-04-17 08:47:25,Positif
ok,5,2026-04-17 08:46:21,Positif
bagus,5,2026-04-17 08:45:31,Positif
puas banget,5,2026-04-17 08:45:21,Positif
sangatsangatmembantu.okokok,5,2026-04-17 08:45:01,Positif
mantap,5,2026-04-17 08:42:31,Positif
mantap,5,2026-04-17 08:36:21,Positif
kenapa tidak ada fitur dana cicil,4,2026-04-17 08:36:05,Positif
sangat memuaskan. tapi kenapa dana cicil tidak muncul,5,2026-04-17 08:35:42,Positif
ok,5,2026-04-17 08:35:02,Positif
amanah simpan uwang dgn aman,4,2026-04-17 08:34:40,Positif
transaksi lancar,5,2026-04-17 08:33:09,Positif
mau transaksi apa pun jdi gampang pake Dana,5,2026-04-17 08:33:07,Positif
"Tolong Min Akhir"" ini Saya Sering Kena Potongan Saldo 33.000 Setiap Mau Top Up Dana Saldo Terus Berkurang 33.000 dari Aplikasi Google Screnshot",1,2026-04-17 08:32:20,Negatif
"ini kenapa lah kok gak bisa login, selalu koneksi bermasalah. pdhl jaringan aman2 aja",5,2026-04-17 08:31:53,Positif
Sangat m egg membantu S egg Kali all Dana ini,5,2026-04-17 08:30:00,Positif
bagus,5,2026-04-17 08:28:45,Positif
udh lama pake apk dana TPI ga dpt fitur dana cicil,1,2026-04-17 08:28:39,Negatif
sangat bagus,5,2026-04-17 08:28:30,Positif
walau di aplikasi dana di hp ku sudah di buka ku kasih bintang fuul,5,2026-04-17 08:27:35,Positif
Kenapa tidak bisa lanjutin ke dana,5,2026-04-17 08:27:08,Positif
bagus dan kita bisa dapat cuang,5,2026-04-17 08:24:31,Positif
segeralah hapus apk ini karna dialah penipu sesungguhnya kemarin dana saya 150000 di tarik maxtohub atau pihak dari DNA dan saya minta di kembalikan malah di alihkan agar mendownload apk maxtohub padahal dana sendiri itu si maxtohub tolong yah pemerintah cek. ini apk udah mulai meresahkan makin banyak pencuri dsini apk dana adalah apk yg paling ngga aman tolong jangan tipu orang miskin seperti kami,1,2026-04-17 08:23:01,Negatif
sangat wiwok the talk,5,2026-04-17 08:22:21,Positif
dana is the best pokoknya👍,5,2026-04-17 08:20:16,Positif
dana mantap sekali,5,2026-04-17 08:15:53,Positif
hmm... aku ga tau sih ini apkny bgs ap engk karna pas ak mau buat akun g bsa kode otp ny g msk ak pantengin tu sms tp ga ad notif msk ap lah ak download pke kouta lhh bkn pake angin pas mau ulang eh mlh ad kendala,1,2026-04-17 08:15:36,Negatif
transaksi jadi lebih mudah gak ribet,5,2026-04-17 08:12:03,Positif
Aplikasi tidak bisa di buka untuk hp ram 2,1,2026-04-17 08:10:51,Negatif
bagus,5,2026-04-17 08:06:58,Positif
"apk bodong, masa yang lain dapet dana cicil saya aktip bertransaksi g pernah d aktipkan dana cicilnya",1,2026-04-17 08:06:11,Negatif
mantap,5,2026-04-17 08:02:58,Positif
👍👍,5,2026-04-17 08:02:57,Positif
good,5,2026-04-17 08:01:22,Positif
siap dana,5,2026-04-17 08:00:54,Positif
mantap,5,2026-04-17 08:00:54,Positif
Lumayan bagus lumayan berguna,5,2026-04-17 08:00:02,Positif
mantap,5,2026-04-17 07:59:42,Positif
👌👍,5,2026-04-17 07:59:02,Positif
Semakin di update makin berat ...!,5,2026-04-17 07:58:47,Positif
tak puas,5,2026-04-17 07:57:26,Positif
bagus,5,2026-04-17 07:56:05,Positif
munculkan fitur dana instan,5,2026-04-17 07:55:49,Positif
mantap,5,2026-04-17 07:55:11,Positif
sangat bagus,5,2026-04-17 07:52:50,Positif
gak di kasih dana gratis,1,2026-04-17 07:52:16,Negatif
sangat bagus,5,2026-04-17 07:50:48,Positif
ga membantu jawab masalah,1,2026-04-17 07:44:55,Negatif
Bagus membantu,5,2026-04-17 07:44:41,Positif
"apk ampas,gak bisa di gunakan fiturnya,cuman loading² aja padahal jaringan bagus 🥲",1,2026-04-17 07:40:37,Negatif
bagus sekali,5,2026-04-17 07:40:02,Positif
mantap,5,2026-04-17 07:39:53,Positif
cepat..ins sya Allah amanah,5,2026-04-17 07:39:43,Positif
mantap sekali,5,2026-04-17 07:38:48,Positif
"gak bisa login, jaringan bermasalah terus keterangan nya padahal gak ada masalah sama jaringan. tolong segera diperbaiki !",1,2026-04-17 07:37:56,Negatif
dana nya kalo saldo masuk lama kadang eror tolong perbaiki,3,2026-04-17 07:34:53,Netral
sangat baik,5,2026-04-17 07:29:35,Positif
baguss,5,2026-04-17 07:27:04,Positif
sangat bagus,4,2026-04-17 07:26:01,Positif
baik,5,2026-04-17 07:25:07,Positif
bagus bangat,5,2026-04-17 07:24:31,Positif
cuman di saya gk ada filtur dana cicil kurang lengkap,3,2026-04-17 07:23:44,Netral
semoga tambah jaya dan amanah,5,2026-04-17 07:21:11,Positif
terbantu,5,2026-04-17 07:21:00,Positif
sangat cocok untuk saya yg berbisnis,5,2026-04-17 07:21:00,Positif
sangat membantu,5,2026-04-17 07:20:46,Positif
pokonya mempermudah transaksi 👍,5,2026-04-17 07:18:25,Positif
mantap,5,2026-04-17 07:15:08,Positif
bapuk amat dancil sama dana instan cuman pajangan doang gak bisa di pake,1,2026-04-17 07:14:49,Negatif
apalagi kalo saya ada dana pinjam makin bagus,5,2026-04-17 07:11:49,Positif
sangat membantu,5,2026-04-17 07:11:32,Positif
minimal transfer 10rb ke bank idih...kenapa harus ada minimal trf kan gratis 10x,1,2026-04-17 07:11:10,Negatif
"dana saya ilang karna transaksi otomatis gogle, tanpa sepengetahuan saya",2,2026-04-17 07:11:06,Negatif
apl nya bgus,5,2026-04-17 07:10:29,Positif
mantap,5,2026-04-17 07:09:46,Positif
lebih mudah dan aman,5,2026-04-17 07:09:38,Positif
ga bisa k buka aplikasi dana knapa,1,2026-04-17 07:06:19,Negatif
sangat mudah untuk digunakan sebagai alat untuk pembelian dan pembayaran,5,2026-04-17 07:03:36,Positif
puas dan menarik,5,2026-04-17 07:02:25,Positif
aplikasi korup,1,2026-04-17 07:01:17,Negatif
dana bagus,5,2026-04-17 07:00:06,Positif
mantap,3,2026-04-17 06:59:50,Netral
bagus👍,5,2026-04-17 06:59:45,Positif
Maslah tidak bisa lihat detail transaksi,1,2026-04-17 06:59:15,Negatif
Alhamdulillah gak ada kendaa saldo tetap aman,5,2026-04-17 06:59:12,Positif
bebas transfer tanpa biaya admin dan bebas kuota,4,2026-04-17 06:57:34,Positif
belum muncul dana instan,4,2026-04-17 06:56:50,Positif
mantap,5,2026-04-17 06:53:58,Positif
Sangat di sayangkan uang saya hilang dalam jumlah yg lumayan tapi tidak ada pergerakan dari pihak dana untuk membantu mengembalikan uang saya,1,2026-04-17 06:50:24,Negatif
kok GK bisa di instal,5,2026-04-17 06:49:58,Positif
transaksi mudah tidak ribet dan tanpa biaya,5,2026-04-17 06:48:51,Positif
aku puas,5,2026-04-17 06:46:56,Positif
aplikasi dana bagus sangat membantu bagi saya yg belum punya rekening,5,2026-04-17 06:46:14,Positif
💪,5,2026-04-17 06:45:59,Positif
"saya kasih saran kalau mau nyimpen uang hde2 jangan pakai dana kalo ada masalah susah urusin nya Telpon cs ajh gak bisa langsung beres harus cht diana ,gak ada live cht ,situs judol aja ada live cht ini susah kalo mau beresin kebanyakan nunggu",2,2026-04-17 06:41:54,Negatif
"dana sering eror, aku susah masuk akun, perbaiki lagi ka...",5,2026-04-17 06:41:17,Positif
sangat baik dan cepat,5,2026-04-17 06:39:17,Positif
sangat bagus,5,2026-04-17 06:39:02,Positif
DANA memang serba bisa sekarang👍👍,5,2026-04-17 06:38:50,Positif
tiba masuk ke chrome,1,2026-04-17 06:35:36,Negatif
Mantap,5,2026-04-17 06:33:08,Positif
bagus,5,2026-04-17 06:32:30,Positif
nice,5,2026-04-17 06:32:02,Positif
tolong aktif kan dana cicil,5,2026-04-17 06:27:57,Positif
mantul,5,2026-04-17 06:26:24,Positif
sangat buruk,5,2026-04-17 06:21:09,Positif
bagus,5,2026-04-17 06:21:04,Positif
kadang akun saya bisa masuk tanpa verifikasi. membuat sya takut meminjmkn hp ke teman,4,2026-04-17 06:20:51,Positif
ok,5,2026-04-17 06:16:20,Positif
bagus,5,2026-04-17 06:13:44,Positif
plerrr,3,2026-04-17 06:12:42,Netral
Ok,5,2026-04-17 06:09:18,Positif
bagus,5,2026-04-17 06:09:08,Positif
biar bintang yang bicara,5,2026-04-17 06:09:03,Positif
"pelayanan buruk gue tf ke bri status terkirim tapi belum masuk, komplen malah balas itu itu aja kaya robot",1,2026-04-17 06:07:16,Negatif
sangat membantu,5,2026-04-17 06:06:18,Positif
lucu pas saat ba dowoad haha 😄😄,5,2026-04-17 06:04:49,Positif
PAYAHH. HATI HATI NYIMPEN UANG DI DANA ADA OKNUM TUKANG RAMPOK UANG,1,2026-04-17 06:03:20,Negatif
ok saya sangat puas,5,2026-04-17 06:02:58,Positif
memuaskan,5,2026-04-17 06:01:13,Positif
bagus sekali aman terpercaya,5,2026-04-17 05:58:58,Positif
selalu kirim uang ke dana org lain tapi tdk bisa mengambil.dana sendiri,5,2026-04-17 05:58:47,Positif
jangan sering² nyangkut deh. dari mbanking udah berhasil di Dana belum masuk².,4,2026-04-17 05:58:00,Positif
baik bgus cepat tks dana..,5,2026-04-17 05:57:56,Positif
padahal sudah dana premium tapi masih di suruh upgrade ke dana premium,1,2026-04-17 05:57:56,Negatif
munculkan dana cicil,5,2026-04-17 05:57:46,Positif
bermanfaat sekali,5,2026-04-17 05:57:28,Positif
kenapa ya belum bisa gabung di program Beta.padahal sudah lama pakai dana.,5,2026-04-17 05:54:12,Positif
sangat puas,5,2026-04-17 05:52:55,Positif
dana pokoknya mantap 🤍🥰,5,2026-04-17 05:51:57,Positif
sangat cepat,4,2026-04-17 05:51:41,Positif
"Masih menjadi aplikasi terbaik untuk pembayaran, Transfer dan Top up game. Jarang ada kendala, dan tampilannya juga simpel, Terbaik 👍",5,2026-04-17 05:51:10,Positif
"mana dana gua woiii dah di TF Ama Kaka gua kok ga masuk"" padahalnomer nya benar",2,2026-04-17 05:49:51,Negatif
aplikasi dana ku gk ada dana cicilnya hahhahaah,4,2026-04-17 05:49:31,Positif
aman semenjak pakai dana,5,2026-04-17 05:46:35,Positif
bagus,5,2026-04-17 05:43:55,Positif
"efektif, efisien, aman, serba bisa, pokoknya josss ni aplikasi",5,2026-04-17 05:39:50,Positif
mantaf mudah di gunakan,5,2026-04-17 05:37:39,Positif
baik ok,5,2026-04-17 05:37:04,Positif
jos jis,5,2026-04-17 05:35:09,Positif
oke Joss mantab 👍🏻,5,2026-04-17 05:34:51,Positif
sangat baik,5,2026-04-17 05:33:51,Positif
sangat membantu,5,2026-04-17 05:33:29,Positif
cara hapus riwayat akun dana,5,2026-04-17 05:29:17,Positif
mantap,5,2026-04-17 05:29:00,Positif
ko punya gak ada fiktur dana cicil nya,5,2026-04-17 05:26:04,Positif
"dana cicil tidak bisa digunakan waktu pembayaran,membeli pulsa atau apa saja",5,2026-04-17 05:25:10,Positif
"hari ini error gabisa login ke akun, gabisa klick apapun, gada fitur sidik jari, bukannya merespon tapi yang balas bot dgn jawaban maaf maaf doang gada perubahan, kalo kayak gini terus aku ajak semua teman temanku ganti apk pembayaran aja",1,2026-04-17 05:24:06,Negatif
good aplikasi paling mantap,5,2026-04-17 05:23:07,Positif
mantap sekarang dana bisnis bisa langsung cair tanpa nunggu esok hari,5,2026-04-17 05:22:42,Positif
puas dengan dana,5,2026-04-17 05:22:07,Positif
"aplikasi tolol, tiba2 suruh upgrade ke premium padahal sebelum nya udah pernah dan aman2 aja, dan saat ingin di upgrade malah gagal. auto DELETE !",1,2026-04-17 05:21:31,Negatif
sangat membantu mempermudah,5,2026-04-17 05:20:03,Positif
bagus,5,2026-04-17 05:18:37,Positif
jos,4,2026-04-17 05:17:43,Positif
mantapz👍👍👍👍,4,2026-04-17 05:17:32,Positif
"dana cicil sudah lunas 400.000 , malah gabisa digunakan lagi kacau",1,2026-04-17 05:17:25,Negatif
"jelek banget kebijakannya, kalo salah transfer gabisa di balikin lagi.",1,2026-04-17 05:17:21,Negatif
jelek saldo tb tb di tarik tanpa penjelasan yg jelas,1,2026-04-17 05:16:32,Negatif
aplikasi nya sih bangua cuma tolong lah masalah dana cicil yang limit nyah tersedia tapi tidak bisa di pakai di perbaiki lagi,1,2026-04-17 05:13:50,Negatif
sudah lebih dari 15 tahun pakai dana tp tidak pernah dapat fitur dana cicil.untuk yang layanan lain nya oke sih,4,2026-04-17 05:12:00,Positif
👍👍,5,2026-04-17 05:11:35,Positif
ok mantap,5,2026-04-17 05:09:23,Positif
layanan bagus,5,2026-04-17 05:08:44,Positif
dana top dah,5,2026-04-17 05:05:09,Positif
bagus cepet bgt pengirimannya😁,5,2026-04-17 05:04:01,Positif
dana cicil gak bisa di gunakan,5,2026-04-17 05:03:48,Positif
apk nya bagus cuma akun saya belum tersedia fitur dana cicil,5,2026-04-17 05:03:06,Positif
sangat baik,5,2026-04-17 05:00:58,Positif
terbaik,5,2026-04-17 05:00:16,Positif
sangat bgus,5,2026-04-17 04:52:51,Positif
sangat bagus,5,2026-04-17 04:52:27,Positif
okelah,5,2026-04-17 04:51:34,Positif
dana sangat baik buat saya.saya suka pkai dana apalagi klu kirim itu gratis,4,2026-04-17 04:50:21,Positif
"aplikasi tidak bertanggung jawab,yang belom ketipu harap beralih ke aplikasi yang terpercaya, karena saya baru mengalami saldo hilang dan pihak dana tidak bertanggung jawab",1,2026-04-17 04:49:39,Negatif
gk jelas payah,1,2026-04-17 04:49:33,Negatif
"bagaiman ini mau login no hp tidak aktif JD ribet ,pahadal ada email dan password benar duh",1,2026-04-17 04:47:01,Negatif
sangat bagus,5,2026-04-17 04:43:14,Positif
Terima kasih,5,2026-04-17 04:43:05,Positif
sering di ambil tiba tiba,4,2026-04-17 04:42:21,Positif
terpercaya,5,2026-04-17 04:42:16,Positif
sya minta pitur dana instan belm punya pitur dana instan,5,2026-04-17 04:40:23,Positif
sangat baik,5,2026-04-17 04:38:53,Positif
aplikasi ga jelas ga bisa login gara gara nomor hp hilang aneh sudah dimasukin pin sudah verifikasi wajah tetap aja tidak bisa login harus pakai otp aneh kan,1,2026-04-17 04:35:19,Negatif
Alhamdulillah transfer lebih murah dan mudah 😇😇😇,5,2026-04-17 04:33:11,Positif
lumayan 😏😏😏😏,4,2026-04-17 04:32:23,Positif
sangat bagus,5,2026-04-17 04:30:58,Positif
mantap,5,2026-04-17 04:30:11,Positif
jelek banget,1,2026-04-17 04:28:30,Negatif
kanapa saya kirim uang selalu gak bisa pasti ada kendala,4,2026-04-17 04:26:20,Positif
bagus aplikasi nya,5,2026-04-17 04:23:51,Positif
sangat bagus,5,2026-04-17 04:23:28,Positif
sidik jari aja,5,2026-04-17 04:23:04,Positif
dengan menggunakan Dana sangat memuaskan,5,2026-04-17 04:21:40,Positif
jos,5,2026-04-17 04:21:24,Positif
sangat membantu!,5,2026-04-17 04:21:13,Positif
DANA instan kenapa yaa gak bisa di gunakan....padahal limit saya ada..!??,5,2026-04-17 04:20:47,Positif
bagus,5,2026-04-17 04:20:19,Positif
💯,5,2026-04-17 04:17:33,Positif
mantap,5,2026-04-17 04:16:04,Positif
"ganti nomer aja aja di persulit,dana emang ga bagus kaya dulu",1,2026-04-17 04:13:00,Negatif
sangat bagus,5,2026-04-17 04:10:22,Positif
"mudah gampang dlm trqnsaksi,tolong tingkatkan keamanan.",5,2026-04-17 04:07:46,Positif
semoga bermanfaat,5,2026-04-17 04:03:09,Positif
Bgus,5,2026-04-17 04:02:02,Positif
tolobg di aktipkan fiktur dana cicil saya,5,2026-04-17 03:57:53,Positif
cepat dan bagus,5,2026-04-17 03:51:25,Positif
sangat baik,5,2026-04-17 03:50:58,Positif
dana jelek uang saya hilang di dana jelkkkkkkk,1,2026-04-17 03:46:26,Negatif
sangat baik sekali. mantap. keren. bagus. terimakasih pengembang aplikasi dana yg sangat hebat ini,5,2026-04-17 03:46:03,Positif
sangat cepat proses transaksinya,5,2026-04-17 03:45:59,Positif
mudah dan cepat,5,2026-04-17 03:45:19,Positif
bagus banget,5,2026-04-17 03:44:31,Positif
Tolong tingkatkan kualitas keamanan dana karna saya tidak merasa melakukan transaksi di akun google kenapa ada transaksi,2,2026-04-17 03:44:12,Negatif
ok,5,2026-04-17 03:43:15,Positif
ini gmna ko dana tlah belakhir,5,2026-04-17 03:42:45,Positif
ok sangat baik,5,2026-04-17 03:42:29,Positif
mantap,5,2026-04-17 03:41:45,Positif
premiumnya tidak bisa di pindah,2,2026-04-17 03:39:46,Negatif
"Mantap aplikasi ini, bisa tarik uang tanpa kartu atm",5,2026-04-17 03:32:20,Positif
Alhamdulillah dengan memakai Dana pembayaran lebih mudah dan cepat terima kasih Dana,5,2026-04-17 03:30:06,Positif
mantap,5,2026-04-17 03:29:59,Positif
🥰,5,2026-04-17 03:29:50,Positif
bagus,5,2026-04-17 03:28:08,Positif
bagus,5,2026-04-17 03:27:26,Positif
mntaaf,5,2026-04-17 03:26:52,Positif
mantap,4,2026-04-17 03:25:43,Positif
alhamdulilah ke bantu transfer ke DANA,4,2026-04-17 03:25:39,Positif
baik,5,2026-04-17 03:23:25,Positif
cepat pengingiman cepat penerimaan 😊,4,2026-04-17 03:23:03,Positif
"Sudah pelayanan yang buruk dan lambat , tidak ada pihak pasti yang bisa dihubungi",1,2026-04-17 03:22:40,Negatif
sangat membantu,5,2026-04-17 03:20:50,Positif
"penarikan DANA INSTAN tidak masuk ke Rekening saya , sudah 17 hari , saya capek nunggu , transaksi sudah berhasil tetapi dana tidak masuk",1,2026-04-17 03:19:57,Negatif
krennn,5,2026-04-17 03:19:22,Positif
bintang yg menentukan,5,2026-04-17 03:19:14,Positif
baik,5,2026-04-17 03:18:19,Positif
smoga apk ini lancar terus sampao 2030,5,2026-04-17 03:18:07,Positif
aplikasix bagus🥰,5,2026-04-17 03:15:21,Positif
"mnurutku aplikasiny udh bguus sii, cuma klO bru prtma d buka kok agk Lemot yaa, tdk bs Lngsung cpet gtu, itu knpa, & fitur²ny juga Lngkp & komplit, tpi mnurutku fitur² yg tdk pntng tdk ush d cntumkn, COz mnurutku kbnyakn fitur²ny sii, itu aj sran dri sya .",5,2026-04-17 03:07:14,Positif
sangat membantu dan amanah..,5,2026-04-17 03:04:38,Positif
sangat membantu dalam ke uangan,5,2026-04-17 03:03:12,Positif
dana saya yang no kartu nya yang gak ada lagi bisa tampil kembali Tampa otp,5,2026-04-17 03:02:23,Positif
kurang puas,4,2026-04-17 03:00:15,Positif
sempurna,5,2026-04-17 02:59:17,Positif
tiba2 bisa bayar sendri aja dia,2,2026-04-17 02:58:00,Negatif
"setelah top up, mau kirim, malah disuruh upgrade, setelah upgrade dan dinyatakan berhasil kembali ke kirim uang, setelah klik kirim uang.. malah suruh upgrade, alhasil duit gua tertahan..",1,2026-04-17 02:56:47,Negatif
ok,5,2026-04-17 02:54:37,Positif
good,5,2026-04-17 02:50:32,Positif
Good,5,2026-04-17 02:49:55,Positif
matp,5,2026-04-17 02:42:47,Positif
bagus,5,2026-04-17 02:41:51,Positif
saldo saya tiba-tiba hilang /transaksi dengan sendirinya,5,2026-04-17 02:40:32,Positif
sangat membantu,5,2026-04-17 02:38:47,Positif
"barusan saja pakai aplikasi ini, lumayan bagus sangat membantu",4,2026-04-17 02:37:40,Positif
sangat bermanfaat.. semoga makin lancar,5,2026-04-17 02:35:58,Positif
"Tolong aplikasi DANA dibersihkan dari fitur tidak penting! Game pihak ketiga, DANA Plus, investasi emas, dan lain-lain itu tidak perlu, cuma bikin aplikasi berat dan sering error. Kadang mau transaksi malah salah tekan ke fitur poin atau investasi yang tidak jelas. Kembalikan fungsi DANA sebagai dompet digital yang simpel dan ringan, jangan dipaksa pakai fitur pihak ketiga yang bikin ribet!...",2,2026-04-17 02:32:00,Negatif
mantap sangat membantu😊👍,4,2026-04-17 02:27:32,Positif
saya puaas memakai dana untuk jangka panjang slama ini,5,2026-04-17 02:26:41,Positif
pelayanan nya cepat dan ramah.,5,2026-04-17 02:22:55,Positif
sippp,5,2026-04-17 02:22:30,Positif
sangat memuaskan,5,2026-04-17 02:21:49,Positif
mantabbbbb...,5,2026-04-17 02:18:35,Positif
bagus,5,2026-04-17 02:16:58,Positif
sangat baik,5,2026-04-17 02:14:09,Positif
"maaf sebelumnya kurang teliti soal akun saya yang gak bisa masuk ternyata nomor yang saya pakai sudah gak aktif SIM card nya, dan sekarang udah bisa karena udah Gati nomor baru, maaf min🙏😁",5,2026-04-17 02:13:29,Positif
hebat,5,2026-04-17 02:13:08,Positif
mantap,5,2026-04-17 02:10:14,Positif
bagus,5,2026-04-17 02:07:52,Positif
kenapa aplikasi ini nampilkan koneksi internetmu terputus nih. heran aku padahal udah isi paket data. tolong diperbaiki ya dana,5,2026-04-17 02:06:12,Positif
tidak terlalu baik,5,2026-04-17 02:05:03,Positif
di akun ko ga bisa pake no yg sama,4,2026-04-17 02:04:21,Positif
tidak bisa buka dana krn harus ada otp pdahal sering buka tp pas mau login ga bisa kartu yg d pakai sudah tidak ada. gimana iya?,3,2026-04-17 01:57:23,Netral
jasjos apk ini,5,2026-04-17 01:56:53,Positif
mantab,5,2026-04-17 01:55:05,Positif
baik,5,2026-04-17 01:54:41,Positif
sangat baik,5,2026-04-17 01:53:16,Positif
bagus,5,2026-04-17 01:47:24,Positif
"gua saranin yg mau download apk ini,,mending ga usah...dsn yg udah download mending di hapus aja,,sangat"" tidak rekomendasi ... pake dana semenjak keluar aplikasinya,tapi sampai saat ini belum muncul juga dana cicil nya...gua hapus aja ini apk,apk ga bermutu",1,2026-04-17 01:45:29,Negatif
bagus,5,2026-04-17 01:39:35,Positif
belum bisa dana,5,2026-04-17 01:39:31,Positif
dana sangat penting dalam proses transaksi keuangan dan aman dompet nya,5,2026-04-17 01:36:44,Positif
Seneng sekali mengguna kan apk Dana,5,2026-04-17 01:36:05,Positif
filtur dana cicil tolong di kirim ke dana saya,5,2026-04-17 01:35:16,Positif
cara mengaktifkan dana cicil dong yg tau,3,2026-04-17 01:34:46,Netral
aktipkan aplikasi nya bosku,5,2026-04-17 01:31:02,Positif
💗💗💗💗💗💗🗿🗿🗿 .,5,2026-04-17 01:30:52,Positif
lumayan,4,2026-04-17 01:29:41,Positif
saya udah gunain apk dana udah lama dan saya juga sering kok pake dana untuk keperluan tpi kok saya belum dapat fitur dana cicil sih....,4,2026-04-17 01:29:35,Positif
parah GK bisa memberikan solusi!!!,1,2026-04-17 01:29:25,Negatif
parah masa saya mau nerima uang harus qris qris ny ga bisa padahal hp versi Android 12 ram 4 dan Internet stabil hadeuh kecewa sama dana,1,2026-04-17 01:27:35,Negatif
sangat memuaskan menggunakan dana,5,2026-04-17 01:26:48,Positif
bagus,5,2026-04-17 01:23:05,Positif
bagus,5,2026-04-17 01:23:01,Positif
"sangat membantu saya , terima kasih🙏",5,2026-04-17 01:22:10,Positif
udh sering di perbarui kenapa ga garcep kaya orang orang tampilan danaku,4,2026-04-17 01:21:58,Positif
cepat n mudah,5,2026-04-17 01:21:12,Positif
maturnuwun,5,2026-04-17 01:19:11,Positif
dana yang bagus,5,2026-04-17 01:18:28,Positif
"cepat dan GK ribet,sangat puas lah",5,2026-04-17 01:15:52,Positif
bagus sekali aplikasi ini,5,2026-04-17 01:13:21,Positif
kerja,5,2026-04-17 01:13:16,Positif
baik,5,2026-04-17 01:08:02,Positif
sanggar puas bagus dan membantu,5,2026-04-17 01:07:16,Positif
"aplikasi ini sangat bagus dan sangat membantu,semoga selalu bagus",5,2026-04-17 01:05:16,Positif
Good Job,5,2026-04-17 01:04:49,Positif
"sangat bagus aplikasinya, mudah cepat 👍👍",5,2026-04-17 01:00:32,Positif
mantap,5,2026-04-17 01:00:02,Positif
cocok buat tranfer ke orang lain,5,2026-04-17 00:57:28,Positif
ka kenpa saya tidak bisa menarik uang saya di dana gold dan mengapa kamera untuk verifikasi wajah berganti hitam putih tolong bantu,5,2026-04-17 00:57:08,Positif
Baek,5,2026-04-17 00:52:24,Positif
sangat membantu..🙏🏻,5,2026-04-17 00:48:11,Positif
"sangat menbantu dalam urusan transfer, token dan pulsa",5,2026-04-17 00:43:09,Positif
"menurut saya aplikasi ini lumayan praktis buat simpan uang, bisa buat sayang lebih hemat juga karena bisa liat pengeluaran berapa. tapi tolong dong keamanan nya di tingkatkan lagi, saya pernah kehilangan uang 900 ribu di akun dana, tiba tiba aja uangnya hilang, sepertinya di retas atau apalah. semenjak itu jadi trauma simpan uang disini lagi.",2,2026-04-17 00:41:54,Negatif
keren,5,2026-04-17 00:41:06,Positif
"sangat, mengintungkan",5,2026-04-17 00:39:44,Positif
ga bagus,1,2026-04-17 00:22:41,Negatif
mantaf,5,2026-04-17 00:20:00,Positif
super keren dan terbaik,5,2026-04-17 00:18:55,Positif
mantap,5,2026-04-17 00:18:50,Positif
sangat baik,4,2026-04-17 00:18:07,Positif
saldo sering terjadi transaksi dengan tidak sengaja tanpa persetujuan apk ini kurang rekomendasi,1,2026-04-17 00:16:02,Negatif
ok,5,2026-04-17 00:12:37,Positif
puas la,5,2026-04-17 00:06:07,Positif
"praktis,mantap banyak kemudahan",5,2026-04-17 00:05:02,Positif
lebih praktis,2,2026-04-17 00:04:53,Negatif
saya pengguna lama tapi tidak dapat fitur dana cicil.. sedangkan di apk lain sya tidak ada macet pembayaran .. ngajuin tp tidak pernah dapat !!,5,2026-04-17 00:01:26,Positif
ada kendala lama verivikasi nya..mau transaksi masa lelet penanganan nya,1,2026-04-16 23:59:58,Negatif
bagus,5,2026-04-16 23:51:08,Positif
sukses slalu amin.,5,2026-04-16 23:49:55,Positif
mantap,5,2026-04-16 23:49:20,Positif
sangat cepat,1,2026-04-16 23:47:27,Negatif
Hampir semua nya bagus. Hanya saja fitur dana cicil susah banget aktivasi nya gagal terus.,5,2026-04-16 23:46:21,Positif
bagus bangett aplikasi,5,2026-04-16 23:40:17,Positif
bagus,5,2026-04-16 23:39:34,Positif
kakk aq log in tapi stak di masuk aja gimana dong sampe aq hapus download lagi,5,2026-04-16 23:39:29,Positif
mudah digunakan,5,2026-04-16 23:38:36,Positif
gacor,5,2026-04-16 23:36:05,Positif
🫰🫰👍👍,5,2026-04-16 23:33:29,Positif
oke,5,2026-04-16 23:31:15,Positif
sangat mudah dan praktis,5,2026-04-16 23:30:06,Positif
"saya di rugikan oleh pihak dana,saya sangat butuh penjelasan oleh pihak dana,kenapa saldo saya tidak bisa di kembalikan,hal ini bukan sekali malah 2 kali seperti ini pihak dana merugikan saya",1,2026-04-16 23:28:19,Negatif
terus tingkatkan keamanan di aplikasi ini,5,2026-04-16 23:21:58,Positif
dana cicil,5,2026-04-16 23:16:14,Positif
gx bisa di buka gx tau knpa,1,2026-04-16 23:14:32,Negatif
DANA sangat membantu proses segala transaksi keuanganku.👍,5,2026-04-16 23:12:09,Positif
maaf saya uninstal dan tdk rekomendasi karena saldo saya terpotong otomatis sudah menanyakan ke CS terkait hal ini tp jawabannya cuma muter2..,1,2026-04-16 23:10:27,Negatif
bagus,5,2026-04-16 23:10:18,Positif
baik,5,2026-04-16 23:08:39,Positif
dana cepat.proses lancar,5,2026-04-16 23:07:28,Positif
bisa menggunakan dana Cici,5,2026-04-16 23:06:15,Positif
"baru pertama x pkai dana ternyata enk dan mudah y,kenapa GK dr dulu pkai y hehehhe",5,2026-04-16 23:05:34,Positif
oke sip lah,5,2026-04-16 23:04:50,Positif
buruk,1,2026-04-16 22:57:03,Negatif
bukan sedikit uang danaku yg di embat pt 650rb aku jijik dgn aplikasi dana uangku habis total dana tdk bisa membantu aku untuk melaporkan pt yg telah memberi link ternyata uangku yg di ambil bikin laporan percuma tdk ada respon,1,2026-04-16 22:55:07,Negatif
bagus sekali pake dna,5,2026-04-16 22:54:32,Positif
👍👍👍,5,2026-04-16 22:46:18,Positif
sangat membantu,5,2026-04-16 22:42:32,Positif
aplikasi pepek... bisa bisa nya orang lain transaksi pulsa di akun ku...jadi hilang saldo ku,5,2026-04-16 22:41:35,Positif
good,5,2026-04-16 22:40:09,Positif
bagus,5,2026-04-16 22:36:50,Positif
"sudah di upgrade masih saja gak bisa di gunakan kirim / di gunakan apapun, perintahnya suruh upgrade mulu",3,2026-04-16 22:34:06,Netral
"dana plus nya error, saat melakukan penarikan udah verifikasi wajah gagal terus , tolong segera dibenerin, saya mau narik dana jadi ga bisa mana saldonya banyak disitu",3,2026-04-16 22:32:55,Netral
aplikasi bagus,5,2026-04-16 22:30:42,Positif
fitur dana cicil tidak bisa diaktivasi,4,2026-04-16 22:27:25,Positif
aku mau daftar dana bisnis tapi pas mau daftar terbaca belum premium. padahal aku udah premium.,2,2026-04-16 22:22:30,Negatif
allhamdulilah saldo yg hilang di qris bisnis total 194 udh balik .,5,2026-04-16 22:15:35,Positif
terbaik,5,2026-04-16 22:09:10,Positif
sangat bagus untuk menyimpan uang,5,2026-04-16 22:06:24,Positif
baik,5,2026-04-16 22:03:33,Positif
bagus,5,2026-04-16 22:03:23,Positif
mantap,5,2026-04-16 21:52:02,Positif
ok,5,2026-04-16 21:42:48,Positif
dana cicil,5,2026-04-16 21:25:12,Positif
👍👍👍,5,2026-04-16 21:23:26,Positif
bagus dan fraktis,5,2026-04-16 21:23:09,Positif
langsung cari,5,2026-04-16 21:20:44,Positif
bagus,5,2026-04-16 21:18:41,Positif
gabung beta,1,2026-04-16 21:15:40,Negatif
ok,5,2026-04-16 21:12:46,Positif
topp,5,2026-04-16 21:12:16,Positif
keren,4,2026-04-16 21:05:37,Positif
dana cicil syh tidak sediyh kenpa iya,5,2026-04-16 21:00:21,Positif
matap,5,2026-04-16 21:00:01,Positif
Ngajukan dana cicil,5,2026-04-16 20:57:41,Positif
aplikasi ini sangat bagus,5,2026-04-16 20:57:12,Positif
"kenapa di akun dana saya tidak muncul dana cicil, kata nya limit nya masih dikit, padahal saya sudah lama memakai dana coba koreksi lg klo ada yg salah, apa memang tergantung dari pihak dana nya?",5,2026-04-16 20:56:43,Positif
saldo Dana bisnis saya hilang. dan tidak ada cara untuk membantu mengatasi masalah saya.,5,2026-04-16 20:50:48,Positif
"sudah bertahun-tahun menggunakan aplikasi dana premium, tetapi pengajuan dana cicil tidak diterima ,diakun saya .",3,2026-04-16 20:49:37,Netral
sanggat bagus,5,2026-04-16 20:47:07,Positif
ok,5,2026-04-16 20:46:52,Positif
nice,5,2026-04-16 20:45:31,Positif
knapa dana cicil saya belum juga aktif atas nama edo harison. saya pengguna sangat lama loh pakai apk dana!!!,1,2026-04-16 20:44:58,Negatif
mantap,5,2026-04-16 20:44:50,Positif
bagus,5,2026-04-16 20:42:09,Positif
bagus,5,2026-04-16 20:37:33,Positif
"kenapa akun sy tidak muncul fitur dana cicil, padahal setiap hari sering transaksi, knpa masih blm muncul juga, tolong kerja sama nya min",1,2026-04-16 20:36:27,Negatif
Aplikasi yg bagus... fiturnya lengkap dan akurat,5,2026-04-16 20:33:46,Positif
makin mudah😉,5,2026-04-16 20:33:00,Positif
untuk fitur dana cicil tolong dong di permudah dalam aktivitasi,5,2026-04-16 20:32:09,Positif
menyenangkan,3,2026-04-16 20:10:53,Netral
bagus memuaskan,5,2026-04-16 20:10:13,Positif
👍🏻,4,2026-04-16 20:04:28,Positif
sangat praktis,5,2026-04-16 20:04:19,Positif
ini lebih baik. yaa itu menurutku,5,2026-04-16 20:00:50,Positif
dana luar bisa serba bisa,5,2026-04-16 19:58:47,Positif
bagus,5,2026-04-16 19:56:42,Positif
bagus,5,2026-04-16 19:56:29,Positif
"hay,kenapa dana sekarang tidak bisa membeli token listrik lagi,biasa ada tetera utk pembelian token listrik,ini kok malah tdk jisa lagi,mohon penjelasanya🙏",4,2026-04-16 19:56:11,Positif
bgus,5,2026-04-16 19:50:11,Positif
bagus,5,2026-04-16 19:50:10,Positif
admin nya gede banget 1500 nguras banget setiap isi saldo😑,1,2026-04-16 19:49:49,Negatif
Oke,5,2026-04-16 19:49:19,Positif
bagus,5,2026-04-16 19:47:29,Positif
dana bagus,5,2026-04-16 19:39:36,Positif
top,5,2026-04-16 19:39:27,Positif
baik memudahkan melakukan transaksi pembayatan dan penerima transaksi keuangan tanpa ribet,5,2026-04-16 19:33:56,Positif
Mantap,5,2026-04-16 19:32:36,Positif
apikasi ini bagus sekali bisamebantu sayah,4,2026-04-16 19:24:00,Positif
top,5,2026-04-16 19:23:13,Positif
dana cicil tidak ada muncul,5,2026-04-16 19:21:59,Positif
memudahkan pembayaran,5,2026-04-16 19:21:21,Positif
mantap,5,2026-04-16 19:17:59,Positif
"hp saya dan kartunya hilang min dikartu tersebut ada akun dana saya,udah saya loginin tapi harus verifikasi whatsapp min sedangkan kartu saya hilang tolong bantuin saya min🙏🏻🙏🏻",5,2026-04-16 19:12:02,Positif
aplikasi dana bagus,5,2026-04-16 19:08:41,Positif
mantap gan puas sekali,5,2026-04-16 18:59:22,Positif
baguss luar biasa,5,2026-04-16 18:57:17,Positif
assalamualaikum,5,2026-04-16 18:51:55,Positif
"jangan pake apk sampah ini, bisa""nya aku saya terhubung dengan myTelkomsel tanpa persetujuan saya dana tiba-tiba saldo saya hilang semua udh saya laporkan tapi katanya transaksinya sesuai dengan syarat keamanan mereka padahal mereka juga kasih notif proteksi si riwayat transaksi nya",1,2026-04-16 18:47:50,Negatif
terbaik & amanah,5,2026-04-16 18:46:38,Positif
cukup puas dan nyaman,5,2026-04-16 18:46:31,Positif
sungguh bermanfaat,5,2026-04-16 18:45:34,Positif
Sangat praktis dan mudah untuk digunakan berbagai jenis transaksi,5,2026-04-16 18:44:51,Positif
kenapa limit ku kok gk bisa dipakai,1,2026-04-16 18:42:26,Negatif
Mantappp,4,2026-04-16 18:40:45,Positif
baik,5,2026-04-16 18:36:36,Positif
sangat memuaskan,5,2026-04-16 18:36:26,Positif
"aplikasi nya bagus,proses cepat,tapi proses pencetakan qris nya lama sekali bisa sampai lebih dari seminggu,padahal saya butuh cepat untuk bisnis saya,sampai sekarang saat saya rating pun qria dana bisnis nya belum jadi🤦🏻",4,2026-04-16 18:32:03,Positif
kenapa akhir ini dana cicil saya gak bisa di pakai,5,2026-04-16 18:30:12,Positif
sangat bagus,5,2026-04-16 18:30:03,Positif
banyak transaksi tapi masih gaada dana cicil aneh apk jelek,2,2026-04-16 18:26:52,Negatif
bagus,5,2026-04-16 18:26:51,Positif
mantaff,5,2026-04-16 18:20:02,Positif
aplikasi busuk,1,2026-04-16 18:19:44,Negatif
ok mantap,5,2026-04-16 18:15:18,Positif
fitur dana cicil tidak muncul muncul,5,2026-04-16 18:14:42,Positif
saya sudah mengajukan fitur dana cicil satu bulan yang lalu tapi sampe sekarang fitur dana cicil tidak ada di akun dana saya? padahal saya pengguna lama tapi fitur dana cicil tidak ada hadehhh,4,2026-04-16 18:09:25,Positif
ok,5,2026-04-16 18:07:11,Positif
sangat memuaskan,5,2026-04-16 18:01:32,Positif
sumpah ni pelayanan nya bener2 parah . minta bantuan sama ajha ngomong sama binatang tidak jelas . pilihan minta kode otp hanya lewat email . dan TDK ada pilihan lagi . sedang kan email gua hilang . bener2 buruk,1,2026-04-16 18:01:28,Negatif
"dana cicil udah aktif tapi tidak bisa buat transaksi ,buat aph kalo ada fitur dana cicil tpi tidak bisa di gunakan ,sangat kecewa",3,2026-04-16 18:00:21,Netral
"biasanya masukin kode sama verifikasi wajah udah masuk ke akun, lah sekarang ada kode otp sedangkan nomer yang saya gunakan sudah tidak aktif, mana didalam ada saldo 1 jt lebih. kek mana ini aplikasi dana.",1,2026-04-16 17:59:38,Negatif
sangat membantu,5,2026-04-16 17:57:40,Positif
mantap,5,2026-04-16 17:57:17,Positif
kenapa dana cicil tidak ada akun dana saya,4,2026-04-16 17:56:42,Positif
tolong munculkan FITUR DANA INSTAN DI AKUN AKU..,5,2026-04-16 17:53:28,Positif
nomor saya sudah hilang dan di akun saya ada saldonya 107k tapi saya gbsa login lgi ke akun tersebut tolong min kasih solusi untuk pin nya saya masih inget namun dana saya belum prem yg itu,5,2026-04-16 17:52:39,Positif
sangat berguna,5,2026-04-16 17:49:19,Positif
sangat bagus,5,2026-04-16 17:46:21,Positif
sangat puas,5,2026-04-16 17:44:45,Positif
"sudah lama pakai dana dan banyak bertransaksi sudah premium juga fitur pun lengkap tapi hanya satu yg kurang dana instan di akun saya masih tetep tidak muncul padahal sudah premium dan banyak bertransaksi minta bantuan Diana pun masih tetep tidak membantu apalagi di help center pertanyaan dana instan nya tidak ada emng anehh, kecewa sii",3,2026-04-16 17:44:07,Netral
baik,5,2026-04-16 17:43:43,Positif
mantap,5,2026-04-16 17:43:05,Positif
keren apk nya,5,2026-04-16 17:39:14,Positif
mantap,5,2026-04-16 17:39:06,Positif
mantap,5,2026-04-16 17:34:53,Positif
"fitur dana instan belum muncul,sudah premium,sudah update",5,2026-04-16 17:33:24,Positif
tolong tambahin limit lagi dong,5,2026-04-16 17:28:18,Positif
josss👍👍,5,2026-04-16 17:25:07,Positif
walaupun dana cicil saya gak bisa di pakai saya kasih bintang 5,5,2026-04-16 17:24:36,Positif
tidak bisa login dan tidak ada respon dari pihak dana sedagan di dalam akun lama ada saldonya cuma karna gk bisa login karna nomornya hangus,2,2026-04-16 17:23:58,Negatif
sangat membantu,5,2026-04-16 17:22:28,Positif
amanah🫶🫶🥰,5,2026-04-16 17:22:02,Positif
baik,5,2026-04-16 17:20:41,Positif
mantap,5,2026-04-16 17:20:23,Positif
"sangat membantu untuk transaksi kirim uang ke mna pun,",5,2026-04-16 17:18:04,Positif
"apk ini kenapa ga Aman, uang saya sering hilang tiba tiba, dan tida ada notifikasi dari pihak mana yang ngambil uang saya, mohon perhatikan lagi ke amananya",5,2026-04-16 17:16:36,Positif
bagus,5,2026-04-16 17:15:37,Positif
dana bisnis tiba tiba ilang setelah konsultasi admin magang bales cuma make bot gabis jelasin disuruh chat atasan sama aja balesnya gajelas nyesel gw pake dana,1,2026-04-16 17:14:10,Negatif
terimakasih,5,2026-04-16 17:13:40,Positif
sangat membantu sekali aplikasi dana ini,5,2026-04-16 17:12:57,Positif
"aplikasi tolol, sering banget saldo kepotong..",1,2026-04-16 17:12:18,Negatif
sangat puas.,5,2026-04-16 17:10:30,Positif
"mantap , TPI syng dana cicil ku tidak tersedia",5,2026-04-16 17:10:07,Positif
kenapa sekarang mau mengirim uang sudah tidak bisa lagi padahal jaringan lagi bagus tapi tidak bisa kirim katanya masalah koneksi.,2,2026-04-16 17:07:10,Negatif
sangat baik,5,2026-04-16 17:07:03,Positif
semoga semakin menjadi unggulan,4,2026-04-16 17:03:13,Positif
good,5,2026-04-16 17:00:35,Positif
mantap,5,2026-04-16 16:59:23,Positif
semoga memuaskan,5,2026-04-16 16:58:52,Positif
good,5,2026-04-16 16:58:14,Positif
baik,5,2026-04-16 16:56:10,Positif
saya 2x download. tapi g bisa dipake alasan jaringan,4,2026-04-16 16:52:57,Positif
bagus,5,2026-04-16 16:52:43,Positif
seneng pke aplikasi ini JD mudah TF dan beli plsa dll,5,2026-04-16 16:51:58,Positif
ok,5,2026-04-16 16:49:09,Positif
kirim uang jadi lebih gampang...cukupp dari rumahh...👍,5,2026-04-16 16:49:04,Positif
Terkadang terkendala pengiriman,5,2026-04-16 16:47:15,Positif
bagus,5,2026-04-16 16:45:44,Positif
good job,5,2026-04-16 16:44:35,Positif
jangan sekali membiarkan uang di aplikasi ini karana sering hilang tanpa jejak,1,2026-04-16 16:34:40,Negatif
supuer,5,2026-04-16 16:34:27,Positif
kenapa mau bayar pake dana sekarang susah padahal yg dulu lebih bagus,1,2026-04-16 16:33:45,Negatif
Baik,5,2026-04-16 16:33:25,Positif
tidak bisa bust akun/error,2,2026-04-16 16:31:03,Negatif
sangat baguss,5,2026-04-16 16:27:50,Positif
saya suka cepat dan mudah,5,2026-04-16 16:26:26,Positif
sangat bagus,5,2026-04-16 16:26:25,Positif
kenapa dana punya saya ngak ada dana cicil nya kak buat pinjem uang,2,2026-04-16 16:21:50,Negatif
puas kali pakai dana,5,2026-04-16 16:18:19,Positif
"sudah berapa hari ini akun dana saya tidak bisa d pakai karna kesalahan jaringan ,padahal jaringan nya bagus2 aja ,dan skrng sudah saya logout masuk lagi tidak bisa ? ada yang bisa membantu ?",5,2026-04-16 16:17:10,Positif
mantap,5,2026-04-16 16:16:45,Positif
jos,5,2026-04-16 16:16:03,Positif
kenapa tidak bisa masuk tulisanya KONEKSI TIDAK TERHUBUNG SAAT INI terus,1,2026-04-16 16:09:25,Negatif
hy kk ..ko sekarang susah buka aplikasi dana nya,5,2026-04-16 16:08:51,Positif
TOP,5,2026-04-16 16:08:44,Positif
bagus,5,2026-04-16 16:06:23,Positif
"sangat memudahkan untuk transaksi, atau belanja",5,2026-04-16 16:03:53,Positif
ok,5,2026-04-16 16:02:08,Positif
good,5,2026-04-16 15:58:17,Positif
saya suka apk ini karena liat tmen pada punya.. tp pas mau di jadiin premium ko katanya ktp udah di pake padahal saya ga ngerasa udah pake dana.. gimana ini,5,2026-04-16 15:57:49,Positif
Tidak muncul fitur dana cicil mohon bantuannys,5,2026-04-16 15:57:07,Positif
Tolong aktifkan dana cicil gan,5,2026-04-16 15:56:42,Positif
bgus,5,2026-04-16 15:56:22,Positif
bagus mempermudah pembayaran online,5,2026-04-16 15:55:26,Positif
kenapa akun dana saya gk ada Dana cicil ya,2,2026-04-16 15:54:28,Negatif
aplikasi yang bagus dan efektif ..,5,2026-04-16 15:54:21,Positif
seperti biyasa,5,2026-04-16 15:54:03,Positif
ok bngt,5,2026-04-16 15:53:50,Positif
bagus,5,2026-04-16 15:53:43,Positif
kurang dana instan,5,2026-04-16 15:52:59,Positif
mantap,5,2026-04-16 15:52:05,Positif
sangat membantu dan yang pasti aman,5,2026-04-16 15:50:21,Positif
gak pernah dpet dana paylater,5,2026-04-16 15:48:45,Positif
sangat bagus,5,2026-04-16 15:46:59,Positif
NICE,5,2026-04-16 15:46:08,Positif
Top,5,2026-04-16 15:42:56,Positif
"kenapa si gabisa gabti no hp yg udah ga aktif kan akun saya jadi gabisa kebuka padahal ktp saya sendiri akun saya sendiri dibuat seribet ini tolong dana perbaiki lah, boleh ribet asal ada solusi nya inimah gada solusi nya",2,2026-04-16 15:42:25,Negatif
butuh bantuan buat premiumin dana,5,2026-04-16 15:41:56,Positif
sangat baik di gunakan untuk transfer ke mana pun,5,2026-04-16 15:40:43,Positif
mantap pelayanan nya,5,2026-04-16 15:39:51,Positif
sangat bagus,5,2026-04-16 15:39:44,Positif
good,5,2026-04-16 15:37:41,Positif
sangat bagus,5,2026-04-16 15:36:59,Positif
bagus,5,2026-04-16 15:36:45,Positif
mantap,5,2026-04-16 15:36:11,Positif
"sangat-sangat mengecewakan,melakukan transaksi Tanpa memberi tahu pemilik akun terlebih dahulu",1,2026-04-16 15:32:53,Negatif
mantabbb,5,2026-04-16 15:32:11,Positif
kok gak ada dana cicilnya,1,2026-04-16 15:31:34,Negatif
mantap,5,2026-04-16 15:31:20,Positif
aplikasi yang sangat bagus dan mudah untuk transaksi,5,2026-04-16 15:31:14,Positif
dana manual situs belum keluar bosku,5,2026-04-16 15:28:56,Positif
sangat membantu,5,2026-04-16 15:25:03,Positif
pelaut,5,2026-04-16 15:24:28,Positif
sangat berguna,5,2026-04-16 15:24:25,Positif
mantap,5,2026-04-16 15:24:20,Positif
baik,5,2026-04-16 15:24:09,Positif
maaf k di akun dana saya gk ada pitur dana cicil nya mohon di ada kan,4,2026-04-16 15:22:17,Positif
bagus sangat membantu,5,2026-04-16 15:22:09,Positif
sangat bagus,5,2026-04-16 15:18:29,Positif
duit hilang di dana 129.000 -+ tolong mohon bantuan kpd pihak dana apakah ini bug atau bagaimana 129.000 -+ hilang tinggal sisa 0,1,2026-04-16 15:16:34,Negatif
sangat mudah untuk digunakan. puas sekali,5,2026-04-16 15:15:24,Positif
mantap,5,2026-04-16 15:14:50,Positif
dana emang dari dulu emang terbaik terimakasih appk dana,5,2026-04-16 15:13:40,Positif
"respon nya sangat lama dan harus memerlukan waktu berhari hari, tolong diperbaiki",1,2026-04-16 15:13:15,Negatif
sangat memuaskan,5,2026-04-16 15:12:18,Positif
jelek banget upgrade ke dana premium gagal tapi dipalak 5000 pula,1,2026-04-16 15:11:22,Negatif
"ada bug yang paling rusuh yaitu bug proses upgrade dana premium,padahal saya sudah selesai verifikasi nya dan sudah terdapat tulisan nikmati fitur premunya tapi sampai sekarang masih belum bisa,yang lebih parahnya saya sudah tunggu dari 1 Minggu yang lalu,tolong pihak dari dana segera diperbaiki bug ini",3,2026-04-16 15:11:01,Netral
Semenjak DNS saya matikan kok Dana ada iklan Judol nya sih,1,2026-04-16 15:07:51,Negatif
mantap,5,2026-04-16 15:07:22,Positif
good,5,2026-04-16 15:06:46,Positif
mntap,5,2026-04-16 15:06:08,Positif
bagus,5,2026-04-16 15:05:05,Positif
"bagus banget, tapi kapan yaaa layanan scan qris di dana bisnis bisa dipakai?aku butuh banget plisss secepatnya dongg",5,2026-04-16 15:04:44,Positif
upgrade dana premium lama tolong di bantu,1,2026-04-16 15:02:29,Negatif
baguss,5,2026-04-16 15:01:25,Positif
Kren banget,5,2026-04-16 15:00:55,Positif
bocor,5,2026-04-16 14:59:38,Positif
mantap,5,2026-04-16 14:59:20,Positif
good,5,2026-04-16 14:58:36,Positif
tolong di aktifkan dana cicil nya,4,2026-04-16 14:57:47,Positif
sange simple dan mudah Dan tidak takut tercecer karena dompet bentuk digital .,5,2026-04-16 14:57:33,Positif
oke,5,2026-04-16 14:56:59,Positif
kasih saya fitur dana cicil,5,2026-04-16 14:56:57,Positif
tidak puas fitur fiturnya tidak muncul anehhh,1,2026-04-16 14:56:47,Negatif
transaksi cepat,5,2026-04-16 14:55:37,Positif
dana cicil blm aktif,5,2026-04-16 14:55:17,Positif
uang saya hilang gimana cara ngamil kembali,5,2026-04-16 14:54:21,Positif
Sdah lma mnggunkn dana tpi blom jga dpet ftur dana ccil,5,2026-04-16 14:49:53,Positif
dana cicil gak muncul,5,2026-04-16 14:49:11,Positif
mudah,5,2026-04-16 14:48:53,Positif
semakin keren,5,2026-04-16 14:48:38,Positif
mantap,5,2026-04-16 14:48:10,Positif
bagus,5,2026-04-16 14:47:54,Positif
mantap,5,2026-04-16 14:47:24,Positif
gua bikin Qris dana lama bener udah berbulan bulan nunggu di cetak tapi sampai sekarang ga ada di buat,1,2026-04-16 14:47:08,Negatif
sangat membantu,5,2026-04-16 14:46:50,Positif
sangat baik dan sangat membantu,5,2026-04-16 14:42:22,Positif
luar biasa,5,2026-04-16 14:41:39,Positif
"Sampai saat ini,,saya belum bisa verifikasi wajah😠",1,2026-04-16 14:40:08,Negatif
sangat membantu dan mudah,5,2026-04-16 14:38:04,Positif
bagus,5,2026-04-16 14:35:52,Positif
"hanya memberikan bintang, karena ini sangat berguna",5,2026-04-16 14:34:17,Positif
"tolong lah dana, aku melakukan pengiriman uang sebesar 400 rb dari akun dana orang ke rekening bapakku, di saldo dana orang itu berkurang dan transaksi berhasil, tapi di rekening bapak gak nyampe uang nya, bagaimana saya mengatasi masalah ini, agar saldo orang itu kembali dan uang ku pun kembali 😭😭😭",1,2026-04-16 14:32:52,Negatif
sempurna..,5,2026-04-16 14:32:47,Positif
mantap dan terprrcaya,5,2026-04-16 14:32:16,Positif
semoga dapat menggunakan dana cicil,5,2026-04-16 14:31:44,Positif
"sudah lama pake dari pertama kali liris, aplikasi yg bagus tpi akhir² ini kenpa gk bisa buat qris,dana cicil nya juga gk bisa di pake pdhal udah nyaman sama ewallet satu ini, tpi akhir² jdi pengen ganti ewallet kalo begini terus",5,2026-04-16 14:28:41,Positif
👍,5,2026-04-16 14:28:06,Positif
bagus,5,2026-04-16 14:27:49,Positif
sangat membantu,5,2026-04-16 14:25:14,Positif
Sumpah ngeselin banget di dana banyak potongannya mending go pay gk lagi lagi gw pake dana,1,2026-04-16 14:24:34,Negatif
"bagus,,",5,2026-04-16 14:24:08,Positif
"CS tidak membantu saya mengalami keluhan, saldo bisnis saya tidak masuk, dari histori transaksi berhasil tapi saldo tidak masuk.. Sudah Hubungi CS 1500455 dan Diana tapi tidak membantu sama sekali..",1,2026-04-16 14:22:35,Negatif
sangat berguna,5,2026-04-16 14:22:35,Positif
qris nya pakai notifikasi nominal dong...,5,2026-04-16 14:22:16,Positif
tetap konsisten,4,2026-04-16 14:21:59,Positif
lumayan bagus,5,2026-04-16 14:21:38,Positif
"Terima kasih Dana , semoga layanan nya di tingkatkan lagi ya . agar lebih muateppp lagi.",5,2026-04-16 14:21:35,Positif
mantap,5,2026-04-16 14:20:35,Positif
cukup membantu,5,2026-04-16 14:19:14,Positif
"ini tolol apa gimana? tiap kali mau login balik ke nomor yang sama, tapi karna nomor kartunya nonaktif disuruh masukin pin dulu, tapi minusnya PINnya udah agak lupa, tapi makin parah dan tololnya lagi pas disuruh verifikasi pakai sidik jari atau sandi pola yang seharusnya udah berhasil malah balik disuruh buat masukin pin, masih mendingan dana versi yang dulu, minta kode OTP nya bisa lewat What'sapp dan gak cuma SMS, sekarang kek sampah.",1,2026-04-16 14:18:12,Negatif
terimakasih karena sangat membantu sekali,5,2026-04-16 14:17:15,Positif
minus... lemotnya minta ampun,1,2026-04-16 14:16:10,Negatif
mantep,5,2026-04-16 14:15:50,Positif
kenapa akun saya tidak bisa di gunakan fitur dana cicil nya padahal saya sudah bayar tepat waktu,2,2026-04-16 14:15:28,Negatif
fitur dana cicil tidak bisa digunakan lagi padaha limit nya tagihan udah lunas tapi malah gk bisa dipakai lagi,2,2026-04-16 14:15:24,Negatif
Terimakasih,5,2026-04-16 14:12:41,Positif
mantap,5,2026-04-16 14:12:01,Positif
josss,5,2026-04-16 14:11:47,Positif
asyik banget pakai dana,4,2026-04-16 14:11:02,Positif
sangat membantu,5,2026-04-16 14:09:29,Positif
sangat membantu 🙏🙏,5,2026-04-16 14:08:29,Positif
bagus,5,2026-04-16 14:08:15,Positif
ok,5,2026-04-16 14:06:44,Positif
DANA lagi gangguan yah Min...kok tidak bisa transaksi?,3,2026-04-16 14:05:56,Netral
"Aplikasi dana terlalu canggih,mau masuk ke no dana yg lama,terlalu banyak prosedurnya,foto KTP udah,verifikasi wajah udah,no pin udah,eee,ujung_ujungmya kirim otpnya ke no lama,,sedangkan kartu yg lama sudah hilang,tanya Diana,diananya boot",1,2026-04-16 14:05:42,Negatif
sangat bagus,5,2026-04-16 14:04:32,Positif
bagus,5,2026-04-16 14:03:55,Positif
bang bagaimana cara memulihkan akun dana saya saya baru ganti nomor tetapi email yg terdaftar di dana saya sudah tidak aktif lagi mohon bantuan nya,5,2026-04-16 14:02:38,Positif
"semenjak ada DANA ,jarang lihat warna ny uwang trs aman ,enggak pernah hilang uwang saya , TERIMA KASIH DANA,",4,2026-04-16 14:02:22,Positif
"sy mengalami 2x kehilangan saldo dngan transaksi yng tidak sy ketahui dngn nominal yang lumayan banyak jumlah nya, sy minta ganti rugi atas kehilangan saldo di akun sy tpi pihak dana tdk dapat melakukan nya dan pihak google juga tdk dpt refund. sy heran aplikasi sebesar dana harus nya ada notifikasi tentang pembayaran yang mencurigakan lalu ini kmna proteksi dana ny terhadap nasabah ny? apkah nasabah dana yng lain bisa saling bantu dengan masalah ini?",1,2026-04-16 14:00:54,Negatif
"Gimana sih,mau bayar kredivo selalu ada kendala terus...nanti telat bayar baru denda,ini mau bayar malah kendala terusss anehhy",1,2026-04-16 13:59:24,Negatif
sangat puas,5,2026-04-16 13:58:57,Positif
sangat simpel,4,2026-04-16 13:57:03,Positif
dana cicil sudah di lunasi tapi tidak bisa digunakan lagi,1,2026-04-16 13:56:54,Negatif
sangat mudah dan praktis...,5,2026-04-16 13:56:34,Positif
bgus sekali mkin mju trus aplikasi dana,5,2026-04-16 13:55:33,Positif
"mudah dan cpat penggunaan nya,trimakasih.",5,2026-04-16 13:55:07,Positif
kenapa dana cicil nya GK bisa di pakai padahal limit nya masih banyak,5,2026-04-16 13:53:58,Positif
berhasil,5,2026-04-16 13:53:44,Positif
terimasih sudah mempermudah,5,2026-04-16 13:51:27,Positif
baik,5,2026-04-16 13:50:40,Positif
aplikasi akhir akhir ini sering eror,4,2026-04-16 13:49:08,Positif
mantap,5,2026-04-16 13:48:54,Positif
fiturnya kurang lengkap,4,2026-04-16 13:45:55,Positif
semoga fitur dana cicil nya ada yaa :),5,2026-04-16 13:45:52,Positif
dgn adanya aplikasi DANA Sgt membantu dlm bertransaksi,5,2026-04-16 13:45:46,Positif
jelek banget apk nya uang yang salah kirim ngak bisa di konfirmasi bangong banget,1,2026-04-16 13:45:43,Negatif
mantap pokok nya,5,2026-04-16 13:44:41,Positif
lumayan memuaskan,4,2026-04-16 13:44:24,Positif
"apasihh masa saldo baru ngisi langsung lenyap , turan kasih tau duluu sebelum transaksi, katanya amann tapi apaa bikin ga nyamann pengguna, gw kasihh bintang 5 biar pada bacaa",5,2026-04-16 13:43:41,Positif
membantu sekali aplikasi dana ini,5,2026-04-16 13:42:07,Positif
SANGAT MEMBANTU,5,2026-04-16 13:40:40,Positif
kurang nyaman,3,2026-04-16 13:39:49,Netral
bagus,5,2026-04-16 13:35:47,Positif
okeee,4,2026-04-16 13:35:40,Positif
bagus,5,2026-04-16 13:34:02,Positif
ok,5,2026-04-16 13:32:04,Positif
Oke,5,2026-04-16 13:28:58,Positif
"Bagus sih tapi sayangnya limit dana cicil saya jadi g bisa ke pakai padahal sudah lunas cicilannya,",2,2026-04-16 13:28:57,Negatif
good,5,2026-04-16 13:28:12,Positif
"pengalaman saya selama pakai aplikasi dana gada dana cicilnya,atau pinjamanya",5,2026-04-16 13:27:38,Positif
"makin ke sini makin ribed nih aplikasi.mau login aja di persulit banget.habis itu aplikasi nya berat,banyak bug nya.nguras sabar banget ni aplikasi,mending pindah Wall-E sebelah..pensi deh main dana.dah deh ikhlas buat isi saldo nya,mau login ga bisa bisa.kecewa bgt ama nih aplikasi",1,2026-04-16 13:27:21,Negatif
puas membantu,3,2026-04-16 13:25:37,Netral
kenapa yah gak bisa transfer pake qris n eror,5,2026-04-16 13:24:46,Positif
mantaaap,4,2026-04-16 13:23:22,Positif
apl Dana mantap sangat membantu 👍,5,2026-04-16 13:23:09,Positif
sangat menarik dan transaksi lebih cepat .,5,2026-04-16 13:22:59,Positif
bgus sekali,4,2026-04-16 13:22:04,Positif
sangat mudah dan cepat untuk bertransaksi tpi untuk menu dana instant punya saya belum muncul,5,2026-04-16 13:20:40,Positif
"GA GUNAAA, MAU TRANSFER KE TEMAN KARENA URGENT TAPI APLIKASI NYA MALAH GA JELASSS. JELAS-JELAS SINYAL SAYA CEPAT DAN STABIL, TAPI SAYA BUKA APLIKASI INI MALAH DI BILANG JARINGAN TIDAK STABIL. INI SERIUS INI APLIKASINYA PUNYA MASALAH BEGINI DI BIARIN TERUS DARI DULU? APLIKASI SAMPAH!",1,2026-04-16 13:19:38,Negatif
"KEAMANAN KURANG, SETIAP TRANSAKSI TIDAK MEMINTA VERIFIKASI. SEMOGA SAJA UANG SAYA CEPAT KEMBALI",1,2026-04-16 13:18:31,Negatif
"mohon sarannya dong sya prnah gagal up ke premium, skrng sya mau coba lagi knp gk tombul ya file nya",5,2026-04-16 13:18:17,Positif
"fitur dana cicil tidak muncul padahal transaksi jutaan, terus di suruh menunggu 30hari masih blm muncul juga",5,2026-04-16 13:17:14,Positif
menarik,5,2026-04-16 13:15:37,Positif
bagus,5,2026-04-16 13:14:13,Positif
Sangat membantu,5,2026-04-16 13:13:24,Positif
sangat baik,5,2026-04-16 13:11:45,Positif
simple gak ribet,5,2026-04-16 13:11:32,Positif
mantap,5,2026-04-16 13:11:16,Positif
sangat suka mudah dan sangat membantu joosss semakin maju dana,5,2026-04-16 13:10:29,Positif
suka sekali n sangat membantu,5,2026-04-16 13:09:55,Positif
dana cicil gada ko ya,5,2026-04-16 13:08:46,Positif
ia sangat bagus,5,2026-04-16 13:08:21,Positif
bagus transfer lbih mudah,5,2026-04-16 13:07:26,Positif
baguuuusssss banget,5,2026-04-16 13:07:19,Positif
baik,4,2026-04-16 13:07:15,Positif
mempermudah segala urusan,5,2026-04-16 13:06:10,Positif
sangat bagus dan membantu.,5,2026-04-16 13:06:02,Positif
nice,5,2026-04-16 13:06:00,Positif
nice wallet🍻,5,2026-04-16 13:05:17,Positif
mantap,5,2026-04-16 13:02:33,Positif
oke aplikasinya,5,2026-04-16 13:01:56,Positif
bagus untuk kirim/transfer uang 👍🏼👍🏼👍🏼,5,2026-04-16 13:00:34,Positif
dana cicil saya ga bisa di pake,5,2026-04-16 12:57:18,Positif
saya pengguna lama...tapi gak ada dana cicil nya terpaksa dr 5 bintang....... saya turunin........klo ada dana cicil nya.....ksh 5 bintang,1,2026-04-16 12:56:19,Negatif
jadi mudah transaksi,5,2026-04-16 12:54:26,Positif
sangat bagus,4,2026-04-16 12:53:41,Positif
baik cepat,5,2026-04-16 12:53:27,Positif
sangat membantu,5,2026-04-16 12:53:05,Positif
baik,5,2026-04-16 12:51:49,Positif
mantep cau,5,2026-04-16 12:50:12,Positif
Good,5,2026-04-16 12:48:31,Positif
"aplikasi ini uda sy pake selama kurleb 2 tahun,tp koq ga da fitur dana cicil nya ya.. padahal uda sering transaksi sampai puluhan juta..ks bintang 1 aja dulu,",1,2026-04-16 12:48:12,Negatif
sangat menguntungkan,5,2026-04-16 12:47:22,Positif
mantap,5,2026-04-16 12:47:19,Positif
mantap,5,2026-04-16 12:46:57,Positif
verifikasi wajah angel reso alesane blur lah padahal.rak blur gak ada verifikasi yang lain di hp saya kecuali verifikasi wajah ada yg kek gini gak kek gua gak ada perbarui sandi dan verifikasi sms,1,2026-04-16 12:46:18,Negatif
tolong fitur danacicil ya status ya dibuka untuk metode pilihan pembayaran,5,2026-04-16 12:46:01,Positif
"bagus. cuman, ada satu hal masukan saya, tolong izinkan pengajuan pengembalian dana saat ada yg salah transfer. Seperti aplikasi Seabank, itu top bangat. karena disana kita bisa mengajukan pengembalian dana✌️",3,2026-04-16 12:44:15,Netral
knapa si siatem gagal terus,1,2026-04-16 12:43:19,Negatif
gak bisa di jadikan premium,1,2026-04-16 12:43:17,Negatif
👍,5,2026-04-16 12:42:20,Positif
oke,5,2026-04-16 12:41:39,Positif
t4i emg pdhl gw udh tf mlh ga msuk mmk,5,2026-04-16 12:40:01,Positif
dana ku hilang 600.000 ada yg hack padahal kalau transaksi apapunnhatus pake paswood dan verifikasi wajah 😓,4,2026-04-16 12:39:38,Positif
bagus,5,2026-04-16 12:39:19,Positif
sangat membantu,5,2026-04-16 12:38:56,Positif
dana yg kupake bisa menerima TF tapi hrus sesama dana,5,2026-04-16 12:38:43,Positif
Apelikasi ini sangat baguss,5,2026-04-16 12:38:09,Positif
saya suka dengan akun ini,5,2026-04-16 12:36:10,Positif
sungguh membantu,5,2026-04-16 12:34:41,Positif
dana cicil saya gak muncul muncul padahal tiap hari transaksi terus,5,2026-04-16 12:34:34,Positif
sangat bagus,5,2026-04-16 12:29:43,Positif
mudah dipakai,5,2026-04-16 12:29:18,Positif
smoga lbih baik lagi,5,2026-04-16 12:29:15,Positif
terlalu banyak kendala saat menggantikan nomor baru dan kirim uang mohon di perbaiki lagi dana ini yaaa agar tidak terlalu banyak eror,1,2026-04-16 12:28:59,Negatif
saya tida bisa menggunakan dana cicil,5,2026-04-16 12:28:54,Positif
saya ingin mau kirim uang ke bank BPD Papua,5,2026-04-16 12:28:32,Positif
jos,5,2026-04-16 12:27:15,Positif
sangat memuaskan,5,2026-04-16 12:27:02,Positif
Fitur komplit dan multiguna,5,2026-04-16 12:26:05,Positif
Ppp bagus,5,2026-04-16 12:25:20,Positif
sangat baik,5,2026-04-16 12:22:16,Positif
"sangat, sangat sangat membantu transaksi saya,. terimakasih 😊",5,2026-04-16 12:20:41,Positif
sering ngelag,1,2026-04-16 12:20:36,Negatif
Mantap aplikasinya,5,2026-04-16 12:19:14,Positif
nice👍,4,2026-04-16 12:18:58,Positif
kalo ngirim uang pake dana tuh enak banget bisa cepet lgi,5,2026-04-16 12:18:14,Positif
"tolong bantu saya, dana saya tidak dapat login karna hp habis keriset dan di dana ada saldo yg belum diambil bagaimana solusinya biar saya dapat login min ? 🙏",3,2026-04-16 12:17:29,Netral
bagus,5,2026-04-16 12:15:58,Positif
bagus,4,2026-04-16 12:15:53,Positif
aplikasi jelek dana gabisa dibuka uang saya nyempil di dana 500ribu tidak ada pertanggung jawaban penipu dasar aplikasi sialan suruh nunggu trus tapi gaada pertanggung jawaban saldo ga kembali,1,2026-04-16 12:14:30,Negatif
saya kehilangan saldo . parah ini dana,1,2026-04-16 12:13:59,Negatif
sangat membantu,5,2026-04-16 12:13:54,Positif
uangku hilang dari yang 200k jadi 160k ga tau perginya kemana,1,2026-04-16 12:13:28,Negatif
"nice, serbabisa",5,2026-04-16 12:12:01,Positif
"sangat bagus, tapi tolong....stabilkan jaringannya....sulit untuk menggunakan apk dana jika selalu ada tanda koneksi internetmu terputus nih....itu sangat menyebalkan....gak bisa melakukan apapun lewat dana",5,2026-04-16 12:09:08,Positif
masa saldo dana saya ngilang bilang enggak tahu gimana lah dana tolong saldo dana yg ngilang balik kata aman giliran dana ngilang bilang enggak tahu,1,2026-04-16 12:05:59,Negatif
sangat baik,5,2026-04-16 12:04:28,Positif
sangat puas,2,2026-04-16 12:02:58,Negatif
aplikasi yg sangat penting untuk menjaga ke uangan kita bagi rakyat umum.,5,2026-04-16 12:02:37,Positif
"sangat membantu, pinjaman nya pitur nya buka dong mas dana",5,2026-04-16 12:01:05,Positif
mohon koreksi saya sudah kirim uang dari aplikasi dana ke gopay status berhasil tapi uang tidak masuk di gopay,1,2026-04-16 12:00:19,Negatif
bagus,5,2026-04-16 12:00:10,Positif
mantap apk DANA,5,2026-04-16 11:58:44,Positif
sangat membantu dlm bertransaksi 👍,4,2026-04-16 11:57:16,Positif
"sangat puas, penggunaanya simpel dan efektif.",5,2026-04-16 11:55:11,Positif
ko saya ega ada dana cicil nya,2,2026-04-16 11:54:48,Negatif
cakep,5,2026-04-16 11:54:48,Positif
ok,5,2026-04-16 11:51:28,Positif
sangat baik,5,2026-04-16 11:51:18,Positif
"sekarang lebih baik,,transaksi jadi semakin cepat",5,2026-04-16 11:50:55,Positif
kenapa saya tidak bisa mencairkan sisa limit dana instan.,1,2026-04-16 11:49:07,Negatif
sangat bagus,5,2026-04-16 11:47:28,Positif
baik,5,2026-04-16 11:47:21,Positif
"ini gimana solusinya,,laporan dana bisnis masuk,,tapi saldo gak bertambah,,mohon jawabannya",1,2026-04-16 11:46:17,Negatif
lebih simpel,3,2026-04-16 11:44:08,Netral
e-wallet paling berguna yg aku gunakan,5,2026-04-16 11:43:46,Positif
gak bisa top up ff sudah top up banyak tapi sudah gak bisa,2,2026-04-16 11:42:25,Negatif
mantap,5,2026-04-16 11:41:13,Positif
sangat membantu,5,2026-04-16 11:39:51,Positif
keren,5,2026-04-16 11:39:46,Positif
bagus mantap ada danaintstan cocok buat kebutuhan mendadak,5,2026-04-16 11:39:09,Positif
"dana Adain fitur trans jakarta dong kaya gopay, please lah dana oh dana",2,2026-04-16 11:38:41,Negatif
tolong kenapa akun dana saya tidak bisa dibuka/digunakan padahal nomornya aktif,3,2026-04-16 11:37:27,Netral
saya mau dana istan belum jga ada di apk saya sudah banyak melakukan pembayaran dengan dana. tolong di sediakan dana instannya,5,2026-04-16 11:36:51,Positif
sangat mendukung,5,2026-04-16 11:36:27,Positif
bagus,5,2026-04-16 11:36:22,Positif
mantap jiwa,5,2026-04-16 11:36:04,Positif
"sangat membantu,mempermudah proses transaksi",5,2026-04-16 11:34:27,Positif
cakep,5,2026-04-16 11:34:19,Positif
dana terbaik cuma kasih bonus kalo saya banyak transaksi di dana,5,2026-04-16 11:33:51,Positif
aplikasi dana sangat membantu keuangan,5,2026-04-16 11:32:40,Positif
wah aku suka tapi kok suka lelet ya jadi aku kurang suka,4,2026-04-16 11:31:40,Positif
dacil gak muncul,5,2026-04-16 11:31:04,Positif
dana cukup membantu saya dalam bertransaksi,5,2026-04-16 11:30:00,Positif
sangat cocok untuk kepentingan sesama,5,2026-04-16 11:29:44,Positif
bagai mana saya bisa login ke dana saya bos udh masukkan kode sama verifikasi wajah masukkan kode otp tapi nomornya sudah tidak aktif mohon dibantu rumit kali sekarang klw udh kayak gni pun yg mau dihubungi ntah siapa,2,2026-04-16 11:27:54,Negatif
sangat memuas kan,4,2026-04-16 11:26:03,Positif
memuaskan,5,2026-04-16 11:25:03,Positif
dana makin hebat,5,2026-04-16 11:24:50,Positif
selalu lelet pitur nggak bisa kebuka,3,2026-04-16 11:23:40,Netral
bagus,5,2026-04-16 11:23:02,Positif
sangat bagus,5,2026-04-16 11:23:01,Positif
bagus,5,2026-04-16 11:22:42,Positif
ok,5,2026-04-16 11:21:07,Positif
sangat bagus,5,2026-04-16 11:20:14,Positif
"Secara keseluruhan aplikasinya bagus fiturnya komplit. tapi kelemahannya adalah ketika sudah ganti ke nomer yang baru, nomor lama yang sudah tidak aktif masih bisa menerima transfer uang masuk. jadi uangnya mengendap diakun mati.",4,2026-04-16 11:19:32,Positif
Dompet.Dana sangat membantu sekali,5,2026-04-16 11:19:19,Positif
"anjir uang gue hilang 200k di dana bisnis Dana Cok, gue ingat bgt didana bisnis gue ada 2,1juta terus gue cek tinggal 1,9jt ini gimana min, gue kecewa bgt sih sumpah",1,2026-04-16 11:16:12,Negatif
sangat baik,5,2026-04-16 11:16:10,Positif
Fitur dana cicil nya susah di ACC pengajuan nya,4,2026-04-16 11:15:28,Positif
sangat baik sekali,5,2026-04-16 11:15:20,Positif
baik sekali,5,2026-04-16 11:15:09,Positif
"tolong lah masa uang sering kepotong gak jelas tiba2 tanpa persetujuan yang punya kan kocak ,tiba2 kepotong google emang haram apk ini",1,2026-04-16 11:15:02,Negatif
apk dan aman dan sangat terpercaya,5,2026-04-16 11:12:41,Positif
transaksi di dana bisni ada riwayat masuk tapi di saldo gak ada,1,2026-04-16 11:12:26,Negatif
kalo pakek data koneksi terputus kalo pakek wifi normal.ini gimana sih tolong .di jelaskan masak aku mau tranfer enggak bisa kalo pas kluar mau tranfer pakek koneksi data jaringan buruk kalo pakek wifi normal ..,1,2026-04-16 11:11:42,Negatif
bagus sekali,4,2026-04-16 11:09:36,Positif
dana sangat bagus tapi saya lupa pin saya hm😭,5,2026-04-16 11:06:53,Positif
suka banget sama apk ini,5,2026-04-16 11:06:12,Positif
"berguna sekali,untuk penyimpanan uang",5,2026-04-16 11:05:33,Positif
Good Application 👍.,5,2026-04-16 11:02:08,Positif
saya sudah bayar dana cicil saya sebelum waktunya eh pas mau pake lagi tidak bisa. apl gak jelas,2,2026-04-16 11:00:20,Negatif
👌,4,2026-04-16 10:59:13,Positif
boleh juga,5,2026-04-16 10:59:11,Positif
sangat bermanfaat,5,2026-04-16 10:58:24,Positif
bagush,5,2026-04-16 10:56:33,Positif
"saldo bisnis tiba tiba berkurang, enggak bener ini",1,2026-04-16 10:55:59,Negatif
ok,5,2026-04-16 10:54:57,Positif
👌,5,2026-04-16 10:53:51,Positif
"admin nya ngak berguna ,saya kena penipuan Rp.700.000 mau lapor kemana ,ke robot admin ngak jelas ,adminnya ngak usah di gaji .pesan buat DEVELOPER.",1,2026-04-16 10:53:07,Negatif
"sebelumnya apk ini bagus tapi kenapa sekarang harus update ke dana premium segala, giliran udah diupdate tetep gabisa. saldonya mau dipake itu pdahal",3,2026-04-16 10:51:44,Netral
mantap,5,2026-04-16 10:46:46,Positif
good,5,2026-04-16 10:46:26,Positif
sangat puas,5,2026-04-16 10:44:06,Positif
bagus,5,2026-04-16 10:42:58,Positif
SUKAAA BNGETTTTT,5,2026-04-16 10:42:49,Positif
woi saldo jualan gw ilang di dana BISNIS. tolong gimana ini wah KUSUT,1,2026-04-16 10:41:26,Negatif
sangat baik,5,2026-04-16 10:41:21,Positif
Terima Kasih banyak,5,2026-04-16 10:38:51,Positif
gaada blum mempelajari,5,2026-04-16 10:35:22,Positif
"dana cicil saya gak bisa digunakan padahal ada limit nya, dan biasanya bisa dipakai tapi sekarang gak bisa",5,2026-04-16 10:34:45,Positif
siip,5,2026-04-16 10:32:52,Positif
sangat bgus👍,5,2026-04-16 10:31:29,Positif
sangat baik,5,2026-04-16 10:29:11,Positif
bagus transaksi lebih mudah,4,2026-04-16 10:27:34,Positif
"Gue di luar negri kagak punya e-ktp gue daftar pake paspor cooming soon mulu,lelet apk g guna",1,2026-04-16 10:27:04,Negatif
bagus,5,2026-04-16 10:26:37,Positif
keren abisss sangat membantu,5,2026-04-16 10:25:52,Positif
"isi pulsa barusan. pulsa tidak terisi, saldo berkurang.dana sialan",1,2026-04-16 10:25:36,Negatif
aman,5,2026-04-16 10:24:33,Positif
membantu sekali,5,2026-04-16 10:23:20,Positif
admin nya jangan banyak banyak kami butuh itu,5,2026-04-16 10:23:09,Positif
kecewa bangett sama apk dana skrng.tiba² hilang sendiri saldo padahal sy tidak melakukan transaksi TPI kebayar sendiri!!! padahal susah premium tolong dibenarkan lagi!!! krna banyak yang berfikir apk ini tipuan,1,2026-04-16 10:22:54,Negatif
ads much,3,2026-04-16 10:21:13,Netral
ok,5,2026-04-16 10:14:29,Positif
bgus sangat menarik,2,2026-04-16 10:14:02,Negatif
uang saya hilang banyak di dalam aplikasi,2,2026-04-16 10:07:10,Negatif
sangat membantu,5,2026-04-16 10:06:12,Positif
aplikasi sering kluar sendiri telek,2,2026-04-16 10:05:27,Negatif
Kenapa dana cicilnya ga bisa di pakai 🤔,5,2026-04-16 10:05:11,Positif
oke,5,2026-04-16 10:04:22,Positif
"jaringan bagus, tapi selalu gagal login dengan keterangan jaringan bermasalah",1,2026-04-16 10:03:41,Negatif
kalau bisa transfer ke bank lain gratis 👍,4,2026-04-16 09:58:28,Positif
ok baik,5,2026-04-16 09:57:42,Positif
dana bngst tiba tiba nyedot sendiri saldo nya,1,2026-04-16 09:57:42,Negatif
mantap,5,2026-04-16 09:56:55,Positif
👍👍👍,5,2026-04-16 09:55:16,Positif
sangat puas,5,2026-04-16 09:54:20,Positif
bagus,5,2026-04-16 09:51:21,Positif
dana kenapa eror gini gabisa login,1,2026-04-16 09:51:02,Negatif
bagus,5,2026-04-16 09:49:05,Positif
parah udh di bayar dana cicilnya malah skg engga bisa di gunakan lagi aneh percuma klo cuma buat percobaan mah dana cicil aneh kocak dana lama lama sekarang,1,2026-04-16 09:47:54,Negatif
ok mantap,5,2026-04-16 09:47:30,Positif
mantap,5,2026-04-16 09:47:28,Positif
sangat baik,5,2026-04-16 09:43:34,Positif
"ini aplikasi pengeluran baru 20 rb lebih udah limit aja gimana sih ,ngantuk ni aplikasi",1,2026-04-16 09:43:24,Negatif
good,5,2026-04-16 09:42:27,Positif
keren,5,2026-04-16 09:41:30,Positif
puas banget,5,2026-04-16 09:41:21,Positif
sangat membantu,5,2026-04-16 09:41:20,Positif
sangat membantu,5,2026-04-16 09:40:33,Positif
dana cukup bagus enk klo isi plsa,5,2026-04-16 09:38:17,Positif
seru,5,2026-04-16 09:38:15,Positif
"sangat membantu untuk transfer,mudah digunakan tidak ada biaya admin,terima kasih Dana Dompet Digital",5,2026-04-16 09:37:53,Positif
bagus,5,2026-04-16 09:36:19,Positif
"makin kesini, makin seperti pinjol dan mengecewakan",2,2026-04-16 09:35:03,Negatif
sala kirim saldo,1,2026-04-16 09:34:27,Negatif
ok,5,2026-04-16 09:32:30,Positif
"ada yg mengaitkan akunku tanpa persetujuan ku duit ilang ga bisa kembali udah memberikan lampiran tidak bisa dikembalikan uangnya . uninstall ga aman nyimpen disini , transaksi disini berbahaya duit bisa hilang tak kembali",1,2026-04-16 09:31:54,Negatif
menyimpan uang di DANA sangat mudah membeli sesuatu produk dimana mana,5,2026-04-16 09:29:39,Positif
Reward kecil banget dan banyak iklan,5,2026-04-16 09:28:31,Positif
Alhamdulillah,5,2026-04-16 09:25:56,Positif
bagus,5,2026-04-16 09:24:21,Positif
membuat transaksi lebih mudah dan tanfa biaya,5,2026-04-16 09:22:15,Positif
"apk dana saya tidak bisa transfer uang sama sekali,, sudah sekitar satu bulan tolong bantu solusi nya🙏🙏",2,2026-04-16 09:20:33,Negatif
"DANA the best ,lope lope",4,2026-04-16 09:18:26,Positif
sangat membantu,5,2026-04-16 09:16:46,Positif
Kasih dana cicil dong,5,2026-04-16 09:15:11,Positif
bagus si selalu aman naro uwang tapi selalu bayar aplikasi tiba tiba sempe uwang gue habis tiba tiba,1,2026-04-16 09:14:31,Negatif
aplikasinya bagus bnar ni bisa mmbantu untuk semuanya..,5,2026-04-16 09:12:08,Positif
sekarang isi saldo aja ada admin nya ya,4,2026-04-16 09:11:45,Positif
sangat² bagus fitur²nya lengkap rekomended banget.,5,2026-04-16 09:09:58,Positif
bagus,5,2026-04-16 09:07:37,Positif
Transaksi lebih mudah,5,2026-04-16 09:07:30,Positif
aplikasi serba bisa,5,2026-04-16 09:05:36,Positif
sangat mudah dan praktis,5,2026-04-16 09:02:38,Positif
ok,5,2026-04-16 08:58:35,Positif
untuk versi yg lawas,5,2026-04-16 08:55:53,Positif
"aplikasi nya kurang baik, saya invest emas harganya naik tapi uang saya berkurang",2,2026-04-16 08:54:28,Negatif
"minta tolong suara notifikasinya di ganti, ngagetin banget, saya masih tidur kok kaget, ternyata notif dana",4,2026-04-16 08:50:33,Positif
lebih mudah lebih cepat,5,2026-04-16 08:48:19,Positif
untuk saat ini ya lumayan lancar cuma kadang agak telat dikit makasih,4,2026-04-16 08:43:49,Positif
kenapa di aplikasi saya tidak ada dana cicil ya??? dan sering eror gitu,5,2026-04-16 08:43:33,Positif
kenapa fitur dana cicil nya tidak bisa di gunakan lagi padahal sudah di lunasi sebelum nya,5,2026-04-16 08:43:20,Positif
kenapa tidak bisa di instal,1,2026-04-16 08:43:15,Negatif
bagus,5,2026-04-16 08:40:27,Positif
sangat membantu...,5,2026-04-16 08:39:20,Positif
sangat bagus sekali dan aman di gunakan selama ini,4,2026-04-16 08:39:09,Positif
semu perkerjaan bisas pakai dana,5,2026-04-16 08:36:41,Positif
"makasih Bosku atas fasilitas dana cicil nya, sukses selalu",5,2026-04-16 08:31:49,Positif
bintang 1.. uang kepotong tanpa alasannya.. balikin uang ku 150.000 dana emng miskin yahh,1,2026-04-16 08:28:17,Negatif
Gk bisa masuk. Padahal duitnya ada di sana. Gimana pertanggungjawabannya ini?,1,2026-04-16 08:24:43,Negatif
saya ingin ada investasi perak digital,2,2026-04-16 08:23:57,Negatif
Terima Kasih atas perhatian dan respon cepat nya,5,2026-04-16 08:21:39,Positif
mantap,4,2026-04-16 08:21:29,Positif
"pengaktifan dana cicil selalu ditolak, sudah melakukan transaksi secara terus menerus dan tidak melakukan kredit dan pinjaman dimanapun tapi tetap saja ditolak apalah",1,2026-04-16 08:21:00,Negatif
sangat keren,5,2026-04-16 08:19:08,Positif
lumayan juga dana ini bagusnya. cuma kurang sy belum punyak ktp,4,2026-04-16 08:17:15,Positif
cukup bagus menggunakan aplikasi ini tapi sayangnya akhir2 ini sering kurang baik. pas mau byr Qris pakai Dana buka aplikasi bisa tapi pas mau byr tiba2 keluar sendiri. tolong di maksimalkan,5,2026-04-16 08:16:30,Positif
gacor,5,2026-04-16 08:13:50,Positif
bagus,5,2026-04-16 08:13:18,Positif
bagus cepat dan mudah,4,2026-04-16 08:13:16,Positif
tolong kasih dana cicil,5,2026-04-16 08:12:30,Positif
jos,5,2026-04-16 08:12:30,Positif
gw top up 15k g kekirim yang nya males banget jdi nya udh 2 hari g kekirim,1,2026-04-16 08:11:01,Negatif
ok,5,2026-04-16 08:09:40,Positif
bagus banget cepat mengirim,5,2026-04-16 08:08:38,Positif
terima kasih. saya sudah percayakan pada Aplikasi DANA untuk menyimpan uang.,5,2026-04-16 08:07:51,Positif
baik cepat sangat membantu,5,2026-04-16 08:07:21,Positif
dana ini sangat jelk,1,2026-04-16 08:07:10,Negatif
nice,5,2026-04-16 08:05:28,Positif
kenapa ga muncul2 DANA INSTAN dan DANA CICIL,1,2026-04-16 08:04:54,Negatif
"dana..cepat,mudah..",5,2026-04-16 07:59:59,Positif
mantap,5,2026-04-16 07:58:02,Positif
aplikasi sangat bermanfaat,5,2026-04-16 07:58:00,Positif
ok,5,2026-04-16 07:55:04,Positif
saya sangat puas dengan dana premium,2,2026-04-16 07:54:36,Negatif
e-wallet yg teraPercata,5,2026-04-16 07:53:24,Positif
Dana semangking Didepan,5,2026-04-16 07:53:15,Positif
uang saya hilang trus di dana ini di kasi makan naga2 trus,5,2026-04-16 07:51:33,Positif
pas saya top up tapi gak masuk dmnya,1,2026-04-16 07:51:20,Negatif
terbaik,5,2026-04-16 07:50:48,Positif
bagus,5,2026-04-16 07:49:45,Positif
sangat bagus 👍👍👍👍,5,2026-04-16 07:48:03,Positif
"makin lengkap , sekarang udah ada notif jumlah uang masuk,mohon volumenya ditambah, terlalu kecil,apalagi di pinggir jalan yg rame, Hampir tak terdengar",5,2026-04-16 07:45:48,Positif
tidak bisa masuk ke dalam dana,1,2026-04-16 07:44:38,Negatif
best for you,5,2026-04-16 07:43:20,Positif
bgs santuy,5,2026-04-16 07:40:27,Positif
bagus,5,2026-04-16 07:38:24,Positif
"saya kecewa terhadap apk ini, saya stiap bulan saldo saya terpotong tba"" untuk membyar tagihan yg saya tidak tau!",1,2026-04-16 07:35:35,Negatif
sngat bagus dan sangat membantu kami,5,2026-04-16 07:34:17,Positif
saya kasih 5,5,2026-04-16 07:32:59,Positif
sangat baik,5,2026-04-16 07:29:20,Positif
bagusssss🔥🔥🔥🔥🔥🔥,5,2026-04-16 07:29:08,Positif
Ah Malas Dana cicil gak Muncul,4,2026-04-16 07:27:56,Positif
sangat bagus muda cpat.,5,2026-04-16 07:26:23,Positif
🥰,1,2026-04-16 07:24:17,Negatif
"tidak bisa akses,kendala pemeliharaan,g selesai selesai",1,2026-04-16 07:23:02,Negatif
buat jajan ajah sich,5,2026-04-16 07:17:40,Positif
mantaf,5,2026-04-16 07:16:03,Positif
"sangat membantu, sukses",5,2026-04-16 07:14:51,Positif
biyaya trasfer terlalu mahal,4,2026-04-16 07:14:02,Positif
Alhamdulillah aplikasi dana memang oke,5,2026-04-16 07:12:27,Positif
kenapa saldo dana saya tiba kurang untuk bayar aplikasi tiktokk,5,2026-04-16 07:09:17,Positif
dana sangat memuaskan,4,2026-04-16 07:07:18,Positif
terbaik,5,2026-04-16 07:05:01,Positif
mntap,5,2026-04-16 07:04:18,Positif
mantaf,5,2026-04-16 07:03:41,Positif
aman dan cepat,5,2026-04-16 07:03:36,Positif
siiip,5,2026-04-16 06:59:54,Positif
tolong perbaiki lagi karena sering mengalami koneksi terputus padahal jaringan bagus,2,2026-04-16 06:59:32,Negatif
ok bangett,5,2026-04-16 06:58:34,Positif
ok baik,4,2026-04-16 06:54:13,Positif
maaf alikasi DANA memotong saldo saya tanpa ada komfirmasi dari pengguna,1,2026-04-16 06:46:58,Negatif
kn tl jaringan bermasalah mlu mmk padahal jaringan gw bagus. aneh emg ni apk,5,2026-04-16 06:46:47,Positif
gk bisa masuk,1,2026-04-16 06:45:16,Negatif
"BANYAK HACKER NYA BJIR, GAMPANG KE HACK GA REKOMEN WUU",1,2026-04-16 06:42:55,Negatif
yuk kita download,5,2026-04-16 06:41:16,Positif
emang berguna bangat siiih terimakasih dana,5,2026-04-16 06:36:18,Positif
dana saya di blokir di 1 perangkat saja,1,2026-04-16 06:35:38,Negatif
tolong bos ku untuk filtur dana cicil kok blom bisa di gunakan bos kuu tolong di ACC bos ku proses verifikasi dana cicil nya bossss,5,2026-04-16 06:35:32,Positif
bagus,5,2026-04-16 06:34:13,Positif
makasih apk sangat membantu,5,2026-04-16 06:29:37,Positif
Senang menguna kan dana,5,2026-04-16 06:28:40,Positif
"suka..,",5,2026-04-16 06:25:52,Positif
bagus,5,2026-04-16 06:25:25,Positif
bagus,5,2026-04-16 06:21:34,Positif
mending jangan didonlot dah ni apk klo gamau saldo ilang😂,5,2026-04-16 06:20:19,Positif
bagus👍,5,2026-04-16 06:16:57,Positif
"kalo mau ngirim pake qris harus ke dana premium,aku mau rosting di app ini",3,2026-04-16 06:12:29,Netral
sangat terjamin dan terpercaya,5,2026-04-16 06:10:28,Positif
okey,5,2026-04-16 06:10:07,Positif
baik,5,2026-04-16 06:08:55,Positif
HAL YANG TIDAK SUKA PAKE DANA GW TOP UP DANA 500RIBU GA MASUKKK,1,2026-04-16 06:08:04,Negatif
sudah saya dm kenapa belum di bales saya akan tetap kasih bintang 1,1,2026-04-16 06:07:29,Negatif
ingin menampilkan dana cic,5,2026-04-16 06:06:19,Positif
mantap,5,2026-04-16 06:04:52,Positif
enak banget punya aplikasi dana,5,2026-04-16 06:03:15,Positif
mudah digunakan,5,2026-04-16 06:00:57,Positif
aplikasi ga bermutu....susah login padahal saldo saya ada 1juta lebih tapi tidak bisa di perbaiki atau di tolong customer servis..sakit hati saya,1,2026-04-16 05:59:56,Negatif
jaring biki masukkan uang DANA dompet digital,5,2026-04-16 05:58:53,Positif
knapa aplikasi dana saya gak ada dana cicil..pdahal udah lama pake aplikasi dana.,4,2026-04-16 05:57:06,Positif
cepat tanggap,5,2026-04-16 05:56:35,Positif
oke,5,2026-04-16 05:54:34,Positif
woyyyy niat bikin app nya gak sihhh. kok gak bisa pake buat transaksi,1,2026-04-16 05:54:06,Negatif
bagus,5,2026-04-16 05:50:59,Positif
menyenangkan mudah,4,2026-04-16 05:50:24,Positif
bagus karna q msh pertama kali,3,2026-04-16 05:48:02,Netral
"bagus,aman,dan bisa di percaya",5,2026-04-16 05:40:21,Positif
ok,5,2026-04-16 05:40:20,Positif
layanan cepat,5,2026-04-16 05:40:12,Positif
"baru pakai nih,smoga istiqamah",4,2026-04-16 05:39:54,Positif
bagus dan sangat bague,5,2026-04-16 05:38:54,Positif
"di saat proses transaksi malah ke browser , mana lama lagi, klo gk bisa mending gk usah bikin apk, bikin susah bnyak orang aj",1,2026-04-16 05:37:54,Negatif
ok,5,2026-04-16 05:37:49,Positif
"bagi kalian yg belum mengalami kehilangan saldo dana nya,mending ganti dgn apk yg lain deh ,drpd kalian nyesel, saldo saya hilang otomatis ,artinya, fitur keamanan di DANA ,tidak bisa di andalkan.dan saya sudah chat diana tp ...diana tidak bisa membantu gaes...😁🤣🤣",1,2026-04-16 05:33:32,Negatif
terbaik di Indonesia,5,2026-04-16 05:33:24,Positif
lama bgtt verifikasi,1,2026-04-16 05:30:57,Negatif
bagus,4,2026-04-16 05:30:35,Positif
bagus mantap,5,2026-04-16 05:29:45,Positif
gimana ini...setelah update malah eror tidak bisa login,4,2026-04-16 05:28:19,Positif
habis topup bukti ada tapi saldo hilang gak aman pakai dana,1,2026-04-16 05:27:23,Negatif
sangat bgus n sngt mmbantu,5,2026-04-16 05:23:41,Positif
jos,5,2026-04-16 05:23:09,Positif
keren,5,2026-04-16 05:21:41,Positif
ok,5,2026-04-16 05:20:07,Positif
jos,5,2026-04-16 05:19:47,Positif
pengguna lama cuman belum ada dana cicil nya,1,2026-04-16 05:17:47,Negatif
"Cepaatttt..semua cepat.,terimaa.,kiriman👍👍👍",5,2026-04-16 05:17:02,Positif
ok,5,2026-04-16 05:16:30,Positif
oke saya coba,5,2026-04-16 05:16:01,Positif
hilanglan ferivikasi muka saya di dana bisa bg,5,2026-04-16 05:13:12,Positif
saya ga masuk akun dana saya.kerna kendala kode otp.no saya yg terdaftar di no hilang.jadi ga bisa terima kode otp..saya masih ingat pin saya,3,2026-04-16 05:12:07,Netral
bagus,5,2026-04-16 05:12:01,Positif
sangat baik,5,2026-04-16 05:11:03,Positif
aneh yang punya orang lain dana instan sama dana cicilnya muncul yang punya saya gak ada aneh pilih2 kaya gitu padahal akun nya udah premium sama make nya juga udah lama trus tiap hari juga transaksi tapi gak muncul2 dana cicil ama dana instanya,2,2026-04-16 05:09:30,Negatif
ok,3,2026-04-16 05:08:49,Netral
top aplikasi nya,5,2026-04-16 05:07:52,Positif
"pelayanan nya kurang gangguan terus,d cek nya ngebleng terus saya kecewa bulan kemaren saya beli token listrik d dana dengan harga 50rb ga bisa d cek,hangus lah sudah uang saya",2,2026-04-16 05:06:40,Negatif
jos,5,2026-04-16 05:05:20,Positif
Jangan nyimpen uang disini beresiko. Adminnya hanya chat bot saja bingung komplain kemana coba,2,2026-04-16 05:04:44,Negatif
"develover kenapa dana cicil di akun saya tidak muncul,kecewa bngt,tolong perbaiki lg,nanti saya kasih bintang 5",1,2026-04-16 05:04:22,Negatif
saya mau Hapus nomor dana saya agar tidak terkait,5,2026-04-16 05:04:14,Positif
sangat bangus transaksi cepat,5,2026-04-16 04:59:54,Positif
saldo saya hilang 895.000 setelah ada transaksi yg saya tidak kenal sebanyak 2.000.000 . tolong kembalikan dana saya!!!!,1,2026-04-16 04:58:56,Negatif
terimakasih kasih dana saya mendukung dengan adanya apl ini,5,2026-04-16 04:58:36,Positif
"biasa nya kirim ke rekening ngk pake admin ,skrng pake admin 🥲",2,2026-04-16 04:57:55,Negatif
gmna ya cara benerin supaya dana cicil bisa di pakai lagi,5,2026-04-16 04:56:51,Positif
good,5,2026-04-16 04:56:13,Positif
sangat membantu,5,2026-04-16 04:55:07,Positif
kerennn,5,2026-04-16 04:49:19,Positif
Simple dan nyaman,5,2026-04-16 04:45:08,Positif
dana saya kesedot sendiri 150 ribu!!!!,1,2026-04-16 04:44:25,Negatif
"sangat membantu dalam pengiriman uang,cepat dan praktis",5,2026-04-16 04:43:35,Positif
👍👍,5,2026-04-16 04:42:36,Positif
best,5,2026-04-16 04:40:52,Positif
sangat membantu aplikasi dana ini,5,2026-04-16 04:40:00,Positif
bagus,5,2026-04-16 04:37:15,Positif
saya lupa pin. di aplikasi suruh klik. tapi nggak bisa masuk. bagaimana ini... sesudah itu masih nggak bisa terbuka gimana,5,2026-04-16 04:34:38,Positif
bagus,5,2026-04-16 04:32:18,Positif
cukup baik,5,2026-04-16 04:29:37,Positif
sangat membantu sekali,5,2026-04-16 04:28:57,Positif
kenapa fitut dana cicil gak muncul padahal pengeluaran dah byak,4,2026-04-16 04:27:56,Positif
sangat bagus,5,2026-04-16 04:26:45,Positif
baik,5,2026-04-16 04:26:42,Positif
bagus,4,2026-04-16 04:26:30,Positif
Okii,5,2026-04-16 04:24:56,Positif
fitur dana cicil tidak muncul padahal sudah sering transaksi jutaan...,5,2026-04-16 04:23:21,Positif
"sudah bertahun-tahun menggunakan aplikasi dana tapi tidak pernah kesempatan menggunakan fitur dana cicil, fitur dana cicil tidak muncul",1,2026-04-16 04:20:59,Negatif
kucup memuaskan,5,2026-04-16 04:19:38,Positif
ga aman duit ilang terus merugikan.,1,2026-04-16 04:17:10,Negatif
ok,5,2026-04-16 04:15:10,Positif
transaksi lancar,5,2026-04-16 04:10:23,Positif
sangat berguna dan bermanfaat bagi saya yang keluar tidak bawa uang cash bisa pakek dana enak,5,2026-04-16 04:08:53,Positif
sangat terbantu,5,2026-04-16 04:07:22,Positif
ok,5,2026-04-16 04:05:44,Positif
👍,5,2026-04-16 04:04:24,Positif
puas,5,2026-04-16 04:04:11,Positif
mantap,5,2026-04-16 04:01:06,Positif
tidak sesuai aplikasinya sangat jelek saya setiap melakukan topup tidak pernah masuk di dana,1,2026-04-16 03:59:47,Negatif
"Padahal aplikasi ini sangat membantu, tpi susah minta upgrad trs, pdhl udh premium yg sblmnya,",5,2026-04-16 03:59:23,Positif
cocok,5,2026-04-16 03:54:47,Positif
Apk ini sangat membantu semoga nular juga rezekinya ya kakak,5,2026-04-16 03:53:38,Positif
sangat cocok,5,2026-04-16 03:50:38,Positif
tidak ada deskripsikan,5,2026-04-16 03:49:04,Positif
the Best laa,5,2026-04-16 03:47:11,Positif
praktis digunakan,5,2026-04-16 03:47:05,Positif
"Tolong mudahkan buat hapus akun dana dan pergantian nomor min, jujur kesusahan apalagi nomor saya mati 🙏",1,2026-04-16 03:46:08,Negatif
saya baru pertama kali melihat aplikasi ini seperti nya sangat sangat bagus dan bisa dipercaya,5,2026-04-16 03:42:03,Positif
bagus app kasi dana mempermudah hal dalam pembayaran,5,2026-04-16 03:41:26,Positif
mantap,5,2026-04-16 03:40:29,Positif
sejauh ini aman aman aja,5,2026-04-16 03:40:21,Positif
oke,5,2026-04-16 03:39:05,Positif
Sering hilang saldo di dana ga jelas,1,2026-04-16 03:37:58,Negatif
lumayan membantu,5,2026-04-16 03:35:30,Positif
ini sangat penting dn mudah,5,2026-04-16 03:34:44,Positif
baik,5,2026-04-16 03:33:24,Positif
bagaiamana dengan masalah saya masa tidak ada jawaban sama sekali selama setahun,3,2026-04-16 03:32:53,Netral
bagus dan cepat,5,2026-04-16 03:32:31,Positif
hebat,5,2026-04-16 03:31:02,Positif
tadi soalnya susah di pencet,3,2026-04-16 03:29:23,Netral
bagus,4,2026-04-16 03:29:16,Positif
mntap,5,2026-04-16 03:29:02,Positif
dana cicil nya tidak bisa di aktifkan,4,2026-04-16 03:28:01,Positif
bagus,5,2026-04-16 03:26:11,Positif
mantap,4,2026-04-16 03:25:56,Positif
cocok buat yg kesusahan,1,2026-04-16 03:25:44,Negatif
sangat bagus,5,2026-04-16 03:25:40,Positif
GOOD,5,2026-04-16 03:23:31,Positif
mana nih saya udah aktif trs menggunankan transaksi di dana dan udh tunggu 1 bulan juga tapi belum ada fitur dana cicil,1,2026-04-16 03:23:08,Negatif
krim dana k bank uangx Ngg masuk ke bank cek mutasi juga ng ada dan pihak dana ngga ada prtanggung jawaban pengembalian dana..buruk buruk buruk,1,2026-04-16 03:22:17,Negatif
sangat disayangkan limit dana cicil tidak bisa digunakan karna dana cicil tidak tersedia,3,2026-04-16 03:21:53,Netral
bagus,5,2026-04-16 03:21:30,Positif
sangat baik,5,2026-04-16 03:19:59,Positif
sangat puas,5,2026-04-16 03:19:36,Positif
"ini kenapa ya setiap mau bayar tulisan nya eror,tolong banget deh saldo nya aja ada masa iya gabisa di pake buat apa""",1,2026-04-16 03:17:18,Negatif
menghidupkan flitur dana instan,5,2026-04-16 03:15:49,Positif
kemudahan melakukan transaksi secara online,5,2026-04-16 03:15:21,Positif
kenapa fitur dana cicilan saya tidak keluar,5,2026-04-16 03:13:55,Positif
sangat berguna dan sangat baik,5,2026-04-16 03:13:18,Positif
masak akun udah lama gk ada dana cicil nya parah amat,5,2026-04-16 03:06:42,Positif
siip,5,2026-04-16 03:03:30,Positif
"Transaksi lancar,aman dan mantap👍",5,2026-04-16 02:58:52,Positif
baik,5,2026-04-16 02:58:51,Positif
mohon hapus data data saya di akun Dana,4,2026-04-16 02:55:56,Positif
sangat terbantu dan uang aku aman adanya apk dana iniii Lo v bangettttt❤️‍🔥❤️‍🔥❤️‍🔥🥰🥰🥰🥰🥰🥰🥰🥰🥰🥰🥰,5,2026-04-16 02:54:00,Positif
saya selalu transaksi pakai aplikasi dana akun sudah lama premium tapi sampai sekarang fitur dana instan tidak muncul juga..setiap kali di tanya pasti jawab nya perbanyak transaksi .tolong dong aplikasi dana jangan selalu beralasan dngan perbanyak transaksi...,3,2026-04-16 02:53:05,Netral
puas,5,2026-04-16 02:47:45,Positif
"mudah ,cepat.aq suka",5,2026-04-16 02:47:38,Positif
sangat baik,4,2026-04-16 02:43:32,Positif
belum ada fitur dana instan,5,2026-04-16 02:41:23,Positif
bagus,5,2026-04-16 02:40:32,Positif
sangat baik,5,2026-04-16 02:36:09,Positif
aplikasi ini bener gratis,5,2026-04-16 02:33:18,Positif
bagus,5,2026-04-16 02:32:32,Positif
knpa dana sya ga muncul dana cicilannya sedangan teman saya ada,4,2026-04-16 02:32:02,Positif
bagus,5,2026-04-16 02:28:48,Positif
sangat membantu,5,2026-04-16 02:25:40,Positif
dana buat kirim uang cepet,5,2026-04-16 02:23:37,Positif
fleksibel dan sangat mudah,5,2026-04-16 02:17:19,Positif
bagus,5,2026-04-16 02:16:59,Positif
sangat membantu,5,2026-04-16 02:08:43,Positif
Transaksi yg baik dan Cepat,5,2026-04-16 02:05:46,Positif
learn bissa,5,2026-04-16 02:04:57,Positif
mantap,5,2026-04-16 02:00:59,Positif
baik,5,2026-04-16 01:58:21,Positif
mantap,5,2026-04-16 01:57:20,Positif
apknya bagus,5,2026-04-16 01:57:05,Positif
lebih mudah bertransaksi 😍,5,2026-04-16 01:56:39,Positif
sangat membantu,5,2026-04-16 01:54:12,Positif
"bagus untuk penggunaan sehari""",5,2026-04-16 01:53:39,Positif
sayah kecewa dengan akun dana sayah setiap mau kirim uang pake qris qris nyah kga muncul,1,2026-04-16 01:44:49,Negatif
smgat bgus,5,2026-04-16 01:44:11,Positif
saya bersyukur karena walau saya masih kecil tapi orang tua saya memiliki aplikasi ini jadi saya bisa upgrade dana premium,5,2026-04-16 01:42:16,Positif
ok banget,5,2026-04-16 01:41:46,Positif
bagus,5,2026-04-16 01:41:36,Positif
ga bisa cetak qris,5,2026-04-16 01:41:20,Positif
ga amanah,1,2026-04-16 01:41:09,Negatif
transfer cepat dan aman 👍,5,2026-04-16 01:40:51,Positif
ok,5,2026-04-16 01:39:36,Positif
blm bisa aktif dana cicil,5,2026-04-16 01:39:09,Positif
mantap,5,2026-04-16 01:36:48,Positif
ok,5,2026-04-16 01:36:05,Positif
sangat terbantu,5,2026-04-16 01:35:24,Positif
"transaksi ribet. gagal terus berulang ulang. mau TF 10jt aja 2 hari ngga kelar""",1,2026-04-16 01:32:10,Negatif
sangat puas,5,2026-04-16 01:31:50,Positif
sangat cocok digunakan untuk melakukan transaksi,5,2026-04-16 01:31:38,Positif
oke,5,2026-04-16 01:30:13,Positif
mantap,5,2026-04-16 01:23:28,Positif
"bener bener apk sampah, saat proses verifikasi daftar kota/kabupaten malah ga lengkap hadeuh",1,2026-04-16 01:22:37,Negatif
Sangat baik 😍😍,5,2026-04-16 01:22:27,Positif
bagus dana ATM dana bagus,5,2026-04-16 01:20:59,Positif
"dana bisa tiba tiba hilang saldo pas kita tanya katanya uang tidak bisa balik lagi, karena transanksi sudah berhasil, jadi kurang bertanggung jawab",2,2026-04-16 01:17:48,Negatif
"apk gj saldo gw ilang 61k, perbaikilah jangan kek gitu",5,2026-04-16 01:17:02,Positif
sangat membantu,5,2026-04-16 01:17:00,Positif
qr dana bisnis gak muncul dan sudah melewati batas waktu yang ditentukan,2,2026-04-16 01:14:08,Negatif
sangat baik,5,2026-04-16 01:13:23,Positif
akun udah prempium tapi fitur dana cicil ngak ada. pdahal udah banyak kali transaksi juga.. jadi aku kasih Bintang 1.,1,2026-04-16 01:09:25,Negatif
kenapa akun saya tdk ada dana cicilnya,2,2026-04-16 01:08:52,Negatif
baik,4,2026-04-16 01:08:47,Positif
"sampahhhhh, cuihhhh",5,2026-04-16 01:08:21,Positif
sangat membantu dan memudahkan memuaskan,5,2026-04-16 01:08:16,Positif
okeee,5,2026-04-16 01:01:46,Positif
kenapa punya saya ngak ad dana cicil,5,2026-04-16 01:01:35,Positif
sangat membantu pokoke nya,5,2026-04-16 00:58:12,Positif
lancar,5,2026-04-16 00:58:07,Positif
dana memang bank digital yang bagus membantu transfer cepat,4,2026-04-16 00:57:52,Positif
mantap👍,5,2026-04-16 00:56:38,Positif
koq sekarang susah di pembayaran,5,2026-04-16 00:54:20,Positif
okee mntp,5,2026-04-16 00:54:04,Positif
cepat tepat,5,2026-04-16 00:52:33,Positif
terbaik,5,2026-04-16 00:51:23,Positif
mantap,5,2026-04-16 00:47:27,Positif
mantap,5,2026-04-16 00:44:21,Positif
Mantap Bosku,5,2026-04-16 00:43:55,Positif
"enak punya dana,bisa belanja sepuasnya",5,2026-04-16 00:43:16,Positif
bagus,3,2026-04-16 00:42:57,Netral
kenapa kode otp ga pernah masuk si ke emaild dari dulu,1,2026-04-16 00:36:57,Negatif
tidak ada fitur cicilan,1,2026-04-16 00:32:20,Negatif
sangat baik,5,2026-04-16 00:32:06,Positif
bagus,5,2026-04-16 00:29:34,Positif
mantap,5,2026-04-16 00:28:48,Positif
"untuk sampe saat ini menurut saya bagus,, dana cicil sudah muncul tapi belum bisa ajukan dana cicil nya",5,2026-04-16 00:24:12,Positif
sangat membantu,4,2026-04-16 00:20:56,Positif
sangat membantu sekali,5,2026-04-16 00:18:56,Positif
bagus,5,2026-04-16 00:16:18,Positif
dana hanya main potong saldo tanpa alasan jelas,1,2026-04-16 00:15:53,Negatif
Sangat membantu,5,2026-04-16 00:14:03,Positif
dana cicil tidak bisa di gunakan padah saldo nya ada,5,2026-04-16 00:10:03,Positif
APK DANA sangat membantu bisnis saya,5,2026-04-16 00:09:05,Positif
mantap,5,2026-04-16 00:05:28,Positif
lumayan,4,2026-04-15 23:59:55,Positif
Lagi dan lagi uang ku hilang 50.000 padahal saya tidak mempunyai tagihan apps,1,2026-04-15 23:55:35,Negatif
sangat baik,5,2026-04-15 23:53:38,Positif
sangatt bagusss sekali 🥰,5,2026-04-15 23:53:20,Positif
blm dapat fitur pinjaman udah lama pake dana padahal,3,2026-04-15 23:51:41,Netral
good happy,5,2026-04-15 23:51:16,Positif
ok,5,2026-04-15 23:50:39,Positif
mantap 1 detik uang langsung masuk,5,2026-04-15 23:45:19,Positif
mantap,5,2026-04-15 23:42:20,Positif
"harus premium dulu dan uang aku 60,000,00 tidak bisa di pakai apa-apa 🙃☹️",1,2026-04-15 23:38:10,Negatif
mudah trima&kirim uang,5,2026-04-15 23:37:18,Positif
bagus,5,2026-04-15 23:34:09,Positif
sangat puas no ribet,5,2026-04-15 23:32:23,Positif
tolomg aktifkan kembali dana cicil saya ..karan sudah ada tapi tidak bisa di pakai,5,2026-04-15 23:31:12,Positif
mudah dan cepat juga aman,5,2026-04-15 23:20:15,Positif
sangat mudah,5,2026-04-15 23:12:33,Positif
metode yang cepat,5,2026-04-15 23:12:20,Positif
sangat bgus dgn memakai aplikasi dana ini kita g repot2 LG untuk mentransfer duit kita 👍👍👍,5,2026-04-15 23:10:08,Positif
masa dana cicil saya ga bisa di pakai padahal udah sering transaksi pake dana aneh banget,1,2026-04-15 23:08:56,Negatif
sangat membantu,5,2026-04-15 23:07:00,Positif
saldo saya hilang 500000 tanpa ada konfirmasi dari saya tidak ada tindak lanjut dari apalikasi DANA mulai detik ini saya berhenti mwmakai aplikaai ini,1,2026-04-15 23:05:10,Negatif
"ya tuhan susah betul. untuk pemindahan akun atau pengganti an nomor karena kartu hp saya hilang, dan tidak bisa uang sudah tertahan diakun dana. apakah jaminan uang kembali itu hoax aja diakun dana sdh berapa kali mencoba sampai sekarang juga gak bisa pihak dana plisss kasih nomor wa yang resmi. bisa saya hubungi",2,2026-04-15 23:03:46,Negatif
"KATANYA SEMINGGU JADI QRISNYA , TAPI INI UDH HMPIR 2 MINGGU BELM ADA JUGA , HADEH",1,2026-04-15 22:57:05,Negatif
good,5,2026-04-15 22:51:16,Positif
👍,5,2026-04-15 22:46:47,Positif
sangat bangus,5,2026-04-15 22:46:36,Positif
mempermudah,5,2026-04-15 22:46:29,Positif
Aplikasi'y bagus sangat membantu dan aman,5,2026-04-15 22:34:13,Positif
sangat baik,5,2026-04-15 22:32:29,Positif
semoga secepatnya bisa aktivasi dana cicil,5,2026-04-15 22:31:55,Positif
mudah dan cepat,5,2026-04-15 22:29:41,Positif
transaksi jdi lebih cepat dan mudah,5,2026-04-15 22:27:58,Positif
MANFAAT BANGET,5,2026-04-15 22:27:33,Positif
"bagus,ngk perlu pakai Bank,dh moderen 🙏💪",5,2026-04-15 22:25:08,Positif
Dana sangat membantu saya,5,2026-04-15 22:24:41,Positif
Okk mantap,5,2026-04-15 22:19:56,Positif
👍,5,2026-04-15 22:12:47,Positif
"Akun saya bisa login tapi udah berbulan-bulan nggak bisa transfer, isi pulsa, dan terima uang. Saldo masih 5 ribu. Ini kenapa ya,? Mohon bantu buka pembatasannya. jika tidak bisa di gunakan untuk apa juga aplikasi ini. jika akun ku sudah membaik, akan saya berikan bintang 5.",3,2026-04-15 22:11:37,Netral
cara menghapus riwayat transaksi dana,2,2026-04-15 22:10:51,Negatif
"terima kasih akun dana ini benar-benar membantu Banget, memudahkan semuanya 🥰🫶👏✨",5,2026-04-15 22:10:34,Positif
ok,5,2026-04-15 22:09:59,Positif
kenapa dana cicil gak bisadipakai padahal limit tersedia sudah 2bln ini,5,2026-04-15 22:08:59,Positif
keren top,5,2026-04-15 22:07:13,Positif
apk nya bagus sih buat top up 🌚 tapi pas gw mau ambil hadiah di dana deals malah ngeleg jaringan gw Udah enak banget loh 🌚,5,2026-04-15 22:01:48,Positif
keren,5,2026-04-15 21:57:21,Positif
mantap,5,2026-04-15 21:49:58,Positif
"BURUK SEKALI! beli pulsa pakai voucher setengah harga, pas dibeli vocher nya ternyata gabisa dipakai! minta bantuan cs nya 2 hari gada kejelasan.. malah disuruh beli lagi kan bodoh",1,2026-04-15 21:49:11,Negatif
sangat membantu transaksi keuangan,5,2026-04-15 21:46:12,Positif
mantap,5,2026-04-15 21:42:43,Positif
ok untuk usaha,5,2026-04-15 21:33:57,Positif
APLIKASI TIDAK AMAN SALDO SAYA 1JT SAYA PKE 50RB SISA SALDO YA MALAH JDI 672RB😡 PADAHAL DANA SAYA PREMIUM KE AMANAN BAGUS SANDI CUMA SAYA YANG TAU KOK BISA GITU??,1,2026-04-15 21:32:31,Negatif
"dana cicil ny GK bisa di pakai, padahal dh lunas, tapi malah GK bisa di gunakan sama sekali ! aneh banget",1,2026-04-15 21:32:24,Negatif
mantap,5,2026-04-15 21:28:31,Positif
sangat membantu sekali,5,2026-04-15 21:27:28,Positif
dana cicilan saya tidak bisa di gunakan,5,2026-04-15 21:26:14,Positif
bagus,5,2026-04-15 21:23:13,Positif
sangat mebantu,5,2026-04-15 21:14:49,Positif
sangat membantu trimakasih dana semoga sukses,5,2026-04-15 21:04:29,Positif
sangat berguna,5,2026-04-15 21:03:14,Positif
bagus vitur yg dlu mau pindah akun saldo akun lama otomatis pindah sekarang gak bisa sangat buruk..jaman sekarang nomer suka mati karna kadang sering lupa isi pulsa sekarang sudah banyak pake wifi rumah..buat dana tlg fitur pindah akun premium lgsung sekalian saldo akun lama ikut ke akun baru...,1,2026-04-15 20:56:28,Negatif
sebelum upgrate tertulis tanda paylater...sekali upgrate barusan malah gak ada lagi...padahal pake app dana udah tahunan...Dlm 1 bulan sering melakukan transaksi penuh... chat admin nya dana cicil jawaban nya ngawur...teman saya cuma pake 3tahun aja udah ada dana cicil nya...semakin hari bikin gak jelas ini app Dana...SANGAT MEMBAGONGKAN!!!!,1,2026-04-15 20:56:27,Negatif
"tingkatin lagi keamanan nya,dan bug nya perbaiki,jangan terlalu banyak fitur ga berguna,ngelag jadinya. .",4,2026-04-15 20:54:05,Positif
keren,5,2026-04-15 20:52:41,Positif
"sudah 2× saldo saya terkuras habis dgn transaksi yg tidak saya lakukan sama sekali,, mencoba melaporkan Ke Dianaa di menunggu 7 hari dah hasilnya pihak Dana tidak mau tau dan sesimpel ituu kahh pihak Danaa ketika pengguna aplikasinya mengalami hal seperti ituu,z dan trimksh buat Dianaa yang menyuruh saya menunggu 7 hari kedepan yg mana hasilnya bakalan sama saja seperti yg pertama kali hal seperti ini terjadi ke akun dana sayaa",1,2026-04-15 20:48:42,Negatif
bagus,5,2026-04-15 20:47:00,Positif
👍👍👍👍👍,5,2026-04-15 20:46:10,Positif
sangat m,5,2026-04-15 20:32:56,Positif
sangat bagus,5,2026-04-15 20:30:30,Positif
bgus sekari,5,2026-04-15 20:29:53,Positif
ok,5,2026-04-15 20:28:20,Positif
maantap,5,2026-04-15 20:06:24,Positif
"saya punya dana 61rb trs TF 25rb ke orang,terus kok sisa 16rb sih gmn ini",2,2026-04-15 20:03:25,Negatif
DANA CICIL SUDAH ADA LIMIT NAMUN TIDAK BISA DI GUNAKAN KENDALANYA DI MANA??,4,2026-04-15 19:59:19,Positif
apk abal abal parah,1,2026-04-15 19:57:38,Negatif
mantap,5,2026-04-15 19:54:13,Positif
sangat mudah cocok untuk semua transaksi,5,2026-04-15 19:54:06,Positif
bagus poreses cepat,5,2026-04-15 19:54:03,Positif
tidak ada fitur dana cicil,3,2026-04-15 19:54:01,Netral
mohon aktifkan fitur dana cicil saya,4,2026-04-15 19:48:32,Positif
👍👍😎,5,2026-04-15 19:40:15,Positif
"aplikasi yg tidak bisa membantu, karena aplikasi ini bisa di bobol sama orang yg tidak bertanggung jwb dan tida ada solusi dari pihak aplikasi nya sendiri yg ada prtanyaan nya di bolak balik sama pihak apk ini padahal jelas"" pengguna apk ini melaporkan bahwa saldo di apk nya ad 500ribu dan tiba"" ada yg ngambil di belikan nya ke pulsa saldo saya, dan laporan saya ke pihak aplikasi hanya mendapatkan jwbn yg di putar"" tida bisa membantu, aplikasi macem apa ini",1,2026-04-15 19:36:28,Negatif
bags sekali,5,2026-04-15 19:33:55,Positif
sangat sangaaaaattttttt meeeeeeeee,5,2026-04-15 19:29:39,Positif
sngt membantu,5,2026-04-15 19:28:55,Positif
oke,5,2026-04-15 19:28:24,Positif
"Dana cicil nya udah dilunasi kok gak bisa dipakai lagi ,buat kecewa . setiap ada kebutuhan mendesak selalu tidak tersedia",1,2026-04-15 19:25:45,Negatif
tolong batu saya dana cicilan saya gak bisa,5,2026-04-15 19:24:24,Positif
sangat bagus,5,2026-04-15 19:21:31,Positif
saya senang gunakan aplikasi Dana ini aman terkendali,4,2026-04-15 19:20:25,Positif
ok,5,2026-04-15 19:19:29,Positif
baik dan aman,5,2026-04-15 19:15:24,Positif
aneehh ... bisa2 nya saldo 241 ribu transaksi 30 ribu lewat qriss saldo sisa 181 ribu .. koq bisa transaksi ku jadi ganda,3,2026-04-15 19:15:18,Netral
ok,5,2026-04-15 19:11:14,Positif
"sangat,,sangat membantu dalam proses menabung uang, dan mudah cara penggunaannya...",5,2026-04-15 19:09:51,Positif
sangat baik & sangat membantu,5,2026-04-15 19:09:22,Positif
Sangatta membantu,5,2026-04-15 19:08:53,Positif
sampai sekarang menggunakan DANA karna membatu bertransaksi dan memudahkan,5,2026-04-15 19:04:20,Positif
kenapa ya sekarang dana cicil nya ga bisa digunakan,5,2026-04-15 19:02:56,Positif
gimana bisa buka tanpa ada passkey,1,2026-04-15 19:02:35,Negatif
DANA APLIKASI SAMPAH KAGA GUNA ADA DAN CICIL KAGA BISA AKTIVASI PAKE DANA TIAP HARI JUGA,1,2026-04-15 19:01:35,Negatif
thebesttt,5,2026-04-15 18:59:40,Positif
belum ada kendala,5,2026-04-15 18:56:22,Positif
parah banget saya ga bisa kirim uang padahal akun saya udah jelas jelas terferipikasi jadi akun premium tapi tetap ajah ga bisa kirim dulu normal normal ajah pas udah upgrade malah ga bisa di gunakan,1,2026-04-15 18:55:39,Negatif
bagus,5,2026-04-15 18:54:41,Positif
mantap,5,2026-04-15 18:50:00,Positif
"jujur kecewa ni apk minta sy untuk ikhlas terus terlalu banyak meyakinkan dengan fitur keamanan dan jaminan uang kembali TPI setiap sy ketipu, transaksi yg tanpa seizin sy mlh di konfirmasi saat sy minta agar transaksinya di batalkan dan kembalikan uang sy Mereka sama sekali GK bisa membantu dan hanya memberikan Nasehat tentang maraknya penipuan,yg puhdl jelas2 mereka Tau GK semua karna kelalaian kita,kita GK tau teman saudara atau siapa kah yg pake hp trus masuk situs penipuan atau apakah itu",1,2026-04-15 18:47:38,Negatif
simple,5,2026-04-15 18:40:37,Positif
sangat bagus,5,2026-04-15 18:40:03,Positif
sangat baik,5,2026-04-15 18:34:29,Positif
fitur dana cicil saya sudah ada tetapi tidak bisa aktifasi,5,2026-04-15 18:34:00,Positif
dana cicilan,5,2026-04-15 18:30:35,Positif
mantap,5,2026-04-15 18:29:30,Positif
bagus,5,2026-04-15 18:27:52,Positif
"itu mybills tiba"" ada tagihan pulsa.. pdhal kagak pernah ngisi pulsa lewat dana",1,2026-04-15 18:26:57,Negatif
bagus,5,2026-04-15 18:25:50,Positif
jos,5,2026-04-15 18:25:46,Positif
"apk dana ini kaya gk ada yg ngembangkan malh robot yg di pake, uang saya hilang tapi tidak bisa kmbali cara tutup akunya gimna ini",1,2026-04-15 18:25:33,Negatif
limitnya tolong d tambah,3,2026-04-15 18:25:23,Netral
ok,5,2026-04-15 18:22:51,Positif
di aplikas dana saya tidak ada dana cicil nya,2,2026-04-15 18:20:59,Negatif
mantullll.....,5,2026-04-15 18:19:50,Positif
baik,1,2026-04-15 18:18:11,Negatif
sangat bagus,4,2026-04-15 18:16:36,Positif
👍👍👍👍👍,5,2026-04-15 18:13:08,Positif
ga jelas saldo tiba tiba ilang,1,2026-04-15 18:11:45,Negatif
bagus in aplikasi yang lagi hot dan viral,5,2026-04-15 18:09:08,Positif
nicee,5,2026-04-15 18:08:41,Positif
mohon maaf min tolong permudah penggantian nama akun dana bisnis🙏,2,2026-04-15 18:07:05,Negatif
sangat nyaman pake aplikasi dana,5,2026-04-15 18:06:17,Positif
sangat membantu,5,2026-04-15 18:05:02,Positif
ok,5,2026-04-15 18:02:35,Positif
limit dana Cicil saya tersedia tapi tidak bisa di gunakan padahal selalu transaksi tolong di bantu,5,2026-04-15 17:58:36,Positif
gk perna dapat dana cicil,5,2026-04-15 17:57:32,Positif
bagus bisa simpan dang kirim,5,2026-04-15 17:53:21,Positif
asisten dana tidak membantu,1,2026-04-15 17:50:37,Negatif
bagus,4,2026-04-15 17:50:23,Positif
aplikasi gak jujur di voucher dituliskan hadiah Rp5000 cek in selama 7 hari nyatanya 50 rupiah,1,2026-04-15 17:49:43,Negatif
"aplikasi menguji kesabaran banyak transaksi gagal QRIS tidak bisa ngebaca, kalau transaksi lama betul terlalu banyak aturan yg mengharuskan upgrade ke dana premium lah lomat",1,2026-04-15 17:48:29,Negatif
sangat membantu,5,2026-04-15 17:46:10,Positif
"semakin aneh ini aplikasi, semakin banyak fitur semakin tidak berfungsi... sekarang malah tidak bisa melakukan pembayaran melalui Qris, dan aplikasi yang ditautkan ke akun DANA sendiri",1,2026-04-15 17:45:09,Negatif
akses dana cicil,5,2026-04-15 17:40:47,Positif
woy saldo gw mengendap tolong buka dana nya tanpa harus otp biar pun nomer SDH tidak aktip tapi pin sama verifikasi wajah gw SDH lngkap tolong buka akun dana gw di saldo dana gw ada 195000,5,2026-04-15 17:39:53,Positif
saya tidak bisa menambahkan kartu bank..tolong di batu.,5,2026-04-15 17:37:05,Positif
mantap,5,2026-04-15 17:36:37,Positif
bgus,5,2026-04-15 17:33:23,Positif
"saldonya kadang"" bisa hilang min gimna",5,2026-04-15 17:32:33,Positif
👍,5,2026-04-15 17:32:19,Positif
ok,5,2026-04-15 17:31:12,Positif
bagus,5,2026-04-15 17:29:26,Positif
bagus,5,2026-04-15 17:26:24,Positif
👍🏻👍🏻,5,2026-04-15 17:23:54,Positif
"tolong dong dana cicil saya sudah muncul tapi kenapa blm bisa di gunakan sedangkan transaksi saya sudah besar,kalau dana cicil saya ga bisa idigunakan percuma ada juga blm dapet digunakan dana cicil saya kapan sih blm bisa digunakan tolong dong jika ga bisa digunakan buat apa ada diakun saya",3,2026-04-15 17:23:27,Netral
sngat bagu,5,2026-04-15 17:23:23,Positif
bagus tapi gk muncul dana cicil,5,2026-04-15 17:22:52,Positif
mantap tp gak bisa buat kirim uang,5,2026-04-15 17:22:30,Positif
sangat membantu/mempermuda,5,2026-04-15 17:22:21,Positif
kenapa akun saya gak ada fitur dana cicil padahal udah premium akunnya,1,2026-04-15 17:21:44,Negatif
cara login akun dana tampa kode otp,5,2026-04-15 17:19:59,Positif
menyenangkan,5,2026-04-15 17:18:41,Positif
"sudah ketik nomor benar malah tiba tiba direkomendasikan nomor baru dan lama,al hasil saldo saya hangus dan tidak ada penolong an sama sekali, padahal nomor yang di tuju sudah tidak bisa dihubungi",1,2026-04-15 17:09:38,Negatif
aplikasinya LBH bagus,5,2026-04-15 17:09:17,Positif
mantap,5,2026-04-15 17:07:48,Positif
full ok aplikasinya,5,2026-04-15 17:07:12,Positif
bagusss,5,2026-04-15 17:01:25,Positif
tolong buat ini aplikasi.. kalau HP hilang kartu hilang.. bagaimana cara agar bisa login di HP baru..,5,2026-04-15 17:00:42,Positif
"kagett aja gitu dana pacar saya ilang tiba tiba di dana,tolong bantuannya dong,dicek mutasi gada mutasi transfer",1,2026-04-15 16:56:12,Negatif
dana cicil nya saya ngk bisa di pake,5,2026-04-15 16:54:40,Positif
Bagus,5,2026-04-15 16:51:42,Positif
good,5,2026-04-15 16:50:57,Positif
mau smaplay palylater benar,5,2026-04-15 16:50:53,Positif
mantap dana,5,2026-04-15 16:50:44,Positif
"lumyan baik , tpi akau kompalain nya untuk kalau mau masuk di aplikasi lama sekalii min biapun kalauuu jeringan dah bagus lambat bnget masuknya",3,2026-04-15 16:50:41,Netral
kenapa punya saya g ada dana cicil,2,2026-04-15 16:49:13,Negatif
aku udh Lama pake Dana tapi sayang Qriss aku gk bisa padahl butuh buat usaha. udh coba daptar Dana bisnis retep ajh gk bisa padahal aku udh nunggu 1 bulan nyampe sekrang gk bisa juga. alasan Qriss mu masih dalm percetalannn. Mau sampai kapan weyyy,2,2026-04-15 16:48:24,Negatif
good,5,2026-04-15 16:47:46,Positif
bagus,5,2026-04-15 16:47:14,Positif
sangat membantu dekali,5,2026-04-15 16:46:56,Positif
"saran, tolong di kasih fitur pinjaman, bayar nanti, atau saldo gratis",3,2026-04-15 16:44:55,Netral
terbaik,5,2026-04-15 16:44:52,Positif
wow,5,2026-04-15 16:44:31,Positif
apk nya sering keluar sendiri. apa solusinya,2,2026-04-15 16:41:27,Negatif
aplikasi ini sangat berguna,5,2026-04-15 16:39:11,Positif
dana cicil tolong,5,2026-04-15 16:37:52,Positif
gimana sih dana ini. gak aman bangget. dana saya hilang. tiba tiba ada notifikasi masuk metode mebayran berhasil padahal saya sedng tidak melakukan transaksi apa pun. dan tiba tiba saldo nya kesedot. jujur saya kecewa padahal saldo itu untuk membayran barayan saya untuk tes,2,2026-04-15 16:37:46,Negatif
Aplikasi ke uangan yg sangat lengkapp,5,2026-04-15 16:36:56,Positif
👌,5,2026-04-15 16:36:21,Positif
bintang 4 dulu,4,2026-04-15 16:32:50,Positif
berkualitas dan bagus,5,2026-04-15 16:32:41,Positif
"good, cepat dan puas",5,2026-04-15 16:32:39,Positif
semuanya dari fitur dana bagus lah nah kenapa saya kasih 4 karena saya aa main game ocean kok gak naik naik sih koin nya padahal dikit lagi mau nyampe tapi tetep stak nya di 7 899 dan 399 ada apa ini,4,2026-04-15 16:28:12,Positif
"tolong di perbaiki lagi bos,, kalau motong saldo akun dana cicil harus ada bukti pemotongannya dari aplikasi. saya kasih bintang ⭐⭐ dulu sampai ini di perbaiki lagi..",2,2026-04-15 16:25:43,Negatif
sangat puas juga aplikasi nya juga cepat,5,2026-04-15 16:20:03,Positif
good,5,2026-04-15 16:19:43,Positif
Alhamdulillah sangat membantu,5,2026-04-15 16:18:44,Positif
Bagus,3,2026-04-15 16:15:39,Netral
dana sangat luar biasa,5,2026-04-15 16:15:32,Positif
APLIKASI TERJELEK YANG PERNAH SAYA PAKAI YA DANA INI .MENDING PINDAH AJA MASIH BANYAK DOMPET DIGITAL YANG LEBIH AMAN DAN AMANAH 👎👎👎👎👎👎👎👎👎👎👎👎👎👎👎👎👎👎👎👎👎👎👎👎👎👎👎👎👎👎👎👎👎👎👎👎👎👎👎👎,1,2026-04-15 16:15:03,Negatif
"stop, jangan pake aplikasi ini, merugikan kek yg saya alamin, tiba tiba akun terduplikat bisa 2 nomor dengan 1 NIK, akibatnya saldo hilang, sudah ke pusat bantuan lewat apk dana, email, medsos nya pun gaada yg bisa ngasih saya penjelasan atas kerugian ini. mengecewakkan sekali ! 👎",1,2026-04-15 16:14:52,Negatif
bgus,5,2026-04-15 16:13:43,Positif
piltur nya bagus tpi sayang kok punya saya gk ada dana cicil nya y,5,2026-04-15 16:12:48,Positif
positif,5,2026-04-15 16:12:34,Positif
sangat aman,5,2026-04-15 16:12:32,Positif
udah upgrade tapi masih di suruh upgrade,1,2026-04-15 16:11:00,Negatif
sangat membantu,5,2026-04-15 16:08:31,Positif
"oke untuk saat ini, pelayanan cepat mudah gampang da bisa akses dimnapun transaksi cepat mudah aman",5,2026-04-15 16:03:04,Positif
dana app praktis untuk transaksi dimanapun berada dan mudah digunakan oleh siapa saja,4,2026-04-15 16:02:40,Positif
ok,5,2026-04-15 16:01:29,Positif
sangat bagus,5,2026-04-15 15:59:59,Positif
mantap,5,2026-04-15 15:59:56,Positif
mantap,5,2026-04-15 15:56:00,Positif
sanggar membantu dan mudah di gunakan,5,2026-04-15 15:55:39,Positif
bagus,5,2026-04-15 15:55:18,Positif
sangat puas,5,2026-04-15 15:54:51,Positif
"asisten dana sangat buruk, saya sangat kecewa karena tidak bisa membantu saya, uang saya hilang tidak ada rasa tanggung jawab",1,2026-04-15 15:54:40,Negatif
mantap,5,2026-04-15 15:54:04,Positif
dana instan GK ada,5,2026-04-15 15:53:13,Positif
tolong munculin pitur dana cicil saya,3,2026-04-15 15:48:24,Netral
tolong bantu dana cicil saya belum muncul.,5,2026-04-15 15:46:51,Positif
bagus bnget buat nyimpen uang,5,2026-04-15 15:42:29,Positif
"mudah mudahan seperti akun dana org lain,,ada fitur dana cicil,,jadi kalau terdesak gak susah cr pinjaman SM orang lain 👍👍👍🙏",5,2026-04-15 15:40:11,Positif
yeahh,5,2026-04-15 15:37:46,Positif
Saya kasih Bintang 3 aja dulu karna saya selalu gagal dalam pemindahan akun udah berbulan bulantapi tidak pernah berhasil,4,2026-04-15 15:36:54,Positif
setelah di update malah aneh nih aplikasi makin kesini makin gak jelas... dana instan saya sekarang ngga bisa di gunakan padahal udah lunas dan ngga pernah telat tolong di perbaiki dana instan saya dan tolong dana intan saya jangan di kaitkan di adakami semenjak dana instan di kaitkan di adakami udh 2 bln dana instan saya ngga bs di gunakan kalo sampe dana instan saya ngga bisa di gunakan kmbali saya uninstall ngga mau lagi pake dana,1,2026-04-15 15:36:35,Negatif
dana cicil saya tidak bisa dipakai,3,2026-04-15 15:36:24,Netral
nomer saya sudah tidak aktif hp di riset mau masuk akun dana ga bisa udah coba hubungi Diana sampe saat ini gada jalan keluar untuk maslah ini. makasih nya masih ada saldo di akun lama,1,2026-04-15 15:35:20,Negatif
dana enggak ada perbaikan minta bantuan ke sistem Diana siap membantu malah ngawur pokoknya dana parah banget 2026 sekarang tidak di rekomendasikan untuk sekarang sekarang parah,1,2026-04-15 15:32:18,Negatif
yang ini belum update ini,1,2026-04-15 15:28:50,Negatif
"gjls ajg, saldo tau2 ilang untung ga trllu bnyk. apk ap ini, pdhl dah 3 taunan mke, kmren tau2 ilang pas cek saldo",1,2026-04-15 15:25:06,Negatif
bagus untuk transaksi namun di akun saya tidak ada dana cicil nya,5,2026-04-15 15:24:54,Positif
good,3,2026-04-15 15:24:25,Netral
dana saya dibajak orang menggunakan aplikasi ini.,5,2026-04-15 15:23:42,Positif
"sangat bagus, dan membatu",5,2026-04-15 15:23:19,Positif
ko ga muncul juga dana cicil yah ya,5,2026-04-15 15:23:16,Positif
"susah banget orng mau tf ke temen, malah gbisa karna terlalu banyak transaksi harus sabar lahh apaa lahh, padahal udh coba 1jam",1,2026-04-15 15:21:06,Negatif
aman dan berkualitas,5,2026-04-15 15:19:40,Positif
bagus,5,2026-04-15 15:19:31,Positif
pake dana emang ok,3,2026-04-15 15:16:07,Netral
melebihi bagus,5,2026-04-15 15:15:41,Positif
Is the bezt,5,2026-04-15 15:15:12,Positif
sangat membantu,5,2026-04-15 15:14:27,Positif
sangat cocok untuk di gunakan,5,2026-04-15 15:13:53,Positif
"Aku suka pakai aplikasi ini,, Sangat membantu, ka knp dana aku ngak bisa kirim uang sama isi token",5,2026-04-15 15:13:00,Positif
muncul kan dana cicilannya laaahhh,4,2026-04-15 15:12:25,Positif
"Belum bisa dana cicil, padahal udah lama makenya, dan selalu transaksi tiap bulannya",4,2026-04-15 15:10:54,Positif
Sukses terus,5,2026-04-15 15:09:53,Positif
bagus banget aplikasi.y....,5,2026-04-15 15:09:22,Positif
meyenangkan,2,2026-04-15 15:09:07,Negatif
mantap,3,2026-04-15 15:08:50,Netral
mantap dana,5,2026-04-15 15:07:42,Positif
percuma ada dana cicil susah lunas tapi tidak bisa di pakai mending hapus aja fiture dana cicil nya gak ada manfaat dan fungsi nya,1,2026-04-15 15:06:35,Negatif
"haloo min mau ngasi saran aja, mending untuk akun dana yg tidak di pakai dalam waktu 3-6bln hapus data ktp, karena kebanyakan akun yg lama tidak di pakai di sebabkan oleh hilang handphone dan seluruh akses login, jadi ketika mau bikin akun baru dengan ktp sama itu sangat sulit jadi tolong untuk pihak dana",3,2026-04-15 15:06:24,Netral
bagus,5,2026-04-15 15:06:20,Positif
baik,5,2026-04-15 15:03:09,Positif
mantap,5,2026-04-15 15:02:29,Positif
sangat mudah bertransaksi,5,2026-04-15 15:01:02,Positif
Aplikasi yg super bagus,5,2026-04-15 14:59:56,Positif
ok,4,2026-04-15 14:59:04,Positif
"halo developer dana,saya ingin mengajukan keluhan, kenapa ya limit TF dana tidak ada batas aja gitu, soalnya kan yang mau TF ke orang lain tapi udah limit kan gimana,sama satu lagi,kalo bisa dana+ nya jangan pake KTP,saran aku sih ganti aja ke kk,biar orang ngga kesusahan saat ingin mengupgrade dana!",2,2026-04-15 14:57:30,Negatif
sangat baik,5,2026-04-15 14:55:02,Positif
Tidak bisa aktivasi dana cicil,5,2026-04-15 14:54:58,Positif
manteep,5,2026-04-15 14:54:05,Positif
sudah bertahun tahun pake dana premium tapi pitur gitu gitu aja.,3,2026-04-15 14:52:54,Netral
mempermudah,5,2026-04-15 14:51:42,Positif
"aplikasi nya bagus , kalo gk bawa dompet kan bisa CRIS , pokoknya mantap dehh , apa lagi buat para remaja-remaja Indonesia mantap dehh 😅😅🙏🙏",5,2026-04-15 14:50:10,Positif
sangat puas,5,2026-04-15 14:49:33,Positif
sangat baik,5,2026-04-15 14:48:33,Positif
hapus fitur dana cicilnya percuma kalo gabisa di gunakan bikin orang ngarep!!!,2,2026-04-15 14:48:02,Negatif
cara mengaktifkan kan dana instan gimna ya,3,2026-04-15 14:47:54,Netral
menghapus akun dana,5,2026-04-15 14:46:16,Positif
BagusMbatu,5,2026-04-15 14:46:12,Positif
bagus,5,2026-04-15 14:45:33,Positif
kok dana cicil sya gak muncul ya,2,2026-04-15 14:45:27,Negatif
suka,5,2026-04-15 14:44:49,Positif
mantap,5,2026-04-15 14:44:30,Positif
tidak bisa dana cicil,5,2026-04-15 14:43:58,Positif
bagus,5,2026-04-15 14:43:26,Positif
"aplikasinya bagus tapi sayangnya kemannya kurang. uang saya udh berapa kali tiba berkurang padahal tdk asal pencet link dan TDK di daftarkan ke apk yg GK jelas. semoga lebih di tingkatkan lagi keamanannya, terimasihhhh!!!.",1,2026-04-15 14:42:13,Negatif
bagus,5,2026-04-15 14:41:59,Positif
Aplikasinya keren cocok buat sy,1,2026-04-15 14:41:48,Negatif
di batasi saat mau top up game,1,2026-04-15 14:41:40,Negatif
bagus,3,2026-04-15 14:40:26,Netral
ada dana cicil lebih mantap sih xixixi,5,2026-04-15 14:39:59,Positif
ok bosku,5,2026-04-15 14:39:45,Positif
bagus,5,2026-04-15 14:38:14,Positif
WOIIIIII BARUSAN MAU BAYAR LEWAT INI KNP TIBA2 DISURUH UPGRADE PREMIUM MULU TOLONGLAHH🤬🤬🤬🤬🤬🤬,1,2026-04-15 14:38:03,Negatif
Substansinya sangat membanrtu,5,2026-04-15 14:37:49,Positif
👍,4,2026-04-15 14:35:01,Positif
👍👍👍,5,2026-04-15 14:34:40,Positif
akusuka aplikasi,5,2026-04-15 14:34:30,Positif
mantap,5,2026-04-15 14:31:43,Positif
mantap,5,2026-04-15 14:28:51,Positif
bagus,5,2026-04-15 14:28:38,Positif
mantul DANA,5,2026-04-15 14:27:57,Positif
"ko gak bisa buka aktifitas, otomatis gak bsa kirim bukti",3,2026-04-15 14:26:48,Netral
mantap mohon dibantu proses dana cicil kak,5,2026-04-15 14:25:51,Positif
sangat bagus,5,2026-04-15 14:24:57,Positif
punya saya ko nggk bisa pake dana cicil yah😆,5,2026-04-15 14:24:03,Positif
sangat berguna dan bermanfaat,5,2026-04-15 14:20:21,Positif
kirain di update makin kenceng eh taunya gk bisa masuk masuk,1,2026-04-15 14:20:01,Negatif
bagus,5,2026-04-15 14:19:26,Positif
bagus,5,2026-04-15 14:19:25,Positif
sangat memuaskan,5,2026-04-15 14:19:16,Positif
cepat n gak ribet,5,2026-04-15 14:18:17,Positif
aktifkan dana cicil,5,2026-04-15 14:17:58,Positif
luar biasa bagus,5,2026-04-15 14:17:49,Positif
sebaiknya setiap transaksi kirim konfirmasi ke Whatsapp biar lebih aman...,5,2026-04-15 14:17:28,Positif
cek aktivitas transaksi selalu pending.,5,2026-04-15 14:14:25,Positif
cukup baik,3,2026-04-15 14:13:58,Netral
luarbiasa,5,2026-04-15 14:12:46,Positif
pakai dana memang gak bikin ribet dan sangat simpel pembayaranya,5,2026-04-15 14:11:39,Positif
saya mau mengajukan fitur dana cicil dana saya,5,2026-04-15 14:11:05,Positif
oke,5,2026-04-15 14:08:42,Positif
good,4,2026-04-15 14:08:34,Positif
aman damai 🤭🥰,5,2026-04-15 14:07:40,Positif
👍,5,2026-04-15 14:02:55,Positif
kenapa dana bisnis saya tidak lolos salahnya dimana,5,2026-04-15 14:01:16,Positif
bagus,5,2026-04-15 14:00:36,Positif
sangat puas nafsu ku 😹,5,2026-04-15 13:59:47,Positif
tolong dana cicilnya di perbaikin lagi,5,2026-04-15 13:57:55,Positif
kenapa dana cicil saya bisa digunakan lagi? kenapa mesti di bekukkan ? padahal saya sudah melunasi semuanya . skrg knp jd kadaluarsa,5,2026-04-15 13:56:34,Positif
sinyal di hp saya stabil di bilang nya Gak stabil,3,2026-04-15 13:55:51,Netral
bagus membantu,5,2026-04-15 13:55:46,Positif
pokoknya mantap,5,2026-04-15 13:55:38,Positif
sangat memuasakan sukses selalu,5,2026-04-15 13:51:21,Positif
sangat bagus,5,2026-04-15 13:48:42,Positif
bagus,5,2026-04-15 13:48:02,Positif
simpanan,5,2026-04-15 13:46:12,Positif
"Saya akhir2 ini tidak bisa melakukan transaksi. Giliran isi saldo cepet. Giliran ditransfer balik ke rekening, dipake buat beli pulsa dll ga' bisa dengan alasan keamanan. Chat keadmin ai diana tidak ada solusi serta tidak membuahkan hasil. Tolong dong sistemnya diperbaiki, kami sebagai pengguna sangat kecewa dengan pelayanan aplikasi dana yang seharusnya sebagai akses untuk kelancaran keuangan digital tetapi merugikan pengguna.",3,2026-04-15 13:45:51,Netral
"APLIKASI SAMPAH. FITUR DARI APLIKASI DANA . SEPERTI DANA CICIL DAN DANA INSTAN .BERTAHUN"" ADA GA BISA DI PAKE GA ADA LIMIT NYA. BRU KALI INI PUNNYA APLIKASI TP CUMA TIPU"" FITUR NYA",1,2026-04-15 13:45:22,Negatif
baik aja,5,2026-04-15 13:41:55,Positif
gampang tidak repot,5,2026-04-15 13:41:46,Positif
tida aman uang hilang gada tanggung jawab nya,1,2026-04-15 13:41:18,Negatif
baik,5,2026-04-15 13:39:50,Positif
"bisa"" nya gw beli data 30 GB harga 109ribu pas masuk cuma ke isi 15 GB kocak, ga usah jualan data di dana klo ga jujur, bikin rugi orang, ga ikhlas banke, balikin duit gw, bilang 30gb masuknya cuma belasan, mending beli di my Telkom, sialan",1,2026-04-15 13:38:53,Negatif
good,5,2026-04-15 13:38:27,Positif
Mohon bantuannya tidak bisa login.. Sudah update versi terbaru..,5,2026-04-15 13:38:14,Positif
"dana viz nya ga berfungsi di saya, padahal mau narik uang di dana goals. sudah 3 bulan masalah ini terjadi, dan saya sudah mencoba berkonsultasi kepada diana(customer service) namun tanggapan yang diberikan sungguh tidak berguna.",1,2026-04-15 13:31:56,Negatif
terimakasih dana ... sangat membantu,5,2026-04-15 13:28:25,Positif
bagus,5,2026-04-15 13:28:15,Positif
transfer gagal,3,2026-04-15 13:27:05,Netral
sangat puas,5,2026-04-15 13:26:39,Positif
baik sekali,5,2026-04-15 13:25:25,Positif
ga ada pitur dana cicil punya sayah mah,1,2026-04-15 13:23:41,Negatif
terbaik,5,2026-04-15 13:23:24,Positif
saya memberi 5 star tapi kenapa akun dana saya tidak memiliki fitur dana cicil padahal saya SDH premium akun nya dan juga SDH lama saya menggunakan dan tolong lah,5,2026-04-15 13:22:38,Positif
bagus,5,2026-04-15 13:22:32,Positif
semoga membatu,5,2026-04-15 13:22:32,Positif
Bisa lihat tabungan sangat puas,5,2026-04-15 13:22:28,Positif
"dana cicil ada limit 100rb, blm pernah di gunakan, pas mw di pakai wat bayar metode pembayaran dana cicilnya malah ga bsa di aktifin...ga jelas",2,2026-04-15 13:21:45,Negatif
parah gak bisa aktifasi dana cicil..malah gak di respon dm ke ig,1,2026-04-15 13:21:22,Negatif
sangat baguss,5,2026-04-15 13:19:30,Positif
sangat membantu proses transaksi,5,2026-04-15 13:17:56,Positif
👍👍,5,2026-04-15 13:16:00,Positif
cukup membantu,5,2026-04-15 13:15:53,Positif
Aplikasi yang sangat membantu buat usaha saya,5,2026-04-15 13:15:51,Positif
Aplikasi yang paling bagus banget untuk saya mau belanja dimana saja.,5,2026-04-15 13:15:27,Positif
Tidak bisa membuka dana,1,2026-04-15 13:11:57,Negatif
sering eror,1,2026-04-15 13:11:56,Negatif
lemot di riwayat nya kek donggo,1,2026-04-15 13:11:28,Negatif
bagus,5,2026-04-15 13:11:24,Positif
Waktu mau buka katanya akses jaringan lema,5,2026-04-15 13:11:14,Positif
ok,5,2026-04-15 13:10:41,Positif
"gokillll... tiap saya mau top up pasti di bilang sama penjaga konter ""pasti mau buat judol yaa"" padahal bukan anjrt kan mau di buat top up epep ya kali saya buat judol anjrt",5,2026-04-15 13:09:43,Positif
mudah,5,2026-04-15 13:09:41,Positif
KENAPA GA BISA QR GANGGUAN COK,1,2026-04-15 13:09:33,Negatif
bagus,5,2026-04-15 13:09:16,Positif
suru banget,4,2026-04-15 13:08:16,Positif
baik dan membantu transaksi,5,2026-04-15 13:07:21,Positif
terbaik👍💯,5,2026-04-15 13:06:40,Positif
jujur ini aplikasi bank digital dengan ux terjelek dana cs yang bobrok,1,2026-04-15 13:06:16,Negatif
"kenapa sekarang di dana kok sering ada penipuan pembekuan akun/rekening,aku pernah kena 400rb hangus atau hilang setelah ada wa pembekuan,gmn cara mengatasinya🙏",5,2026-04-15 13:02:10,Positif
memudahkan transaksi,5,2026-04-15 13:00:35,Positif
sarang perjudian rakyat biasa,1,2026-04-15 13:00:03,Negatif
mantap,5,2026-04-15 12:58:38,Positif
gk enak,1,2026-04-15 12:58:00,Negatif
bantuanya kenapa susah dan ada kendala kenapa,5,2026-04-15 12:57:36,Positif
"sangat membantu, proses cepat",5,2026-04-15 12:56:12,Positif
good,5,2026-04-15 12:56:08,Positif
bagus👍,5,2026-04-15 12:55:55,Positif
bagus,5,2026-04-15 12:55:38,Positif
aman,5,2026-04-15 12:55:24,Positif
Dana cicil Tidak bisa di gunakan untuk pembayaran apapun padahal limit tersedia 200rb.dan tagihan sudah lunas.malah sekarang tidak bisa di gunakan.sudah komplen via chat dan gmail.tapi respon nya malah di lempar sana sini.sudah 1 Minggu lebih gak ada proses perbaikan.apakah seperti ini kinerja kalian.jika ada Maslah di lempar sana sini.,1,2026-04-15 12:53:22,Negatif
sangat Bagus,5,2026-04-15 12:51:02,Positif
apk tidak kompeten yg ada hanya investasi tidak ada kebijakan pinjaman untuk pemilik akun takutnya banyak sekarang apk scam yg merugikan pengguna,1,2026-04-15 12:50:44,Negatif
tolong berikan saya dana cicil kenapa tidak bisa meminjam di dana saya sudah lama memakai aplikasi ini tapi blum ada dana cicilan atau playleter,2,2026-04-15 12:49:40,Negatif
cepat,3,2026-04-15 12:49:39,Netral
bagus,5,2026-04-15 12:48:54,Positif
bagus,5,2026-04-15 12:48:29,Positif
"aplikasi ribet, mau kirim harus upgrade Dana Premium. alasan foto wajah kurang jelas.",1,2026-04-15 12:47:41,Negatif
saya suka dengan aplikasi ini,5,2026-04-15 12:47:19,Positif
puas banget,5,2026-04-15 12:46:40,Positif
sangat baik,5,2026-04-15 12:44:17,Positif
mantap sekali,5,2026-04-15 12:43:57,Positif
"app dana sangat membantu,jadi mudah kirim/terima dana dari mana pun",5,2026-04-15 12:42:33,Positif
good,5,2026-04-15 12:41:21,Positif
bagus sekali,5,2026-04-15 12:41:07,Positif
Tagihan dana cicil telat 13 hr lalu sy bayar lunas. kemudian semua tsgihan sekaligus sy lunasi semua. tp malah limitnya ga bs dipake lg. dibekukan mungkin . menghubungi diana trnyata bot. ga ada solusi.,1,2026-04-15 12:40:49,Negatif
muantaaapppp jossss,5,2026-04-15 12:40:27,Positif
kenapa saya gak ada dana cicil,5,2026-04-15 12:40:18,Positif
bagus,5,2026-04-15 12:39:49,Positif
sangat membantu,5,2026-04-15 12:38:36,Positif
DNA cicil gak bisa digunakan lagi padahal bayar gak telat,5,2026-04-15 12:36:30,Positif
saya baru ditlp cs dana.. tp apakah dana punya no.WA cs nya???. dia bilang akun saya ditangguhkan..dan ga bisa trx... dan betul saya kirim tidak bisa tp top up bisa... kok bisa ya aplikasi dana di susupi waktu kita transaksi... tolong di perkuat dan diberi no aduan tentang masalah saya ini,5,2026-04-15 12:36:14,Positif
cpt akurat mantab,5,2026-04-15 12:32:17,Positif
👍👍👍👍👍,5,2026-04-15 12:32:09,Positif
bagus banget,5,2026-04-15 12:29:52,Positif
mantap,5,2026-04-15 12:29:52,Positif
Bagus dan cepat,5,2026-04-15 12:28:01,Positif
"sangat membantu, tampak ribet👍👍👍",5,2026-04-15 12:25:37,Positif
Kenapa gabisa registrasi dana,2,2026-04-15 12:22:08,Negatif
mantap,5,2026-04-15 12:21:36,Positif
oke,5,2026-04-15 12:21:05,Positif
bagus mudah utuk perim uang tanpa ribet,5,2026-04-15 12:21:01,Positif
sangat membantu,5,2026-04-15 12:19:42,Positif
"nyesel update jadi sering force close, saldo hilang nggak jelas, nggak recommended, apk paling sering error, mau transfer lemot banget padahal jaringan bagus...",1,2026-04-15 12:19:24,Negatif
nice,5,2026-04-15 12:19:13,Positif
sangat baguss banget,5,2026-04-15 12:18:26,Positif
akun sudah premium tapi fitur dana cicil blm bisa di aktifkan di akun tersebut.. tolong di perbaiki lagi,5,2026-04-15 12:18:26,Positif
biasa aja,5,2026-04-15 12:18:26,Positif
Aplikasi yang sangat mudah digunakan. tapi untuk notifikasi nya terkadang tidak langsung ada di saat melakukan transaksi.,5,2026-04-15 12:17:32,Positif
keren,5,2026-04-15 12:16:09,Positif
sangat membantu bngt saya suka,5,2026-04-15 12:15:57,Positif
saya kan ingin login tapi harus di minta kode lewat email tapi email nya hilang jadi gmna mau login nya,1,2026-04-15 12:13:25,Negatif
mantapp,5,2026-04-15 12:13:02,Positif
Knp gx bisa d buka di hp oppo a37f ya... Minta solusi nya min,4,2026-04-15 12:12:52,Positif
smga amanah,5,2026-04-15 12:12:13,Positif
baik,5,2026-04-15 12:11:40,Positif
sangat puas,5,2026-04-15 12:09:41,Positif
"tidak ada penyelesaian saat ada kendala di dana cicil,mengubungi diana malah suruh hubungi CS kan bikin mumet aja,,ga jelas banget",1,2026-04-15 12:07:58,Negatif
kenapa transaksi gak ada ijin dari pemilik malah kena sama aplikasi gak jelas mygo atau apalah udah sering terjadi begini tolong kembalikan uang nya,1,2026-04-15 12:07:16,Negatif
terimakasih,5,2026-04-15 12:06:27,Positif
bagus sih cuman aneh nya dana cicil gak bisa ada maap,1,2026-04-15 12:05:58,Negatif
dana memang jos,5,2026-04-15 12:05:40,Positif
bagus sekali,5,2026-04-15 12:05:02,Positif
mantap,5,2026-04-15 12:05:00,Positif
"sdh tidak aman,saya uninstall saja tiap top up langsung hilang dan ada riwayat transaksi awas jebol bahaya. padahal ada jargonnya dana protek hati hati yah pengguna dana",1,2026-04-15 12:04:33,Negatif
bodohhh,1,2026-04-15 12:01:59,Negatif
bagus sekali,5,2026-04-15 12:01:19,Positif
kok eror dana ya dapat tranferan kok belon masuk,2,2026-04-15 12:00:15,Negatif
terimakasih*,5,2026-04-15 11:59:30,Positif
mantap instan,5,2026-04-15 11:58:53,Positif
ok,5,2026-04-15 11:58:32,Positif
salah kirim saldo dana,5,2026-04-15 11:57:55,Positif
good,5,2026-04-15 11:57:38,Positif
bagus bnget,5,2026-04-15 11:57:36,Positif
sangat baik dan membantu,5,2026-04-15 11:55:45,Positif
baik sekali,5,2026-04-15 11:55:35,Positif
tolong aktif pin dana cicil,5,2026-04-15 11:51:06,Positif
sangat membantu,5,2026-04-15 11:50:24,Positif
limit dana cicil ada tapi tidak bisa dipakai alias gak guna,2,2026-04-15 11:48:52,Negatif
mantap pokoke untuk semua transaksi👍👍👍,5,2026-04-15 11:47:57,Positif
bagus bgt,5,2026-04-15 11:47:41,Positif
tapi kok ngak ada dana cicilnya,4,2026-04-15 11:46:53,Positif
Saldo ada tapi tidak bisa di pakai bayar.,1,2026-04-15 11:44:48,Negatif
ok bagus,5,2026-04-15 11:44:18,Positif
sangat bagus,5,2026-04-15 11:43:21,Positif
cepat proses nya,4,2026-04-15 11:41:39,Positif
bagus sekali,5,2026-04-15 11:41:13,Positif
oke,5,2026-04-15 11:40:31,Positif
bayar pakai qris laporan menunggu sampe 3 hari blm masuk,1,2026-04-15 11:39:22,Negatif
sangat bagus untuk di gunakan,5,2026-04-15 11:39:16,Positif
sangat bagus skali,5,2026-04-15 11:38:55,Positif
Good,5,2026-04-15 11:38:31,Positif
bagusnya,5,2026-04-15 11:38:09,Positif
aku sampai sekarang belum dapat pak dana cicil y padahal udh premium tapi ga muncul2 dana cicil nya aneh,3,2026-04-15 11:37:17,Netral
cukup puas,4,2026-04-15 11:37:09,Positif
Apaan Sihh Nggak Jelas Sekali Nggak Bisa Transfer Loading Terus Nggak Selesai-selesai !!!,1,2026-04-15 11:36:24,Negatif
sangat membantu usaha kecil kebawah,5,2026-04-15 11:35:00,Positif
baik sekali,5,2026-04-15 11:29:52,Positif
aplikasi yg paling mantap pengiriman cepat dan mudah dan aman,5,2026-04-15 11:29:06,Positif
terimakasih,5,2026-04-15 11:28:22,Positif
mantaf,5,2026-04-15 11:27:23,Positif
mantap,4,2026-04-15 11:27:19,Positif
baik dan cepat,5,2026-04-15 11:24:15,Positif
sangat berguna...tp saya koq gak ada fiktur dana cicil,5,2026-04-15 11:24:14,Positif
nyaman dan aman pakenya,5,2026-04-15 11:22:07,Positif
Aplikasi nya bagus cuman minus nggak bisa unduh barcode Qris Dana Bisnis setiap mau unduh selalu diarahkan ke pengaturan aplikasi Mohon kepada pihak Dana segera diatasi masalah ini supaya saya bisa download Barcode Qris Dana Bisnis saya,2,2026-04-15 11:20:54,Negatif
bagus pelayannannay,5,2026-04-15 11:20:48,Positif
ok,4,2026-04-15 11:19:18,Positif
"Mau kirim/tf gak bisa, karena harus diupgrade ke dana premium, dan udah coba beribu kali upgrade ke dana premium tapi tetap gak bisa karena E-KTP udah dipake di dana premium sebelumnya (ssuai pemberitahuan), tapi anehnya.. ini baru pertama kali aku pake /daftar dana dn pake e-ktp ku. bingung, gak bisa tf. hanya bisa menerima, tapi gak bisa berbagi/tf",3,2026-04-15 11:18:28,Netral
iya ok,4,2026-04-15 11:18:23,Positif
"sudah bagus, tapi di tingkat lagii",5,2026-04-15 11:18:11,Positif
good,5,2026-04-15 11:17:15,Positif
Lumayan bagus,4,2026-04-15 11:16:30,Positif
tolong dana cicil saya kenapa gak muncul padahal udah 4 tahun menggunakan aplikasi dana 🙏,5,2026-04-15 11:16:28,Positif
bagaimana cara mengaktifkan dana cicil,5,2026-04-15 11:14:31,Positif
"parah sih apk dana nie buat laporan udh berhari-hari nunggu belum di proses"" juga",1,2026-04-15 11:13:51,Negatif
gk bisa buka,5,2026-04-15 11:13:16,Positif
pakai aplikasi dana sangat membantu,5,2026-04-15 11:09:57,Positif
mantap cuman aku pernah ke bobol saldo 300 ribu,5,2026-04-15 11:09:34,Positif
memuaskan,5,2026-04-15 11:07:55,Positif
"setelah di perbahurui aplikasinya jadi lemot, taik memang.transaksi jadi dobel ngirimnya krena lalod.",5,2026-04-15 11:07:21,Positif
"Sangat Membantu Banget,Slalu Gampang dn Simpel,GK perlu Ribet kalau mau Transfer atau Tarik Dana,Dn Super komplit Klau Mau Beli Pulsa atau Kuota dn Token,Sangat membantu..👍👍👍👍",5,2026-04-15 11:07:06,Positif
buruk,1,2026-04-15 11:06:58,Negatif
membantu,5,2026-04-15 11:06:47,Positif
"semuanya bagus ,kecuali dana instant nya saya tidak pernah terlambat bayar ,pas mau penarikan lagi sudah tidak bisa selalu gagal,saya sudah melakukan kompline ke cs nya dana tp tidak solusi ,hanya menunggu saja kalau memang ada kendala atau perubahan data yang harus dilakukan semstinya diinfokan ke pemakai nya jangan hanya disuruh menunggu saja nggak jelas .",4,2026-04-15 11:06:36,Positif
sangat bagus,5,2026-04-15 11:05:03,Positif
uang saya di potong .tokennya tidak ada,1,2026-04-15 11:04:56,Negatif
kayak konto,5,2026-04-15 11:04:26,Positif
proses nya lama,1,2026-04-15 11:03:48,Negatif
baik,5,2026-04-15 11:02:27,Positif
bagus,5,2026-04-15 10:58:03,Positif
nga bisa dibuka....uang di dalam ng abisa di akses,1,2026-04-15 10:56:49,Negatif
sangat mempermudah Skali,5,2026-04-15 10:54:43,Positif
ok,5,2026-04-15 10:53:17,Positif
puas,5,2026-04-15 10:50:19,Positif
mantap semakin bangus,5,2026-04-15 10:49:59,Positif
sangat bagus,5,2026-04-15 10:49:55,Positif
kami bikin dana tpi ga mau ber guna jdi bagaina ini cara nya,4,2026-04-15 10:47:38,Positif
dengan adanya dompet dana sangat membantu bagi saya untuk transaksi apapun,5,2026-04-15 10:45:18,Positif
ok,5,2026-04-15 10:44:31,Positif
"apaa bgtsi dana, gua stiap kali uninstall, trus gua pasang lagi selalu abis masukin nmr hp pasti selalu ada tulisan ""Maaf ada gangguan teknis"" ini udh trjadi bbrpa kali di dana gua, entah aplikasi nya sdg bermasalah atau apa, tp gua kecewa pake bgt si",4,2026-04-15 10:42:32,Positif
ok,5,2026-04-15 10:41:54,Positif
sangat bermenfaat bos ku,5,2026-04-15 10:40:57,Positif
kenapa fitur dana cicil tdk muncul...padahal sy sdh pakai dan bertransaksi lama menggunakan aplikasi ini ...tingkat akun sy jg sdh premium .,5,2026-04-15 10:40:33,Positif
trimakasih sangat membantu sekali. saya suka.,5,2026-04-15 10:40:01,Positif
"DANA memang mantap,buat QRIS di dana Bisnis cepat sekali.",5,2026-04-15 10:39:47,Positif
aman bagus the best lah dana,5,2026-04-15 10:38:08,Positif
mantap,5,2026-04-15 10:38:07,Positif
bagus,5,2026-04-15 10:37:46,Positif
good,5,2026-04-15 10:37:06,Positif
"kenapa saya belum jg ada dana cicil, padahal pake dana udah lama sama sering transaksi",3,2026-04-15 10:35:46,Netral
ok,5,2026-04-15 10:35:23,Positif
baik sekali,5,2026-04-15 10:34:36,Positif
sangat membantu,5,2026-04-15 10:34:35,Positif
"waspada, jangan taruh banyak banyak saldo di apk ini, CS nya pakai BOT, susah untuk tersambung dengan operator, harus via email dan harus menunggu di respon, tentunya masalah tidak cepat terselesaikan",1,2026-04-15 10:32:01,Negatif
mantap,4,2026-04-15 10:31:57,Positif
memuaskan,5,2026-04-15 10:30:59,Positif
aplikasi dana membantu saya dalam bertransaksi lebih mudah dan cepat.,5,2026-04-15 10:30:41,Positif
"sekarang mau isi saldo harus kepotong admin njir, pdahal enak yg sebelumnya ga ada biaya admin2 an",2,2026-04-15 10:29:40,Negatif
sangat membantu banget,4,2026-04-15 10:29:14,Positif
siip,5,2026-04-15 10:27:46,Positif
mantaf,4,2026-04-15 10:25:41,Positif
kadang susah login,5,2026-04-15 10:25:23,Positif
"sekarang gak jelas, kadang"" bisa kadang"" kaga untuk transaksi kebanyakan engga bisa nya sii 👎",5,2026-04-15 10:25:13,Positif
mantap,5,2026-04-15 10:24:52,Positif
ada limit tapi gak bisa di gunain !! apk gak jelas !!,1,2026-04-15 10:23:22,Negatif
"selalu ada kendala waktu bertransaksi, waktu awal lancar lancar aja, makin kesini makin banyak kendalanya",4,2026-04-15 10:23:18,Positif
Transaksi jdi lbih mudah.. Saat ga pegang uang kes..,5,2026-04-15 10:23:08,Positif
"masih setia SM aplikasi ini,buat berbagai pembayaran...💰🙂",5,2026-04-15 10:22:42,Positif
paylater tidak bisa digunakan di akun saya,5,2026-04-15 10:22:41,Positif
ingin punya fitur dana cicil,5,2026-04-15 10:22:41,Positif
"saya mnta tlong kepada diana lindungi dana dompet di gital saya ya diana,karena dana saya kurang aman...?",5,2026-04-15 10:21:32,Positif
apk sangat sangat bagus,5,2026-04-15 10:17:26,Positif
dapat di andalkan,5,2026-04-15 10:16:41,Positif
sangat membantu dan aman,5,2026-04-15 10:14:58,Positif
mntap,5,2026-04-15 10:14:33,Positif
mantap,5,2026-04-15 10:13:40,Positif
bagus,5,2026-04-15 10:13:32,Positif
saya tidak bisa login di akun saya,1,2026-04-15 10:11:56,Negatif
top,5,2026-04-15 10:10:57,Positif
bagus,5,2026-04-15 10:08:42,Positif
udah bagus sih fiturna cuman punyaku untuk adain fitur dana cicil nggak pernah berhasil,3,2026-04-15 10:08:38,Netral
mantap,5,2026-04-15 10:07:59,Positif
bagus,5,2026-04-15 10:06:53,Positif
aplikasinya tidak bisa dibuka padahal sudah di download...😒 ngabisin kuota internet aja jadinya dihapus lagi...,1,2026-04-15 10:06:43,Negatif
fitur bagus -dana g bisa premium kalo g pake ktp,5,2026-04-15 10:05:54,Positif
terimakasih sudah ada dompet dana yg bisa membantu kebutuhan saya,5,2026-04-15 10:01:52,Positif
aplikasi DANA sangat membantu,5,2026-04-15 10:01:14,Positif
sangat membantu,1,2026-04-15 09:57:44,Negatif
"bagus aplikasinya tapi sayang nya punya saya blum ada dana instan nya jadi percuma gak ada yang asik, cuman bisa tf atau isi pulsa dll",1,2026-04-15 09:56:48,Negatif
mantap,5,2026-04-15 09:54:26,Positif
semoga selalu bertahan dana aplikasi terbaik,5,2026-04-15 09:54:09,Positif
bagus,5,2026-04-15 09:52:21,Positif
kenapa tidak bisa qr kalo dana belum premium tidak seperti dulu mohon di perbaiki,1,2026-04-15 09:51:59,Negatif
masak aktivitas sudah banyak tetap gak bisa pinjam dana cicil,2,2026-04-15 09:51:36,Negatif
mantap,5,2026-04-15 09:50:22,Positif
belum juga pernah bikin dana udh dibilang akun kamu sudah membuat padahal blm pernah bikin pke nomer ini,1,2026-04-15 09:48:57,Negatif
baik,5,2026-04-15 09:48:49,Positif
suka,5,2026-04-15 09:46:14,Positif
"limit dana cicil saya masih ada, tapi saya tidak bisa menggunakan nya, kalau begini terus dana, jangan salah saya menjadi nasabah yang tidak baik, ingat kita perlu hubungan timbal balik yaa",1,2026-04-15 09:45:35,Negatif
cukup 👍,4,2026-04-15 09:45:10,Positif
amann bngt Dann kebantu bngt,5,2026-04-15 09:41:54,Positif
"sengaja gw kasih bintang lima,karna dari2019 aku pake dana,dana cicil gk ada",5,2026-04-15 09:39:27,Positif
saya kecewa pihak dana tidak bertanggung jawab atas kesedotnya uang saya didana,1,2026-04-15 09:39:11,Negatif
apk gak aman saldo tiba-tiba lenyap padahal saldo masih tiba tiba mau melakukan transaksi gak bisa lagi karena saldo sudah tidak cukup padahal saldo banyak tapi langsung lenyap gitu aja tolong segera diatasi😓,1,2026-04-15 09:37:51,Negatif
oke,5,2026-04-15 09:37:45,Positif
pakailah dana kalo ada dana cicil mantap sekali nikmati dana cicil mu wahai kaum pengguna dana cicil,5,2026-04-15 09:36:52,Positif
ok,5,2026-04-15 09:35:41,Positif
"kode otp sudah tidak lewat no hp, tapi email sedangkan email lupa password",1,2026-04-15 09:33:46,Negatif
mantap,5,2026-04-15 09:32:43,Positif
"layanan sangat jelek, saya ingin top up dana melalui bca, tpi saldo dana suda limit, top up berhasil tpi saldo terpotong trus ga masuk saldonya sampe skrng suda di tunggu ga masuk"" hilng gitu aja, di cek ulang ke bank terkait ttp ga balek saldonya! ketipu jg ak, diana banyak cakap tpi ga bisa bantu",1,2026-04-15 09:32:18,Negatif
mantap,5,2026-04-15 09:31:58,Positif
"aplikasinya bagus, sangat membantu",5,2026-04-15 09:30:05,Positif
mntap,5,2026-04-15 09:29:55,Positif
keren cepat transaksi ke bank manapun thanks DANA 🫰,5,2026-04-15 09:29:33,Positif
"sia sia punya asuransi xtra protection, ujungnya laporan tak jelas,diana juga mempersulit dengan tak tahu asuransi hacking,katanya dpt asuransi, nyatanya asuransi ga da bisa di claim",1,2026-04-15 09:28:41,Negatif
bagus,5,2026-04-15 09:27:27,Positif
"Bagus,, keten,,",5,2026-04-15 09:27:04,Positif
isdebess good,5,2026-04-15 09:26:07,Positif
luar biasa,5,2026-04-15 09:24:38,Positif
baguss,5,2026-04-15 09:24:00,Positif
bagus,5,2026-04-15 09:23:06,Positif
ok,5,2026-04-15 09:21:17,Positif
dana memang mantap uang aman transaksi lebih mudah makasih..,5,2026-04-15 09:19:42,Positif
ok,5,2026-04-15 09:16:46,Positif
jadi lebih mudah krim uang atw bayr apa sja🥰,5,2026-04-15 09:16:08,Positif
terbaik,5,2026-04-15 09:12:41,Positif
Semoga bermanfaat,5,2026-04-15 09:12:14,Positif
"Voucher A+ reward nya error, tolong gm semua tidak bisa di klaim, padahal apk dana terus di update versi terbaru",1,2026-04-15 09:10:39,Negatif
sangat baik untuk transaksi,5,2026-04-15 09:08:49,Positif
oke,1,2026-04-15 09:08:47,Negatif
baik,5,2026-04-15 09:08:14,Positif
memuaskan,5,2026-04-15 09:07:48,Positif
dana nya bagus bisa nyimpan duit dan bayar cicilan di dana ini nggak ada masalah,5,2026-04-15 09:03:22,Positif
mantap bosq,5,2026-04-15 08:58:20,Positif
ok,5,2026-04-15 08:57:39,Positif
"saya butuh dana cicil ,perlu banget dana cicil, bisakah di aktip kan dulu,tolong",2,2026-04-15 08:56:10,Negatif
dana gajelas ngk ada pinjaman malah bisa ada cicilan gajelas,1,2026-04-15 08:53:33,Negatif
ko login nya lama banget,5,2026-04-15 08:53:27,Positif
Jangan selalu logout sendiri yaa ini emng saya,5,2026-04-15 08:52:17,Positif
selalu telat pemberitahuan aktivitasnya. jd kdang bingung org kirim saldo tp g ad laporannya... tlong dong perbaiki,2,2026-04-15 08:49:12,Negatif
3 tahun pakai DANA limit kecil 200 ribu saja payah parah padahal sudah di pakai terus setiap hari...uninstall aja deh aplikasinya...bohong aja kalian bilang limit 20 juta..200 ribu 3 tahun woy,1,2026-04-15 08:48:41,Negatif
trimakasih sudah membatu smoga tetap amanah,5,2026-04-15 08:47:42,Positif
tidak bisa di update,1,2026-04-15 08:46:52,Negatif
ok gampang sgalanya transaksi.,5,2026-04-15 08:44:57,Positif
baguss,5,2026-04-15 08:44:37,Positif
apa kagak jelas banget,1,2026-04-15 08:44:35,Negatif
luar biasa,5,2026-04-15 08:43:24,Positif
mantap dan berguna buat saya,5,2026-04-15 08:41:40,Positif
kenapa di dana bisnis saya tidak bisa cetak qris? mohon bantuannya,5,2026-04-15 08:40:45,Positif
layanan yang tidak memuaskan,1,2026-04-15 08:33:28,Negatif
bagus sekali,5,2026-04-15 08:30:38,Positif
top,5,2026-04-15 08:30:13,Positif
jangan melalui verifikasi OTP,5,2026-04-15 08:27:21,Positif
ok kak,5,2026-04-15 08:24:56,Positif
sangat aman,5,2026-04-15 08:24:00,Positif
👍,5,2026-04-15 08:22:57,Positif
bagus bgt,5,2026-04-15 08:17:40,Positif
aplikasi tidak jelas,1,2026-04-15 08:16:40,Negatif
bagus dan sangat memudahkan transaksi dimasa sekarang..,4,2026-04-15 08:15:38,Positif
sangag memuaskan,5,2026-04-15 08:14:16,Positif
ok,5,2026-04-15 08:12:20,Positif
baik,5,2026-04-15 08:12:15,Positif
sangat bagus,1,2026-04-15 08:11:42,Negatif
"aplikasi nya sudah bagus ,cuma sayang nya saya pengguna lama tidak ada fitur dana instannya. karena pengguna yang masih terbilang baru sudah ada dana instan",5,2026-04-15 08:10:52,Positif
baik baik,5,2026-04-15 08:08:45,Positif
ok,5,2026-04-15 08:06:01,Positif
ini aplikasi mencuri 8 juta saya 8 juta saya telah hilang,1,2026-04-15 08:03:17,Negatif
"mohon ke pihak dana tidak usah pakai kode otp, karna kartu saya yg terdaftar di dana sudah tidak aktif sekarang akun saya tidak bisa di buka lagi saya sudah coba fitur di bantuan dana tpi tidak berhasil tolong hilangkan pakai kode otp karna saldo saya masih ada di akun dana saya",1,2026-04-15 08:02:47,Negatif
bagus,5,2026-04-15 08:00:34,Positif
sangat berguna banget,4,2026-04-15 07:59:25,Positif
bagus,4,2026-04-15 07:56:55,Positif
"aneh ko saya login pakai verifikasi wajah tapi tidak bisa, kenapa ya",5,2026-04-15 07:56:48,Positif
"tolong pihak dana saya tidak bisa login selalu ada notif ""Jaringan Bermasalah tunggu beberapa saat lagi' padahal sintal full dan apk lain lancar...",1,2026-04-15 07:55:32,Negatif
bagus,5,2026-04-15 07:55:28,Positif
ok aplikasi yg sangat penting dlm dunia digital saat ini,5,2026-04-15 07:54:13,Positif
"Aplikasi sakit, susah sembuhnya",2,2026-04-15 07:48:30,Negatif
Mantap bisa narik uang tidak perlu ke bank,5,2026-04-15 07:47:04,Positif
sangat membantu,5,2026-04-15 07:45:03,Positif
sangat praktis dan cepat prosesnya..👍,5,2026-04-15 07:43:18,Positif
sangat memuaskan,5,2026-04-15 07:43:00,Positif
mantap,4,2026-04-15 07:38:58,Positif
semakin keren,5,2026-04-15 07:36:41,Positif
sangat baik,5,2026-04-15 07:34:26,Positif
tolong lengkapin fitur livechat agar semua masalah cpt tertindak. assitent virtual yg anda sediakan tidak membantu sama sekali,1,2026-04-15 07:34:03,Negatif
bagus,4,2026-04-15 07:33:01,Positif
cukup membantu,5,2026-04-15 07:31:23,Positif
sangat membantu,5,2026-04-15 07:28:57,Positif
ok,5,2026-04-15 07:28:38,Positif
sangat terbantu buwat bayar di warung,5,2026-04-15 07:26:50,Positif
Sukses slalu apk DANA,5,2026-04-15 07:26:42,Positif
uang,1,2026-04-15 07:26:10,Negatif
"saya sangat puas d apk dana ini, bgus dn mudah dn terpercaya",5,2026-04-15 07:24:22,Positif
good,5,2026-04-15 07:18:19,Positif
sip aman,5,2026-04-15 07:18:18,Positif
Suka,5,2026-04-15 07:18:01,Positif
ok,5,2026-04-15 07:16:06,Positif
wow,5,2026-04-15 07:15:31,Positif
bagus baikkk,5,2026-04-15 07:13:02,Positif
Sudah bagus dan banyak manfaatnya,5,2026-04-15 07:12:55,Positif
lancar transaksinya bosku.,5,2026-04-15 07:12:41,Positif
biaya adminnya klu bisa 200 rupiah aja,5,2026-04-15 07:12:29,Positif
tolong lebih baik lagi pelayanan nya ya,5,2026-04-15 07:10:39,Positif
membatu banget,5,2026-04-15 07:10:27,Positif
"Semuanya ok, KECUALI pengaturan volume nada notifikasi dan transfer, mengikuti volume nada dering telpon. Di nonaktifkan tidak bisa nada notifnya. Kurang nyaman ketika berada di tempat umum dgn volume notif dana yg besar. Mohon di perbaiki ya min.",5,2026-04-15 07:09:32,Positif
Alhamdulillah,5,2026-04-15 07:08:04,Positif
sangat bagus,5,2026-04-15 07:03:52,Positif
ko di dana saya tidak ada dana cicilnya,1,2026-04-15 07:02:50,Negatif
dana ngga bisa qiuris knpa y,1,2026-04-15 07:01:53,Negatif
sangat bagus,5,2026-04-15 07:01:22,Positif
dana cicil saya di bekukan apa bisa dibuka kembali tolong,5,2026-04-15 06:59:29,Positif
banyak error nya,5,2026-04-15 06:58:32,Positif
baik,5,2026-04-15 06:58:24,Positif
selama sy pakai aplikasi untkbkirim dan belanja sangat baik,5,2026-04-15 06:53:48,Positif
"Itu gimana ya, saya sudah mendapatkan pesan kalau dana cicil saya sudah bisa di gunakan, tetapi pas di klik kok belum bisa aktivasi dan tidak tersedia di akun mu",3,2026-04-15 06:50:27,Netral
"saya beli paket data lewat apk ini, seharian nungguin gak ada masuk. udah hubungi CS cuma disuruh sabar",3,2026-04-15 06:47:40,Netral
baru di update tgl 7 april 2026. terus hari ini tiba-tiba tidak bisa dibuka,3,2026-04-15 06:46:33,Netral
kok di saya nggak ada dana cicil?,3,2026-04-15 06:46:19,Netral
luar biasa membantu..,5,2026-04-15 06:46:13,Positif
sangat baik,5,2026-04-15 06:45:48,Positif
"tolong untuk cs,saya ada keluhan ,tidak bisa tarik saldo dana tabung ke saldo dana,apakah ada nomer yang dapat dihubungi?",1,2026-04-15 06:45:40,Negatif
sangat bagus untuk menyimpannya uang10000000000000000000,5,2026-04-15 06:45:17,Positif
mantap,5,2026-04-15 06:44:55,Positif
aplikasi ini sangat membantu aktifitas,5,2026-04-15 06:44:31,Positif
oke banget,5,2026-04-15 06:43:19,Positif
aman dan bagus sekali,5,2026-04-15 06:42:18,Positif
Jos,5,2026-04-15 06:42:03,Positif
mantappp,5,2026-04-15 06:40:46,Positif
kirim uang ga masuk dan penanganan nya butuh waktu 3 hari apk macam apa ini,1,2026-04-15 06:40:20,Negatif
sangat bagus tolong tambahin soundbox QRIS bersuara,5,2026-04-15 06:39:43,Positif
tolong segera verifikasi perubahan nomor saya,2,2026-04-15 06:38:36,Negatif
kok dana gua susah kali yh dapet fitur dana cicil,1,2026-04-15 06:34:34,Negatif
ok,5,2026-04-15 06:30:49,Positif
"aplikasi rusak, selalu lag saat verifikasi wajah ketika ingin upgrade premium, disuruh berkedip saya udah kedip kedip sampai kaya orang cacingan tidak bisa bisa, dan langsung lag aplikasinya. tolong dong untuk development cepat diperbaiki, saya butuh untuk kirim uang saya yang sudah saya masukan ke aplikasi dana.",1,2026-04-15 06:29:35,Negatif
iya,5,2026-04-15 06:27:13,Positif
bagus,5,2026-04-15 06:26:59,Positif
"tolong aplikasi dana perbaiki ya, kenapa dana saya error terus gak bisa lihat aktivitas mohon diperbaiki ya admin dana",4,2026-04-15 06:25:56,Positif
tidak ada fitur dana cicil,4,2026-04-15 06:24:25,Positif
download aplikasi,5,2026-04-15 06:23:54,Positif
ok,5,2026-04-15 06:21:35,Positif
kok sering ad yg mencoba mengatasnamakan daa y,3,2026-04-15 06:20:24,Netral
bagus,5,2026-04-15 06:19:00,Positif
nice dana,5,2026-04-15 06:17:52,Positif
dana sekarang sinyalnya jelek banget keputus mulu keluar aplikasi hadeuh,3,2026-04-15 06:17:42,Netral
bikin transaksi jadi mudah,5,2026-04-15 06:17:39,Positif
mantap,5,2026-04-15 06:17:34,Positif
dana cicil,5,2026-04-15 06:13:37,Positif
"bagus apka nya, keren",5,2026-04-15 06:12:34,Positif
mantapp,5,2026-04-15 06:11:15,Positif
tolong untuk layanan bantuan manusia di tanbahkan di menunya karena kami kesulitan kalo hanya dengan diana,3,2026-04-15 06:06:43,Netral
alhmdllh praktis drmh bisa tf Klu Ada dana,5,2026-04-15 06:05:50,Positif
sangat keren,5,2026-04-15 06:05:10,Positif
sangat membantu,5,2026-04-15 06:00:53,Positif
sangat baguss,5,2026-04-15 05:59:48,Positif
bagus,5,2026-04-15 05:58:53,Positif
keren,5,2026-04-15 05:58:49,Positif
ribet anjir. kirim uang atau tranfer harus ke premium,1,2026-04-15 05:58:03,Negatif
INI KENAPA WOI DANA,1,2026-04-15 05:57:39,Negatif
sangat bagus,5,2026-04-15 05:56:56,Positif
Telalu byk aturn.,1,2026-04-15 05:55:53,Negatif
aplikasi dana ga jelas transaksi berhasil tapi duitnya gak masuk saya lagi daftar skck online butuh duitnya masuk hari ini pengambilan SKCK hari ini buat apa duitnya masuk besok atau lusa aplikasi ga jelas nyesel pake aplikasi dana begini bikin laporan sama aja ujung ujungnya di tunggu di kantor dana ngapain yah suruh tunggu 3 hari lagi santai kah ngopi dlu kah udah 3 hari baru proses anehhh lahhh nyeselll pake aplikasi dana!!!,1,2026-04-15 05:54:31,Negatif
ok,5,2026-04-15 05:52:32,Positif
ok,5,2026-04-15 05:51:03,Positif
ni bangemna ya KK masa saldo saya ke beli pulsa sendiri ya dan itu tiba-tiba sudah ke sedot saldo nya dan 150k hilang saya kg beli apa dan kg Atifin apa pun ko tapi saldo saya hilang semua tapi kan Kaloh saya isi saldo tetap hilang aja saldo saya bangemna ni tidak an nya dari dana ni,1,2026-04-15 05:50:34,Negatif
"Bagus, mantap",5,2026-04-15 05:48:05,Positif
Bagus,5,2026-04-15 05:38:40,Positif
baik,5,2026-04-15 05:38:39,Positif
bagus,5,2026-04-15 05:38:00,Positif
good,5,2026-04-15 05:33:30,Positif
keren,5,2026-04-15 05:32:19,Positif
Kenapa saat login pasti lama,1,2026-04-15 05:31:57,Negatif
transaksi cepat,5,2026-04-15 05:31:30,Positif
apk josss tapi sayang belum bisa gunakan dana cicil,5,2026-04-15 05:30:42,Positif
sangat memuaskan,5,2026-04-15 05:26:28,Positif
lancar sih cm disayang kan knp pake admin satu kali tf,5,2026-04-15 05:25:25,Positif
oke bagus dan nyaman dipakai,5,2026-04-15 05:24:36,Positif
ok,4,2026-04-15 05:23:23,Positif
baik,5,2026-04-15 05:20:59,Positif
Bagus dan membantu untuk orang yang tidak bawa dompet dikantong celananya.,5,2026-04-15 05:20:27,Positif
saya top up pagi hr ini dana belum masuk sudah komplain disuruh nunggu 3 hari dr Livin mandiri sya sya perlu utk beli kuota data Teru s harus 3 hari kah!!!!!!!!,1,2026-04-15 05:20:15,Negatif
sangat membantu dan sangat bagus,5,2026-04-15 05:18:32,Positif
bagus,4,2026-04-15 05:17:06,Positif
sangat puas,5,2026-04-15 05:16:27,Positif
very good,5,2026-04-15 05:15:14,Positif
sangat membantu tu,5,2026-04-15 05:13:19,Positif
setelah memakai aplikasi dana ini selama kurang lebih 2thn dan sdh dibuat kecewa kedua kali ini saya kira keamanan diaplikasi dana ini sangat ketat ternyata tidak dua kali saldo saya hilang entah kmna dan keamanan semuanya aktif tapi tetep bisa dibajak orang terimakasih atas 2thn ini dan saya gk akan pake aplikasi dana lagi,3,2026-04-15 05:08:46,Netral
sangat bermanfaat dan mudah🙏👍❤️,5,2026-04-15 05:07:23,Positif
mantap,5,2026-04-15 05:04:50,Positif
tidak terupdate dengan handphone baru,1,2026-04-15 05:04:18,Negatif
"sangat mudah, dan membantu. ga perlu repot2 ke bank. mohon di tingkatkan keamanannya .",5,2026-04-15 05:02:19,Positif
sangat membantu,5,2026-04-15 05:01:36,Positif
"aplikasi nya bagus banget ngck tau kenapa sekarang ngebleng hbis buat beli pulsa mau bayar lama banget nunggu hampir 1 jam, tolong dong buat developer nya diperbaiki aplikasi nya kayak dulu🙏",5,2026-04-15 04:49:13,Positif
good,5,2026-04-15 04:47:04,Positif
Dana terpotong otomatis tanpa sepengetahuan saya,1,2026-04-15 04:39:03,Negatif
tolong aktif kan dana cicil saya atau hadir kan fitur dana instan terimakasih,5,2026-04-15 04:35:04,Positif
mantab,5,2026-04-15 04:30:50,Positif
baik sekali,5,2026-04-15 04:29:07,Positif
sangat bermanfaat,5,2026-04-15 04:28:40,Positif
baik dan bagus dan aman,5,2026-04-15 04:27:46,Positif
lebih baik lagi,5,2026-04-15 04:27:11,Positif
memuaskan,5,2026-04-15 04:25:15,Positif
good🤪,5,2026-04-15 04:22:58,Positif
bagus,5,2026-04-15 04:21:27,Positif
"ok,o",5,2026-04-15 04:19:53,Positif
sangat bagus,5,2026-04-15 04:18:52,Positif
aplikasi taikk gak jelas,1,2026-04-15 04:11:06,Negatif
RUWET,1,2026-04-15 04:10:22,Negatif
proses cepat,5,2026-04-15 04:09:19,Positif
nice,5,2026-04-15 04:07:17,Positif
good,5,2026-04-15 04:07:16,Positif
"mau hapus data susah ,, nomer sudah hilang dan tidak aktif ..jelas"" sudah verifikasi muka/pemilik tapi harus minta verifikasi kode yang di kirim ke nomer yang sudah hilang astaga",1,2026-04-15 04:07:11,Negatif
percuma dikasih limit di dana cicil tapi gabisa dipakai ngadu ke admin yg bales malah bot kocak bener,1,2026-04-15 04:05:42,Negatif
ok,5,2026-04-15 04:05:18,Positif
sangat membantu,4,2026-04-15 04:04:02,Positif
sering gangguan,1,2026-04-15 04:02:42,Negatif
"Baru ni,,smoga betul bisa bermanfaat buat aku skeluarga..mungkin anak istri ntar ikutan nggunainnya....smoga smakin bertambah sukses ,maju programnya... cuma aplikasi ewallet ni lah yg paling best dan mengerti sikon kluarga... smgat star nya naik dan ratting trtinggi srta apresiasi pnuh..saya brtri makasi buat Owner/CEO,developer dan kru apl Dana ini...... 🙏",5,2026-04-15 04:02:15,Positif
"dana udah premium skrng hrus upgrade lgi,,ga jelas,,kapok pke dana,,",1,2026-04-15 04:01:43,Negatif
dana cicil tdk bisa,1,2026-04-15 04:00:17,Negatif
lumayan bagus,5,2026-04-15 03:58:44,Positif
"kadang-kadang error karena melebihi batas jumlah transaksi, tapi setelah uang yang ada di dana saya agak kurang tidak melebihi batas, itu tetap error. tolong perbaiki error itu.",4,2026-04-15 03:54:18,Positif
Bantu permudah login,4,2026-04-15 03:53:46,Positif
puas,4,2026-04-15 03:53:06,Positif
Bagus membantu menyediakan untuk kebutuhan mendadak,5,2026-04-15 03:50:42,Positif
sangat bagus untuk digunakan,5,2026-04-15 03:50:15,Positif
mantap,4,2026-04-15 03:50:12,Positif
sangat suka,5,2026-04-15 03:48:11,Positif
Dana A+ Rewards tidak bisa di akses,4,2026-04-15 03:46:45,Positif
kalo saya fitur dana cicil nya belum muncul2,4,2026-04-15 03:45:04,Positif
"overall bagus cuma saya mengalami Kendala di dana bisnis, transaksi 2 kali di hari yang sama yang masuk di dana bisnis hanya 1 dan belum ada kejelasan setelah lapor cs dana sudah 2 hari",4,2026-04-15 03:44:55,Positif
bagus,4,2026-04-15 03:44:38,Positif
bagus dan amanah,5,2026-04-15 03:40:17,Positif
mantap,4,2026-04-15 03:39:27,Positif
"kreen sih ini,cepet bangett",5,2026-04-15 03:38:49,Positif
sangat muda menggunakan dana,5,2026-04-15 03:34:56,Positif
"bisa ga sih di balikin ke awal aja jangan harus premium, jadi susah ini harus premium baru bisa transfer uang",1,2026-04-15 03:29:51,Negatif
"Asuransi proteksi dana atas transaksi penipuan tidak sesuai visi dan misi, Sebulan yang lalu saya kena tipu transaksi transfer pakai proteksi dan hasil pengajuannya di tolak mentah-mentah pahal bukti transaksi ada dan kuat. JUJUR SAYA NYESAL TRANSAKSI PAKAI DANA.!",2,2026-04-15 03:28:36,Negatif
min mau tanya min? emang ada bonus voucher RP.10 ribu,4,2026-04-15 03:25:49,Positif
masih banyak ke kurang harus banyak di perbaiki lagi 🙏 kasih bintang 1 kurang aplikasi pelayanan masih kurang,1,2026-04-15 03:25:03,Negatif
bismilla sangat memuaskan,5,2026-04-15 03:23:06,Positif
"Aplikasi gak ngotak.. Memang sih prosesnya cepat, tapi belum diklik untuk peminjaman dana udah turun aja masuk ke rekening. Potongannya besar lagi, bunga besar dan tenornya hanya 1 minggu. Semuanya sudah saya lunasi dan bukti semua pelunasan sudah saya screenshot sebagai bukti entah itu no va atau bukti transfernya. Mulai hari ini Rabu, tgl 15 April 2026 aplikasi Dana Digital saya uninstall. Penghapusan data tidak bisa jadi awas aja klo data saya disalah gunakan dan klo ada tagihan lagi awas..",5,2026-04-15 03:22:24,Positif
sangat membantu,5,2026-04-15 03:21:01,Positif
mantap,5,2026-04-15 03:19:53,Positif
amazing,5,2026-04-15 03:19:49,Positif
yang lain ada dana cicil di aplikasi saya tidak ada dana cicil yang muncul,5,2026-04-15 03:17:32,Positif
"cek riwayat transaksi bermasalah, tolong perbaiki",1,2026-04-15 03:17:28,Negatif
Lamabangt,1,2026-04-15 03:17:09,Negatif
saya kasih bintang 3 karena saldo sy sering di potong 🤧,3,2026-04-15 03:16:34,Netral
admin saya ada kendala akun lama sudah 6 hilang.. jadi saya tidak bisa premium kan akun baru ini.. saya mau install aja ni karena tidak ada solusinya melalui chat live,3,2026-04-15 03:12:18,Netral
Okey mantap,2,2026-04-15 03:11:53,Negatif
"sangat sangat membantu, pertahankan cara kinerjanya 👍",5,2026-04-15 03:09:44,Positif
ribet saldo ada mau kirim harus pindah dana premium surat harus ini itu jadi uang ngak bisa digunakan,2,2026-04-15 03:09:39,Negatif
agak lebih cepat,5,2026-04-15 03:04:00,Positif
selama ini baik2 sj,5,2026-04-15 03:01:13,Positif
memudahkan transaksi apapun,5,2026-04-15 03:00:52,Positif
mantap,5,2026-04-15 03:00:45,Positif
aplikasi sangat bagus,4,2026-04-15 02:53:32,Positif
sangat membantu,5,2026-04-15 02:53:06,Positif
aman mudah terpercaya terbaik,5,2026-04-15 02:50:13,Positif
"saldo bisa di curi orang. rugi 2,757.100",1,2026-04-15 02:44:56,Negatif
sangat baik,5,2026-04-15 02:42:17,Positif
sangat bagus,5,2026-04-15 02:40:02,Positif
ok,5,2026-04-15 02:37:22,Positif
sgat membtu,5,2026-04-15 02:35:10,Positif
keren,5,2026-04-15 02:33:12,Positif
bagus,5,2026-04-15 02:30:17,Positif
lebih gampang dan praktis,5,2026-04-15 02:26:58,Positif
lupa pin sy,3,2026-04-15 02:26:19,Netral
terbaik,5,2026-04-15 02:24:54,Positif
aplikasi ini tolol saya ke ilangan uang saya tanpa izin pin nya tiba-tiba terbayar sendiri aplikasi ini gak bagus,1,2026-04-15 02:24:25,Negatif
Ok juga pakai dana nih,5,2026-04-15 02:21:33,Positif
sangat membantu,5,2026-04-15 02:20:38,Positif
Cpet diblokir .ndk suka saya aplikasi ini demi bapak Dana .haha,5,2026-04-15 02:15:00,Positif
aman terpercaya,5,2026-04-15 02:11:41,Positif
enak banget dah aplikasinya,5,2026-04-15 02:10:21,Positif
"mantap, pelayanan PLN ULP Bumi abung juossss",5,2026-04-15 02:09:19,Positif
apk paling keren yang pernah ada,5,2026-04-15 02:08:45,Positif
sangat bermanfaat dan bagus buat transaksi,5,2026-04-15 02:07:58,Positif
mantap,5,2026-04-15 02:02:41,Positif
"keren, murah dan simpel",5,2026-04-15 02:02:30,Positif
tolong buat struk,4,2026-04-15 02:02:09,Positif
oke,5,2026-04-15 01:55:20,Positif
lumyan,1,2026-04-15 01:51:30,Negatif
sangat bagus,5,2026-04-15 01:46:59,Positif
sangat berguna,5,2026-04-15 01:46:37,Positif
baikk sekali,5,2026-04-15 01:46:18,Positif
aplikasi dana sangat membantu tuk bertransaksi di mana saja. makasih dana,5,2026-04-15 01:40:20,Positif
apk nya sangat membantu,5,2026-04-15 01:36:27,Positif
akun dana saya udah 2 kali kena kendala ga tau kenapa saldo tiba tiba ilang gitu aja.. terus akun nya ga bisa di buka karena di proteksi,1,2026-04-15 01:35:10,Negatif
penangannan masalah pemidahan akun premium ke no baru . lama banget dan ujungnya gagal.,2,2026-04-15 01:34:26,Negatif
muantap,5,2026-04-15 01:34:04,Positif
"DANA HANYA MEMBALAS KELUHAN PENGGUNA DENGAN MENGGUNAKAN AI, TIDAK DENGAN CS LIVE, PENGADUAN TIDAK ADA YANG DI TANGGAPI SAMA SEKALI.",1,2026-04-15 01:33:32,Negatif
bntu buat dana cicil,5,2026-04-15 01:32:01,Positif
apa pun jadi mudah dg dana 👍👍👍,5,2026-04-15 01:31:10,Positif
sangan memuaskan,5,2026-04-15 01:29:36,Positif
aplikasihnya eror banget sudah d upgride tpi tdk bsh transfer di uninstal lalu d instal ulang tdk bsh login msuk,1,2026-04-15 01:24:24,Negatif
Mantap bener uang kembali keamananya juga ketat 👍👍,5,2026-04-15 01:18:05,Positif
ok,5,2026-04-15 01:17:26,Positif
fitur dana cicil belom ada,5,2026-04-15 01:17:01,Positif
mantap,5,2026-04-15 01:15:58,Positif
tidak ada fiqtur dana cicil nya.gimna nie,5,2026-04-15 01:15:58,Positif
"Tidak seperti bank, kalau melaporkan penipuan, akun penipu tidak diblokir dan uang juga tidak ada kemungkinan kembali. Sudah melapor dan dimintai semua bukti, tapi percuma, buang waktu dan umbar masalah pribadi doang. Pada akhirnya tetap dikatakan ngga ada penanggulangan yg sy harapkan. Sy mw uninstall aja keknya. Kecewa poll. 🙏",1,2026-04-15 01:15:55,Negatif
bagus banget bosku,5,2026-04-15 01:14:02,Positif
dana gk aman akun saya bisa di bobol orang dan mengbil saldo saya sebesar 1jt,1,2026-04-15 01:12:28,Negatif
mantap,5,2026-04-15 01:04:20,Positif
ok,3,2026-04-15 01:04:19,Netral
Dana lagi eror ya kok ga bisa dibuka sih ?,3,2026-04-15 01:02:36,Netral
ok,5,2026-04-15 01:00:47,Positif
mengaktifkan dana cicil susah banget,5,2026-04-15 01:00:38,Positif
aplikasinya sangat membantu dalam transaksi,4,2026-04-15 01:00:36,Positif
bagus,5,2026-04-15 00:58:22,Positif
sangat membanru,5,2026-04-15 00:57:11,Positif
good.,4,2026-04-15 00:56:03,Positif
sangat membantu,5,2026-04-15 00:55:03,Positif
Apk gak bisa di buka mentok pas mau login via no hp.. Knapa ya,4,2026-04-15 00:52:07,Positif
moga bisa nabung dengan aman,5,2026-04-15 00:50:48,Positif
sangat baik,5,2026-04-15 00:50:17,Positif
sayang nya aku ga ad fitur dana cicil nya,5,2026-04-15 00:49:46,Positif
"saya meminta bantuan di fitur yang ada tapi ternyata tidak membantu, yang ditanyakan berulang ulang tapi tidak ada solusi",3,2026-04-15 00:47:16,Netral
sangat membantu,5,2026-04-15 00:46:37,Positif
qris aku kpn jdinya ini ktanya maks 4h tpi bru 3h kita liat bsok ya,5,2026-04-15 00:45:53,Positif
enk banget,5,2026-04-15 00:45:41,Positif
bagus,5,2026-04-15 00:43:56,Positif
fitur dana cicil kaga nongol jir,5,2026-04-15 00:38:33,Positif
"limit cicilan dana cicil nya cuma 100rb. udah hampir mau setahun gada tanda kenaikkan limit, udh sering di gunakan dan di bayarkan tepat waktu tetap aja ga naik2.. ampun dahhh pelit banget si penyedia layanan pinjaman yang di modalin atau di naungi dari pinjaman bernama yesss credit di aplikasi dana",1,2026-04-15 00:36:15,Negatif
sangat baik sekalih,5,2026-04-15 00:34:58,Positif
mantap,5,2026-04-15 00:31:50,Positif
buruk,1,2026-04-15 00:30:49,Negatif
ok,5,2026-04-15 00:27:23,Positif
kenpa sistem dana msh eror saya mau gunakn dana msukn no dana yg benar aja ngk tolong dong dana saya,2,2026-04-15 00:25:03,Negatif
"bagus, sangat membantu untuk pembayaran dan menerima uang.",5,2026-04-15 00:22:49,Positif
mantaaaap. aplikasi yang sangat membantu saya untk urusan tranfer ke bank manapun.....,5,2026-04-15 00:18:49,Positif
mantep bro,5,2026-04-15 00:18:18,Positif
Sangat membantu skli,4,2026-04-15 00:14:42,Positif
"apk tidak bisa terkoneksi ke internet padahal internet lancar, tapi untuk buka apk dana tidak bisa samsek hadeh",1,2026-04-15 00:08:30,Negatif
mahoookk,5,2026-04-15 00:05:24,Positif
qris saya tidak bisa di cetak tolong bantuan nya,5,2026-04-15 00:04:01,Positif
oke,4,2026-04-14 23:58:03,Positif
bagus,5,2026-04-14 23:54:47,Positif
semoga dana bisa tambah mantap kedepannya. AMIN 😀🤣😘,5,2026-04-14 23:54:10,Positif
baik.sangat membantu,5,2026-04-14 23:52:35,Positif
ok,5,2026-04-14 23:51:48,Positif
nice option,5,2026-04-14 23:51:35,Positif
baik,5,2026-04-14 23:51:29,Positif
aplikasi sangat membantu,3,2026-04-14 23:50:53,Netral
sangat memuaskan,5,2026-04-14 23:48:48,Positif
"ini gimana ini, aku minta perubahan KTP katanya nunggu 3 hari kok kagak diganti ganti nama nya sih gimana ini dana",1,2026-04-14 23:48:09,Negatif
ok,5,2026-04-14 23:44:40,Positif
"awal² akun udah premium, tapi tiba² ga premium sekarang mau di upgrade ga bisa apa nih admin dimintai bantuan malah memutar balikkan kata, jaringan udah oke tp kok masih aja gagal",2,2026-04-14 23:44:27,Negatif
saya ada masalah yg jawab masih bot,1,2026-04-14 23:44:19,Negatif
"saldo hilang sendiri,,,,padahal yg kirim udah bener ke no dana yg Ter daftar",1,2026-04-14 23:43:16,Negatif
mantaf,5,2026-04-14 23:43:03,Positif
bagus,5,2026-04-14 23:40:32,Positif
puasss,5,2026-04-14 23:40:28,Positif
mantap,5,2026-04-14 23:39:09,Positif
eventnya Hoax.. mending gak usah bikin Ivent a+rewards,3,2026-04-14 23:31:34,Netral
Dana suda premium TPI g fitur cicil/dana instan,5,2026-04-14 23:25:32,Positif
butuh saran dong...kartu saya hilang WA juga sudah ngak aktif..gimana cara dapat otp..tapi dana saya belum premium,5,2026-04-14 23:24:23,Positif
siip,5,2026-04-14 23:18:06,Positif
coba dulu buat transaksi.. 🙂🙏,4,2026-04-14 23:16:58,Positif
cukup bagus lahh cuman punya saya ga bisa muncul dana pinjem nya,5,2026-04-14 23:14:04,Positif
tidak ada dana cicil,5,2026-04-14 23:12:20,Positif
tukang propesional,5,2026-04-14 23:11:01,Positif
easy bgt alhamdulillah,5,2026-04-14 23:10:51,Positif
dana cicil aktifkan bos,5,2026-04-14 23:08:03,Positif
FITUR DANA CICIL TIDAK ADA,1,2026-04-14 23:01:48,Negatif
sangat membantu aplikasi ini,5,2026-04-14 22:57:24,Positif
puassssssssss,5,2026-04-14 22:56:59,Positif
sangat bermanfaat sekali untuk semua orang,4,2026-04-14 22:53:07,Positif
"isi paket data beberapa kali ga masuk, tapi dana kepotong dan paketnya gada masuk juga",1,2026-04-14 22:50:26,Negatif
kendala saya cuma d fitur dana cicil padahal sudah 3thn lebih dan sering transaksi pakai dana trs baru kmre²n saya dpt fitur dana cicil namun setelah aktivasi fitur dana cicil msh tetap blom bisa d pakai mohon d perbaiki,5,2026-04-14 22:50:14,Positif
"sangat membantu sekali aplikasi ini, cara pakai nya mudah. proses nya cepat, pokoknya nomor 1 deh",5,2026-04-14 22:47:37,Positif
Bertransaksi jadi lebih mudah dan gampang serta dapat dilakukan kan kapan saja dan dimana saja🥰,5,2026-04-14 22:47:28,Positif
isi pulsa.. udah 2 hari dalam peroses uang gak kembali kacau,1,2026-04-14 22:47:05,Negatif
tidak bisa transaksi sudah 4 hari,1,2026-04-14 22:46:27,Negatif
menggunakan dompet digital Dana sangat aman & nyaman untuk penyimpanan uang',5,2026-04-14 22:45:47,Positif
sangat membantu,5,2026-04-14 22:38:49,Positif
"lelet jaringan, dan proses nya",4,2026-04-14 22:33:45,Positif
sat bagus banget saya suka banget bisa dapat,5,2026-04-14 22:31:51,Positif
"butuh bantuan cs tapi susah banget, buat cetak Qris dana bisnis, susah banget ampun dah.",5,2026-04-14 22:29:47,Positif
good,5,2026-04-14 22:24:19,Positif
mau pake dana cicil,5,2026-04-14 22:21:51,Positif
InsyaAllah Semuanya Akan Di Permudahkan,5,2026-04-14 22:20:15,Positif
ok aku suka tapi tolong link link yg penipuan harus di perketat karena jaman Sekang gampang bagi penipu2 kelas kakap bisa mencuri uang yg ada di dana... kenapa emangnya iya karena aku mengalami kebobolan gara2 klik link yg TDK aku kenal jadi tolong KPD pihak dana di perketat agar penipu TDK bisa nyusul ke dana,5,2026-04-14 22:15:31,Positif
good job,5,2026-04-14 22:15:27,Positif
bagus banget,5,2026-04-14 22:09:27,Positif
APLIKASI BUSUK!!!,1,2026-04-14 22:06:44,Negatif
"bintang 3 karena banyak kendala pas mau ganti nama toko dana bisnis, please lah permudahkan proses ganti nama toko dana bisnisnya",3,2026-04-14 22:00:17,Netral
apk ini sangat bermanfaat,5,2026-04-14 21:51:27,Positif
Dana cicil tidak tersedia setelah melakukan pembayaran,5,2026-04-14 21:50:10,Positif
kasih Dana cicilan dong,5,2026-04-14 21:49:46,Positif
ok,5,2026-04-14 21:42:01,Positif
aplikasi nya bagus saat kiita salah kirim bisa di kembalikan uang nya aplikasi yang sangat bagus dan 1 lagi tolong kak kalo ada pembayaran harus isi kata sandi dulu biar otomatis harus kata sandi dulu biar gak ke ulang lagi ❤️❤️❤️❤️,5,2026-04-14 21:35:38,Positif
bagus,5,2026-04-14 21:21:31,Positif
mantab,4,2026-04-14 21:19:58,Positif
mntap,5,2026-04-14 21:12:54,Positif
aplikasi gak guna,1,2026-04-14 21:11:22,Negatif
sangat membantu,5,2026-04-14 21:04:36,Positif
di atur lah,5,2026-04-14 21:00:04,Positif
"terlalu rumit mau login harus menggunakan verivikasi otp pdhl ingat pin,iya klau Nomornya masih aktif klau yg udah gak aktif kan susah seperti saya",2,2026-04-14 20:59:47,Negatif
bagus,5,2026-04-14 20:58:23,Positif
buruk banget,1,2026-04-14 20:57:05,Negatif
sangat mntap,5,2026-04-14 20:55:43,Positif
tolong saya ingin mengajukan akses dana cicil,5,2026-04-14 20:52:51,Positif
kenapa saya GK ada dana cicil,1,2026-04-14 20:07:11,Negatif
"dana sangat membantu, terimakasih dana,mudah"" dana saya bisa di kasih fitur dana instan 🙏🙏🙏",5,2026-04-14 20:06:41,Positif
"aplikasi nya bagus simpel, semogasistem di dalam dana saya di izinin semua kek orang2🙏",5,2026-04-14 20:03:04,Positif
Semogah bisa terbuka,5,2026-04-14 19:53:19,Positif
"selalu dapat notif dana cicil,,pas di pakek malah gak pernah bisa,,, klau gak bisa di pakek jgn buat semak dgn notif",1,2026-04-14 19:50:40,Negatif
Sgt mmbntu DLM brtransaksi💖💖,5,2026-04-14 19:49:59,Positif
Sangat memuaskan untuk bertransaksi,5,2026-04-14 19:49:46,Positif
"aplikasi dana memang luar biasa banyak piturnya.sangat leluasa untuk digunakan.apalagi ada dana cicilnya.benar""sangat membantu",5,2026-04-14 19:49:41,Positif
ok,5,2026-04-14 19:43:09,Positif
"saya sudah 2x kehilangan saldo di dana namun setelah saya melaporkan nya gak ada timbal balik ataupun perbaikan sistem dari dana,, kehilangan pertama saya masih bisa terima kehilangan tersebut karna mungkin sistem nya atau keamanan dri dana kurang,,tapii inii sudahh kedua kalinya sayaa begini dan belum ada perubahan sedikit pun dari danaa",1,2026-04-14 19:36:41,Negatif
bagus,5,2026-04-14 19:26:13,Positif
Bagus,5,2026-04-14 19:21:27,Positif
keren,5,2026-04-14 19:21:03,Positif
bagus banget,5,2026-04-14 19:17:35,Positif
aktifkan dana cicil,3,2026-04-14 19:08:37,Netral
sangat membantu urusan keuangan saya,5,2026-04-14 19:04:15,Positif
BAGUS BANGET.....,4,2026-04-14 19:01:00,Positif
sangat membantu dan memuaskan,5,2026-04-14 19:00:59,Positif
sangat puas,5,2026-04-14 19:00:28,Positif
mantap,5,2026-04-14 19:00:11,Positif
tidak bisa login jaringan eror terus padahal jaringan bagus,2,2026-04-14 18:59:15,Negatif
verivikasi wajah ngga bida,4,2026-04-14 18:58:05,Positif
mudah dan cepat,5,2026-04-14 18:54:24,Positif
cukup bagus..tapi klo ada program beta saran di sebar luas biar merata,3,2026-04-14 18:53:00,Netral
di plikasi dana ada pembeli an MAS✅ Antam KLO di beli lama 2bisa bertambaH gak ? harga yg sebelum nya? degan harga yg lama🙏,4,2026-04-14 18:48:49,Positif
"tolong perbaiki jaringan untuk pembayaran saldo dana, sudah berapa kali saya mau bayar untuk keperluan malah saya tidak bisa transfer uang ke dana yang lainnya 🙏",4,2026-04-14 18:47:59,Positif
bagus,3,2026-04-14 18:40:58,Netral
sangat senang,1,2026-04-14 18:35:49,Negatif
"sangat - sangat memuaskan aplikasi dana ini,saya suka sekali,tapi tolong DANACICILANnya gak bisa di gunakan lagi kalau sudan melunasi pinjaman,padahal limit danacicilannya banyak,kalau bisa di atur ulang donk biar bisa di gunakan limit danacicilannya,masa cuma dilihati aja limitnya tapi tidak bisa di gunakan,tolong ya di upgrade lh biar bisa danacicilan lagi...",3,2026-04-14 18:35:48,Netral
sangat bagus,5,2026-04-14 18:33:53,Positif
dana yang terbaik,5,2026-04-14 18:32:54,Positif
🥰,5,2026-04-14 18:26:13,Positif
mudah buat bertransaksi,5,2026-04-14 18:26:02,Positif
sangat berguna bagi orang yg tidak punya ATM,5,2026-04-14 18:22:16,Positif
sayangnya dana saya gak ada fitur dana instans dan cicil,5,2026-04-14 18:20:55,Positif
ok,5,2026-04-14 18:19:49,Positif
app dana ini sangat membantu dan sangat muda untuk digunakan sy sangat puas,5,2026-04-14 18:19:14,Positif
aplikasi sangat bagus,5,2026-04-14 18:18:36,Positif
sangat bagus cepat prosesnya,5,2026-04-14 18:18:26,Positif
sudah melunasi paylater/dana cicil kok GK bisa digunakan lagi dan GK tersedia/GK berlaku payah.sudah puluhan tahun gunakan apk dana tapi di bikin sulit,1,2026-04-14 18:17:09,Negatif
sayamau aktif kan dana playleter,5,2026-04-14 18:09:33,Positif
sangat baik,5,2026-04-14 18:08:21,Positif
"Tolong fitur nomor hilang, sediakan kembali, soalnya penting dan dibutuhin banget",3,2026-04-14 18:08:11,Netral
belum dapet dana cicil nih,5,2026-04-14 18:07:35,Positif
sangat membantu,5,2026-04-14 18:06:16,Positif
"semua fitur bagus,aman nyaman bermanfaat,tapi sayang nya Dana cicil saya cuma telat bayar dan sudah saya lunasin semua malah tidak bisa di gunakan lagi sudah 5 bulan sejak bulan 11-2025 kemaren.",5,2026-04-14 18:02:52,Positif
tolong muculim potur dana cicil di akundana saya,4,2026-04-14 18:00:40,Positif
ini saya mau menghapus akun dana yang nomor nya sudah tidak aktif pun tetap di mintain kode otp via SMS padahal udah di bilang nomor nya sudah tidak aktif. mau hapus akun aja di persulit. saya mau hapus akun karena nomor sudah tidak aktif dan bisa jadi nomor nya dipake orang lain yang aktif dan memiliki kode otp nya. saya takut ketika ada teman/saudara yang salah transfer ke nomor yg sudah tidak aktif itu dan saya kehilangan uang. tolong diperbaiki kalo minta kode otp lewat email,2,2026-04-14 17:59:28,Negatif
bagus bgt,5,2026-04-14 17:59:10,Positif
sangat memuaskan,5,2026-04-14 17:59:10,Positif
oky,5,2026-04-14 17:57:57,Positif
Akun saya kenapa tidak ada fitur dana cicilnya,1,2026-04-14 17:57:29,Negatif
susah mendapat kan dana cicil,5,2026-04-14 17:56:55,Positif
aman dan terpecya dompet GK jebol,5,2026-04-14 17:53:17,Positif
knp klo top up susah,4,2026-04-14 17:52:38,Positif
"mantap,...",5,2026-04-14 17:50:07,Positif
mantap,5,2026-04-14 17:49:51,Positif
sangat membantu buat transaksi keuangan..,5,2026-04-14 17:49:23,Positif
sangat membantu,5,2026-04-14 17:46:57,Positif
𝑏𝑎𝑛𝑦𝑎𝑘 𝑘𝑒𝑛𝑑𝑎𝑙𝑎 𝑛𝑦𝑎 𝑚𝑎𝑢 𝑖𝑠𝑖 𝑝𝑢𝑙𝑠𝑎 𝑎𝑗𝑎 𝑠𝑢𝑠𝑎ℎ 𝑦𝑎𝑛𝑔 𝑠𝑖𝑏𝑢𝑘 𝑙𝑎ℎ 𝑡𝑢𝑡𝑢𝑝 𝑙𝑎ℎ,1,2026-04-14 17:46:14,Negatif
"fitur dana cicil ngak bisa di gunain kenapa ya? pas mau checkout ngak ada pilihan dana cicil, padahal saya belom pernah make fitur dana cicil",1,2026-04-14 17:38:36,Negatif
lumayan bagus,3,2026-04-14 17:38:24,Netral
bagus best ot the best,4,2026-04-14 17:37:45,Positif
bagus sekali aok ini godjobb jangan lupa aktifkan dana cicilnya 🙏🙏🙏,5,2026-04-14 17:37:04,Positif
okdy,5,2026-04-14 17:36:34,Positif
tidak bisa dapat Dana cicil,5,2026-04-14 17:36:17,Positif
sangat membantu,5,2026-04-14 17:30:29,Positif
Sistemnya bermasalah banget. Tiba-tiba ada transaksi tanpa konfirmasi dan saldo langsung terpotong. Ini aplikasi keuangan tapi keamanannya kayak nggak jelas. Sangat mengecewakan. Mohon diperbaiki dan tanggung jawab atas kerugian pengguna.,1,2026-04-14 17:27:32,Negatif
"mohon bantuannya , akun dana sya ngak mau melakukan pembayaran qris,, dan TDK bisa menghubungi layanan, untuk menyakan apa kendalanya,, mohon bantuannya",5,2026-04-14 17:27:28,Positif
"sangat simpel, meskipun kadang eror",5,2026-04-14 17:26:09,Positif
"verivikasi harus lewat gmail trus,udah tau gmail saya udah gak ada,kenapa gk verivikasi kewat sms atau whatsap atau tlpon...najis pake dana ribet",1,2026-04-14 17:18:05,Negatif
bagus,5,2026-04-14 17:16:49,Positif
semoga dana instan saya cpt naik limitmnya,5,2026-04-14 17:16:30,Positif
"bagus cepat praktis,serba bisa mantap",5,2026-04-14 17:16:19,Positif
lumayan cmn kemanan kurang ketat masih bisa d hacx,3,2026-04-14 17:15:48,Netral
cukup memenuhi kebutuhan masyarakat sangat penting,5,2026-04-14 17:14:07,Positif
aplikasi bagus dan saya menggunakan lebih dr 3 tahun namun sayang tidak adanya fitur dana cicil dan dana instan membuat saya mengajukan penghapusan akun permanen dana dan beralih ke gopay yg lebih menguntungkan n flexible,1,2026-04-14 17:13:32,Negatif
bermanfaat,5,2026-04-14 17:13:18,Positif
ok,5,2026-04-14 17:07:44,Positif
no saya ilang . udah verifikasi wajah . tapi malah di suruh kirim kode otp ke no. udah tau nonya ilang.,1,2026-04-14 17:06:14,Negatif
sangat baik,5,2026-04-14 17:06:11,Positif
good aplikasi,5,2026-04-14 17:05:29,Positif
"aplikasi makin gak jelas, pembayaran sering gagal tapi saldo kepotong, ngasih fitur dana cicil tapi tak bisa cicil,pulsa, CS PUN BOT YG GAK GUNA",1,2026-04-14 17:04:51,Negatif
bagus,5,2026-04-14 17:04:39,Positif
sangat membantu transfer an,5,2026-04-14 17:04:12,Positif
mantap,5,2026-04-14 17:03:46,Positif
oke,5,2026-04-14 17:03:36,Positif
ok,5,2026-04-14 17:02:14,Positif
saya Mao aufdate kek dana cicil,5,2026-04-14 17:00:45,Positif
bagus,5,2026-04-14 16:59:35,Positif
Bagusss,5,2026-04-14 16:59:10,Positif
👍👍,5,2026-04-14 16:56:56,Positif
app Terbaiik dan Terpercaya,5,2026-04-14 16:55:36,Positif
dana eror sudah buka dana tiba' keluar sendiri,2,2026-04-14 16:55:16,Negatif
Sangat membantu,5,2026-04-14 16:54:51,Positif
saldo saya terpotong dengan sendirinya tanpa ada verifikasi dan notif muncul setelah pembayaran sudah sukses degan sendirinya padahal saya sudah mengaktifkan verifikasi 2 langkah sebagai keamanan atau persetujuan pembayaran,1,2026-04-14 16:52:33,Negatif
bantu proses dana cicil nya bosqu,5,2026-04-14 16:51:44,Positif
bagus,5,2026-04-14 16:50:09,Positif
SANGAT SANGAT TIDAK MEMUASKAN,1,2026-04-14 16:46:08,Negatif
mantap poko yah,5,2026-04-14 16:43:04,Positif
Bagus 👍,5,2026-04-14 16:42:52,Positif
sudah4 bulan saya tunggu menu dana payleter SOP sudah saya ikutinkenapa ga muncul juga,1,2026-04-14 16:39:22,Negatif
bagus,3,2026-04-14 16:36:47,Netral
"aplikasi jelek saldo mengurang sendiri padahal tidak dipakai apa apa, mending pakai apk seabank aman terpercaya, apala apk jamp boat",1,2026-04-14 16:36:37,Negatif
saya memberikan bintang 4 karena dana cicil saya sampe sekarang belum aktif tolong di bantu bagaimana cara aktifkan dana cicil,4,2026-04-14 16:34:10,Positif
apk dana ini bagus cuman berat aja di HP samsung j7 prime ram 3 jdi kalo mau buka ke dana nya suka patah patah tolong ya min,4,2026-04-14 16:33:25,Positif
👍👍👍,5,2026-04-14 16:32:56,Positif
bagus banget,5,2026-04-14 16:31:38,Positif
terimakasih,5,2026-04-14 16:29:06,Positif
dana gak pernah kasih THR sama penguna nya..,4,2026-04-14 16:28:48,Positif
bagus,5,2026-04-14 16:27:16,Positif
sangat membantu,5,2026-04-14 16:25:37,Positif
sangat bagus dan kalau bisa hindari dari aktivitas mencurigakan,5,2026-04-14 16:25:33,Positif
ok bgt...,5,2026-04-14 16:25:13,Positif
suka,5,2026-04-14 16:24:32,Positif
kenapa saya tidak bisa menghapus akun dana saya,3,2026-04-14 16:24:14,Netral
"ga pernah sama sekali ngasih bintang satu ke aplikasi manapun, ini yang pertama. se kecewa itu sama dana. 5 tahun lebih saya pakai. saya cuma ingin memindahkan akun dana premium saya ke akun lain tidak bisa. di bilangnya akun saya terikat aset dana seperti emas, dana paylater dll. padahal saya tidak pernah menggunakan jasa itu sekali pun. saya butuh mengirim uang sekarang tapi tidak bisa karena tidak premium. padahal uang saya di akun tidak premium. di buat premium juga tak bisa gara gara itu.",1,2026-04-14 16:23:20,Negatif
Mantap,1,2026-04-14 16:19:38,Negatif
sangat membantu,5,2026-04-14 16:18:06,Positif
"Sudah upgrade ke premium, harus tunggu sampai 2 hari.",1,2026-04-14 16:15:47,Negatif
dana cicil ga bisa dipakai njirrrr,1,2026-04-14 16:15:33,Negatif
sangat bagus,5,2026-04-14 16:15:30,Positif
saya daftar tidak bisa2 terus alesan tidak ada paketan pada hal paketan internet baru beli,1,2026-04-14 16:14:02,Negatif
sangat cepat dlm transaksi pembayaran,5,2026-04-14 16:13:47,Positif
bagus banget untuk menabung,5,2026-04-14 16:12:49,Positif
apik,5,2026-04-14 16:11:29,Positif
pelayanan baik,5,2026-04-14 16:10:46,Positif
"maxtohub itu apa sih?, kok tiba-tiba saldo saya kepotong padahal saya tidak pernah melakukan transaksi, pas saya cek di email tidak ada juga riwayatnya",1,2026-04-14 16:10:39,Negatif
bagus,5,2026-04-14 16:08:21,Positif
mntap,5,2026-04-14 16:04:24,Positif
"masa saya sdh isi pin bener verty wajah bener tapi masih aja minta otp no udah ilang sdh 2 3 tahun kemaren bise milih hp,bingung aq aplikasi ini",4,2026-04-14 16:02:29,Positif
mntp bisa di andalkan,5,2026-04-14 16:02:20,Positif
sangat puas,5,2026-04-14 16:00:39,Positif
tops,5,2026-04-14 15:54:16,Positif
dana saya tidak bisa premium,1,2026-04-14 15:53:10,Negatif
sangat puas,5,2026-04-14 15:52:53,Positif
mantap,5,2026-04-14 15:51:25,Positif
sangat baik,5,2026-04-14 15:48:29,Positif
susah banget dapetin dana cicil nya,5,2026-04-14 15:46:19,Positif
aplikasi nya sangat membatu buat orang yg mageran kalo mau bayar apapun bisa josjiss,5,2026-04-14 15:45:09,Positif
bagus banget,5,2026-04-14 15:42:25,Positif
saran kalau bisa buat merchant dana banyak nama qris di satu akun,3,2026-04-14 15:41:58,Netral
"bagai mana ini punya ku di bekukan padahal saya minta aktifkan sdh lama,, yg sedikit saja mau dia ambil hati2 cukup aku yg jdi korbann,, punya akun dana tpi ga bisa di gunakan,,, sangat di persulitnya",2,2026-04-14 15:41:54,Negatif
bagus,5,2026-04-14 15:36:37,Positif
mudah dan simple.terima kasih alhamdulillah,5,2026-04-14 15:32:37,Positif
minta di isi bang,5,2026-04-14 15:28:25,Positif
ok,4,2026-04-14 15:27:53,Positif
like,5,2026-04-14 15:27:10,Positif
sangat membantu,5,2026-04-14 15:25:51,Positif
baik',5,2026-04-14 15:25:18,Positif
sangat bagus sekali dana membantu transaksi apa pun lebih gampang pokonya apk dana mantap dahhhhh,5,2026-04-14 15:23:23,Positif
"apa apaan di persulit pas mau benerin akun yang hilang beserta hp nya, dah 2 Minggu masa gak selesai, padahal pake KTP asli, di bilang bukan e-KTP fisik, bloon banget adminnya, mending laporin ke OJK sama polisi, biar mereka yang urus mungkin selesai",1,2026-04-14 15:21:01,Negatif
bagus,5,2026-04-14 15:17:24,Positif
Masi bagus,4,2026-04-14 15:17:05,Positif
"bagus, cuma Dana civil ga nongol",5,2026-04-14 15:16:42,Positif
"aktivitasnya terakhir 28 Maret gak ad perbaruan, bkin bingung ngehitungnya",2,2026-04-14 15:13:58,Negatif
merugikan. gk pernah pakai dana cicil tapi kenapa selalu ada tagihan?,1,2026-04-14 15:10:43,Negatif
semoga bermanfaat buat anda semua pengunjung setia selalu,5,2026-04-14 15:10:40,Positif
Knpa sayah tida bisa login aplikasi dana,1,2026-04-14 15:09:33,Negatif
ok,5,2026-04-14 15:09:12,Positif
sangat membantu,5,2026-04-14 15:08:59,Positif
baik,5,2026-04-14 15:08:42,Positif
"mohon penjelasan,,dr develover,,sering saya buka apk dana,,sering force close/over close,,?",3,2026-04-14 15:08:05,Netral
bagus bangat,5,2026-04-14 15:05:06,Positif
mohon bantuannya cara aktifkan dana cicil,1,2026-04-14 15:04:43,Negatif
bagus sangat membantu,5,2026-04-14 15:04:20,Positif
saldo gua tiba tiba ilang 16k woi,1,2026-04-14 15:03:32,Negatif
bagus,5,2026-04-14 15:01:01,Positif
sangat mudah digunakan,5,2026-04-14 15:00:53,Positif
"fitur dana cicil tidak tersedia, padahal limit masih ada setoran pun sudah di bayar, alasanya apa pun ga jelas tanpa ada kejelasan dari fiturnya.",5,2026-04-14 15:00:41,Positif
dapatkan dana cicil,5,2026-04-14 14:59:44,Positif
ok,5,2026-04-14 14:57:48,Positif
sering ganguan,4,2026-04-14 14:50:58,Positif
mantap,5,2026-04-14 14:50:12,Positif
cukup baik,5,2026-04-14 14:49:42,Positif
gg banget min!!!!!,5,2026-04-14 14:49:18,Positif
baik Dan perlu peningkatan,5,2026-04-14 14:47:50,Positif
apk aneh mau transaksi malah error,1,2026-04-14 14:47:06,Negatif
mantap,5,2026-04-14 14:47:02,Positif
ok,4,2026-04-14 14:45:53,Positif
baru instal semoga aplikasinya bagus,5,2026-04-14 14:45:51,Positif
e wallet ter sampah apalagi layanan customer nya,1,2026-04-14 14:45:08,Negatif
transaksi mudah sayang dana cicil nggk bisa bisa,5,2026-04-14 14:44:31,Positif
😘,5,2026-04-14 14:43:36,Positif
Bagus,5,2026-04-14 14:43:31,Positif
q kurangin bintangnya..masak mau transaksi tau tau keluar sendri..mau masuk lagi gagal trs..udh 3bulan kayak gini..padahal masih ada saldonya..gimana ini,1,2026-04-14 14:42:25,Negatif
"entah udah berapa ratus juta transaksi di dana,pingin coba fitur dana cicil tetap gak ada fiturnya,giliran ada tetap gak bisa dipakai",5,2026-04-14 14:38:46,Positif
sangat membantu,5,2026-04-14 14:37:08,Positif
sangat membantu,5,2026-04-14 14:36:39,Positif
sangat menyenangkan dan nyaman❤️🥰,5,2026-04-14 14:36:27,Positif
bagus,5,2026-04-14 14:34:10,Positif
sangat bermanfaat sekali bagi saya.,5,2026-04-14 14:32:31,Positif
bagus,5,2026-04-14 14:32:16,Positif
"padahal saya sudah beli pulsa di aplikasi dana, tapi pulsnya ngak pakai masuk² nomor sudah benar, saldo sudah kepotong, ini dana kalo gini terus jadi rugi orang",1,2026-04-14 14:31:33,Negatif
dana cicil tidak bisa di gunakan padahal sudah lunas,2,2026-04-14 14:31:21,Negatif
untuk skrg bgus,5,2026-04-14 14:31:15,Positif
ison ko ga tf saya,5,2026-04-14 14:26:41,Positif
mantap,5,2026-04-14 14:24:49,Positif
bagus banget,5,2026-04-14 14:23:24,Positif
sangat membantu,5,2026-04-14 14:22:36,Positif
cukup baguss,4,2026-04-14 14:22:35,Positif
pelanggan setia dana,5,2026-04-14 14:22:28,Positif
sangat puas,5,2026-04-14 14:21:37,Positif
dana ribet transfer akun gagal harus nunggu 90hari,5,2026-04-14 14:20:22,Positif
premium,5,2026-04-14 14:18:12,Positif
Kenapa aplikasi dana tidak bisa meneranfer uang yahhhh,5,2026-04-14 14:15:27,Positif
puas,5,2026-04-14 14:12:07,Positif
ini dana rusak apa gimana? aku udah TF ke play store masa belum masuk mana mahal lagi udah premium loh ini gimana??,1,2026-04-14 14:11:57,Negatif
sangat mantap buat transaksi,5,2026-04-14 14:09:40,Positif
akun dana saya sudah premium tapi ga ada fitur dana cicil nya padahal belum pernah minjem sama sekali hadehhh,3,2026-04-14 14:08:54,Netral
bgus,5,2026-04-14 14:08:37,Positif
mantap awet selalu,5,2026-04-14 14:06:03,Positif
mantap..,5,2026-04-14 14:02:53,Positif
sangat jelek,5,2026-04-14 13:59:30,Positif
"dana cicil SDH tidak ada pinjaman, SDH di lunasin mlh skrg TDK tersedia",4,2026-04-14 13:58:37,Positif
jos gandos aplikasinya,5,2026-04-14 13:57:52,Positif
dana cicil tidak bisa di gunakan,3,2026-04-14 13:56:23,Netral
mantab,5,2026-04-14 13:56:12,Positif
sangat membantu,5,2026-04-14 13:55:48,Positif
terima kasih dana telah memudah bagi kami,5,2026-04-14 13:55:12,Positif
sangat cocok,5,2026-04-14 13:55:01,Positif
ok,5,2026-04-14 13:52:32,Positif
ok,5,2026-04-14 13:52:18,Positif
sangat membantu,5,2026-04-14 13:52:04,Positif
mantul,5,2026-04-14 13:51:12,Positif
saya kalau mau kirim dana ko susah suruh update mulu padahal udah update tapi tetep aja susah kirim uang nya,2,2026-04-14 13:50:33,Negatif
ok. makasih,5,2026-04-14 13:49:47,Positif
sangat puas,5,2026-04-14 13:49:46,Positif
👍👍👍👍👍,5,2026-04-14 13:49:33,Positif
saya cetak qr sudah 6 bulan belum jadi apa apaan,1,2026-04-14 13:49:27,Negatif
Singkat dan praktis,5,2026-04-14 13:49:25,Positif
dana sangat membantu dalam bertransaksi,4,2026-04-14 13:45:50,Positif
mantap👍👍👍👍,5,2026-04-14 13:44:57,Positif
sangat bagus,5,2026-04-14 13:43:53,Positif
pelayanannya kacau!,1,2026-04-14 13:43:30,Negatif
enak dipakai anti juri dapat uang Rp 600 😄,5,2026-04-14 13:41:11,Positif
sangat bagus transaksi jadi lebih mudah,5,2026-04-14 13:40:22,Positif
sangat bagus,4,2026-04-14 13:38:14,Positif
apk sangat membantu,5,2026-04-14 13:38:10,Positif
bagus aplikasinya,5,2026-04-14 13:37:56,Positif
ok lah bagus juga....,5,2026-04-14 13:37:15,Positif
biar hari esok lebih baik,5,2026-04-14 13:35:17,Positif
keseringan apdet,3,2026-04-14 13:35:01,Netral
good,5,2026-04-14 13:31:05,Positif
mengapa saya tidak bsa ambil.dana cicil,3,2026-04-14 13:31:05,Netral
keren saya suka,5,2026-04-14 13:30:04,Positif
gimana caranya saya masuk soalnya no handphone sudah tidak aktif,1,2026-04-14 13:29:19,Negatif
boleh juga buat transaksi,5,2026-04-14 13:27:46,Positif
ok banget,5,2026-04-14 13:25:23,Positif
sangat bagus,5,2026-04-14 13:25:06,Positif
sangat ba&us,5,2026-04-14 13:22:06,Positif
Mantap sekarang pencairan dana bisnis real time,5,2026-04-14 13:19:02,Positif
developer tolong di perbaiki lah masa iya kepotong sendiri,1,2026-04-14 13:17:02,Negatif
"lebih baik di hapus dari pada sakit hati kerna orang orang pada dapet dana cicil tapi gua yg udah ber tahun2 pake dana kaga dapet dana cicil,kalo di hitung2 udah abis puluhan juta gua transaksi pake dana!!!",1,2026-04-14 13:16:32,Negatif
sangat membantu,5,2026-04-14 13:16:28,Positif
👍👍👍,5,2026-04-14 13:13:30,Positif
bagus,5,2026-04-14 13:10:57,Positif
sangat bisa di andalkan,5,2026-04-14 13:10:50,Positif
"Aplikasi apa ini ga guna, awal-awal aja bagus tapi kok lama-lama ga bener tiba-tiba ada transaksi sendiri dari akun dana padahal saya tidak ada melakukan transaksi apapun sudah ngahubungi customer service tapi tidak ada bantuannya sama sekali, uang saya jadinya lenyap sia-sia. Seharusnya ada informasi transaksi bahwasannya itu bukan saya. Tanggung jawabnya dong, gimana ini uang saya jadi lenyap. Masa perusahaan sebesar DANA keamanannya seperti ini, tolong ya responnya dari pihak DANA!!",1,2026-04-14 13:09:15,Negatif
fitur dana instan tidak muncul,4,2026-04-14 13:09:00,Positif
dana ok,5,2026-04-14 13:08:39,Positif
sangat baik,5,2026-04-14 13:02:19,Positif
lumayan,4,2026-04-14 13:01:58,Positif
tolong bantu proseskan pengajuan DANA Cicil atas nama IFUL sudah premium,5,2026-04-14 13:01:58,Positif
ok,5,2026-04-14 13:00:16,Positif
apl the best,5,2026-04-14 12:58:36,Positif
mantap,5,2026-04-14 12:55:58,Positif
puas dengan. menggunakan ewalet dana,5,2026-04-14 12:55:01,Positif
jos,5,2026-04-14 12:54:27,Positif
bagus,5,2026-04-14 12:53:43,Positif
ka sayah mau minta bantu. sayah kehilangan uang dari dana di lihat pemberitahuan nya gk ada tolong bantu gimana ini gk ada jawaban,1,2026-04-14 12:51:29,Negatif
ok banget,5,2026-04-14 12:51:23,Positif
"tolong di perbaiki keluhan banyak pengguna,salah satunya yaitu verifikasi nomer handphone yang sudah tidak aktif,menurut saya pribadi verifikasi tersebut tidak terlalu di perlukan karena pengguna sudah memasukan pin dan face id dengan benar harusnya sudah bisa membuktikan kalo yang sedang mencoba masuk/login di perangkat lain itu pemilik akun tersebut, seandainya harus verifikasi nomer handphone lalu nomer handphone kita sudah tidak aktif bagaimana?sedangkan ada uang di akun tersebut.",1,2026-04-14 12:51:18,Negatif
memuaska sekali,5,2026-04-14 12:50:50,Positif
terbaik,5,2026-04-14 12:50:45,Positif
sangat baik,5,2026-04-14 12:49:36,Positif
mantap,3,2026-04-14 12:49:11,Netral
hati hati menyipan saldo di dana. karena pihak dana dapat menyetujui transaksi tanpa meminta pesetujuan dari penggunanya,1,2026-04-14 12:49:04,Negatif
"saldo Hilang, akun Dana saya diretas,hubungi pelayanan Tidak jelas Tidak Ada tindak Lanjut nya. nyampai sekarng Dana saya diretas saldo Hilang Terus. Diminta bantuan pertanyaanya muter muter Tidak Ada titik temunya",1,2026-04-14 12:48:57,Negatif
apa sih eror terus mau bayar tapi kata melebihi batas transaksi padahal limitnya 2.000.000 mau bayar 10.000 melebihi batas limit udah aku lakuin apa aja sama aja hasilnya gajelas banget,1,2026-04-14 12:45:37,Negatif
sangat baik,5,2026-04-14 12:45:32,Positif
baik dan bagus,5,2026-04-14 12:44:28,Positif
tolong ya kasih fitur pinjaman uang!!!,3,2026-04-14 12:43:54,Netral
biang,5,2026-04-14 12:43:01,Positif
terbaik,5,2026-04-14 12:41:57,Positif
saya suka,5,2026-04-14 12:39:50,Positif
good luck,5,2026-04-14 12:39:32,Positif
b aja,2,2026-04-14 12:39:17,Negatif
sangat membatu,5,2026-04-14 12:38:46,Positif
Maa Syaa Allaah Tabarakallaah.,5,2026-04-14 12:37:51,Positif
Dana emang mantap dan puas,5,2026-04-14 12:37:17,Positif
keren aplikasinya sangat membantu,5,2026-04-14 12:32:52,Positif
paling enak untuk transaksi,5,2026-04-14 12:32:47,Positif
Aplikasi sangat membantu,5,2026-04-14 12:32:32,Positif
"punya limite 100 K,tpi mau blanja kagak bisa di pake,tolol..paen kasih limite,Oon..",1,2026-04-14 12:31:37,Negatif
"sudah bisa dowlod ,, mantap",5,2026-04-14 12:30:13,Positif
membantu sekali,5,2026-04-14 12:23:02,Positif
top,5,2026-04-14 12:21:36,Positif
ok,5,2026-04-14 12:21:04,Positif
luar biasa,5,2026-04-14 12:19:12,Positif
baik,5,2026-04-14 12:18:33,Positif
sangat membantu,5,2026-04-14 12:17:33,Positif
kurang memuaskan,3,2026-04-14 12:13:00,Netral
sangat bermanfaat,5,2026-04-14 12:10:18,Positif
pengiriman cepat murah lagi👍,5,2026-04-14 12:10:11,Positif
baik,5,2026-04-14 12:10:01,Positif
oke,5,2026-04-14 12:09:34,Positif
👍🤗,5,2026-04-14 12:07:29,Positif
sangat puas,5,2026-04-14 12:05:49,Positif
dana cicil limid nya di tambahin dong boz ku,5,2026-04-14 12:04:51,Positif
good,5,2026-04-14 12:04:06,Positif
"pliss kenapa udh update ke premium tidak bisa kirim uang pliss lha,mau kirim uang ad keperluan ini",3,2026-04-14 12:02:37,Netral
Ok,5,2026-04-14 12:00:16,Positif
sangat Baik,5,2026-04-14 11:57:52,Positif
sangat puas,5,2026-04-14 11:56:42,Positif
"trimakasih kak Diana.semoga sukses selalu buat kak Diana🙏🥰🥰nyaman pakai dana , pokoknya lancar teruss ya🥰",5,2026-04-14 11:55:59,Positif
Dana dompet terbaik,5,2026-04-14 11:52:43,Positif
bagusss banget,5,2026-04-14 11:52:33,Positif
ok,5,2026-04-14 11:52:11,Positif
bagus,5,2026-04-14 11:51:30,Positif
baik,5,2026-04-14 11:50:43,Positif
pengiriman CPT dan murah,5,2026-04-14 11:50:39,Positif
"gk bisa transaksi, gk bisa tranfers dan melakukan pembayaran, apakah lagi error yah.?",3,2026-04-14 11:46:05,Netral
akun saya gada danacicil..yg lain mh ada semua.. padahal riwayat transaksi saya banyak banget...,1,2026-04-14 11:45:38,Negatif
dana cicil ngga timbul,5,2026-04-14 11:45:23,Positif
wow,4,2026-04-14 11:44:54,Positif
sangat membantu sekali..,5,2026-04-14 11:42:36,Positif
aktif kan dana cicilan.,5,2026-04-14 11:40:08,Positif
dompet aman dan nyaman 👍,4,2026-04-14 11:39:22,Positif
"ini udah 2x kasus terjadi di apk dana saya. dan saya kecewa banget, saya pengguna setia dari tahun 2019 kenapa jadi ga karuan sekaran ke pending terus kalo top up, terakhir saya top up 11 april 2026 sampai sekarang blom ada kembali saldo saya. padahal sudah komplen di custamer care dana cuma di suruh nunggu dan mau sampai kapan saya nunggu 400 rb bukan nominal kecil.",1,2026-04-14 11:38:45,Negatif
sangat baik,5,2026-04-14 11:38:26,Positif
apk nya sangat membantu,5,2026-04-14 11:37:20,Positif
mantap,5,2026-04-14 11:36:27,Positif
mantap,5,2026-04-14 11:36:01,Positif
puas,5,2026-04-14 11:34:48,Positif
good joobb,5,2026-04-14 11:34:42,Positif
tidak ribet,5,2026-04-14 11:33:54,Positif
"bagus sekali,,notifikasi jangan lambat..",5,2026-04-14 11:33:16,Positif
mantap,5,2026-04-14 11:32:49,Positif
Sangat bagus,5,2026-04-14 11:31:17,Positif
ok,5,2026-04-14 11:27:41,Positif
sangat puas,5,2026-04-14 11:26:18,Positif
Sangat memuaskan,5,2026-04-14 11:25:44,Positif
sangat bermanfaat,5,2026-04-14 11:24:25,Positif
aplikasi dana harus memiliki fitur yang sangat baik lagi,5,2026-04-14 11:23:49,Positif
dana ini sngt bermanfaat dan kdng kdng sy dpt daget,5,2026-04-14 11:20:50,Positif
yg terbaik,5,2026-04-14 11:20:49,Positif
ko skrg jd lola yah... mau bli kuota or pulsa aja polanya minta ampun,1,2026-04-14 11:15:04,Negatif
"lebih mudah cepat pengrimn ,, kdang² suka loading tapi aku suka pke dana mudahh cepat",5,2026-04-14 11:13:55,Positif
mantap,5,2026-04-14 11:12:15,Positif
"tolong fitur dana cicil saya diaktifkan,limit ada tapi tidak bisa dipakai.",5,2026-04-14 11:11:39,Positif
keren,5,2026-04-14 11:10:17,Positif
limit dana cicil ada tapi tidak bisa di gunakan untuk melakukan pembayaran,3,2026-04-14 11:09:07,Netral
"di dana saya, belum ada dana, cicilan",5,2026-04-14 11:08:34,Positif
"bermanfaat,baik dan mudah digunakan",5,2026-04-14 11:08:33,Positif
akhir akhir ini kalau mau transaksi pakai qtis error terus,1,2026-04-14 11:07:26,Negatif
"saya sudah top up saldo, tetapi tidak masuk",1,2026-04-14 11:05:58,Negatif
klw bagus aku akan tambah bintang lgh,3,2026-04-14 11:02:39,Netral
sudah top up saldo e-money transaksi berhasil cuman saldo e-money nya engga masuk ke kartunya,1,2026-04-14 11:02:03,Negatif
semoga semakin sukses tuk DANA ....👍👍👍👍👍💪,5,2026-04-14 11:01:01,Positif
sangat membantu Tapi sayang Dana cicil nya belum keluar,5,2026-04-14 10:59:42,Positif
saldo gampang ilang,1,2026-04-14 10:59:28,Negatif
sekarang harus pake dana premium jadi ngk terlalu bagus ngk kayak lalu,3,2026-04-14 10:59:19,Netral
saya melakukan transaksi melalui qris tetapi gagal. aneh nya aktivitas tersebut tidak tercantum diriwayat aktivitas tapi saldo tetap terpakai dan berkurang padahal kuota internet tidak masuk. sayang sekali dana. mengecewakan!,1,2026-04-14 10:58:53,Negatif
"Setelah di update gak bisa di buka, tolong di perbaiki lagi",1,2026-04-14 10:57:54,Negatif
pelayanan jelek. lambat. dan kelamaan memproses kesalahan. sedangkan yang membuat kesalahan dari pihak dana sendiri. tidak rekomended untuk di instal.,4,2026-04-14 10:57:19,Positif
baik,4,2026-04-14 10:56:35,Positif
sangat membantu...mantap,5,2026-04-14 10:53:26,Positif
mantap cepat dan terpercaya,5,2026-04-14 10:52:35,Positif
lumayan,4,2026-04-14 10:52:07,Positif
"bagus, mantap",5,2026-04-14 10:51:32,Positif
baik,5,2026-04-14 10:50:41,Positif
mantap,5,2026-04-14 10:49:57,Positif
tidak sering login harus login ulang,3,2026-04-14 10:49:08,Netral
apa apaan ini. saldo saya tersedot tidak bisa di refund. padahal saya tidak melakukan transaksi apapun. buruk. sangat buruk,1,2026-04-14 10:49:02,Negatif
baguss,5,2026-04-14 10:47:04,Positif
"Alhamdulillah terbaik memang,puas banget",5,2026-04-14 10:47:02,Positif
apk nya bagus tapi saat saya ingin membayar menggunakan dana malah tidak bisa/eror,1,2026-04-14 10:46:56,Negatif
makasih masalah dana nyangkut QR selesai dan uang saya sudah mssuk kembali,5,2026-04-14 10:43:17,Positif
sangat baik untuk membantu keuangan saya,5,2026-04-14 10:42:56,Positif
Dana yang bagus dan tingkat kualitas yang lebih baik lagi,5,2026-04-14 10:41:55,Positif
dua kali transfer nga masuk tapi herannya riwayat transfer ada klu bisa jangan nyimpen uang di dana deh,1,2026-04-14 10:40:27,Negatif
amanah banget,4,2026-04-14 10:39:13,Positif
Aplikasi sampah,1,2026-04-14 10:39:11,Negatif
mantap,5,2026-04-14 10:38:40,Positif
"saya suka app dana ini,sangat membantu",5,2026-04-14 10:38:21,Positif
Ok banget,5,2026-04-14 10:37:00,Positif
sangat membantu,5,2026-04-14 10:36:59,Positif
dana emang mantap,5,2026-04-14 10:35:43,Positif
Sagat membantu dalam pembayaran melalui transfer,5,2026-04-14 10:34:57,Positif
👍👍👍👍,5,2026-04-14 10:34:24,Positif
sangat baik',5,2026-04-14 10:32:59,Positif
br aja d update beberapa hari...koq mnta update gi...,1,2026-04-14 10:32:13,Negatif
knp ga bisa d upgrade ke dana premium,4,2026-04-14 10:31:29,Positif
"sangat menyenangkan,,",5,2026-04-14 10:30:44,Positif
tidak mengirim jdi kasih bintang 1 dlu,1,2026-04-14 10:25:48,Negatif
terbaik,5,2026-04-14 10:24:34,Positif
Agak bingung,4,2026-04-14 10:24:30,Positif
"tidak ada solusi, jawabannya enak sekali, kecewa bangett, mau ganti nomor yg lama dengan yg baru tidak bisa, padhal nomor yg lama sudah hangus tetapi jika di tf masih masuk aja.. tidak bisa melakukan pengembalian dana",1,2026-04-14 10:20:32,Negatif
bagus,5,2026-04-14 10:19:50,Positif
"admin sekali transaksi kena admin 500,ke 2kali 1000,ke 3kali 1500, makin mencekik admin dana .. aplikasi nggak di rekomendasikan, untuk nggak buntung iya..",1,2026-04-14 10:17:01,Negatif
bagus,4,2026-04-14 10:16:15,Positif
mantap cepat. ngga ribetin 👍👍👍,5,2026-04-14 10:13:08,Positif
good,5,2026-04-14 10:10:04,Positif
bagus,5,2026-04-14 10:09:00,Positif
puas banget buat tf cepat,5,2026-04-14 10:08:07,Positif
Dana the best,5,2026-04-14 10:06:07,Positif
kirim dan TF secepat kilat🤝👍👏👏,5,2026-04-14 10:05:15,Positif
tidak terdukung di perangkat hp ku,5,2026-04-14 10:04:18,Positif
"no saya hilang di curi orang dan trus masih ada tunggakan di no lama,saya mau bayar dan buat no yg sama,tapi kok pas masuk lagi dana cicilan saya hilang dan gak bisa bayar,udah hubungi cs Diana malah sama sekali gak membantu.pleasss dana nyusahin banget,melebihi bank bank ternama,sdngkan bank ternama malah membantu banget,OJK doang tp nol besar gak ada kerjasama antara coustemer apalgi kemarin dana aku di proteksi ada pengiriman danayg padahal bukan aku dan aku gak ngerasa ngirim,saldo ku refun",1,2026-04-14 10:02:38,Negatif
good,5,2026-04-14 10:00:58,Positif
bagus,5,2026-04-14 10:00:31,Positif
sudah bagus cuma dana cicil kenapa gk bisa digunakan padahal sudah lunas,5,2026-04-14 10:00:25,Positif
good...,5,2026-04-14 09:57:47,Positif
Sangat membantu dan mempermudah transaksi,5,2026-04-14 09:52:41,Positif
"ngeri bos barusan uang di dana bisa k3bobol ketahuan tau tau ada notif masuk uang keluar ,hati hati ya bos udah 2 kali kamarin dan barusan kapok aplikasi ini bos",1,2026-04-14 09:52:25,Negatif
kerenn dana,5,2026-04-14 09:50:09,Positif
"sangat membantu banget, keren",5,2026-04-14 09:48:24,Positif
"Ga ngerti lagi sama aplikasi ini, tiba2 akunku ga bisa transaksi apapun baik tf sesama dana , tf ke bank, ataupun scan qris sejak tgl 2 sampe sekarang gaada kejelasan dan penyelesaian masalah.. duit jadi ketahan tp cuma suruh nunggu berhari2 tanpa adanya kejelasan..",1,2026-04-14 09:47:32,Negatif
kami terganggu dengan otomatis bayar dengan dana cicil,2,2026-04-14 09:46:23,Negatif
"Sangat membantu, suka suka suka",5,2026-04-14 09:45:17,Positif
saya mau masuk tapi gak bisa karna harus pake otp tapi no nya udah gak ada terus gimana?,5,2026-04-14 09:45:11,Positif
pihak dana tidak memilik solusi terhadap customernya,1,2026-04-14 09:44:49,Negatif
good,5,2026-04-14 09:44:16,Positif
aplikasi ini sangat membantu,5,2026-04-14 09:43:52,Positif
Transaksi pakai DANA Mudah Simpel dan praktis tidak ribet.. pokonya DANA mantap 👍👍,5,2026-04-14 09:42:11,Positif
mudah dan cepat buat kirim /tarik tunai,5,2026-04-14 09:37:19,Positif
dana saya tidak bisa menggunakan data seluler,5,2026-04-14 09:36:49,Positif
bagus,5,2026-04-14 09:33:42,Positif
bagus,5,2026-04-14 09:31:07,Positif
sangat puas,5,2026-04-14 09:30:34,Positif
dana terbaik 👍💯,5,2026-04-14 09:23:08,Positif
woyy kenapa dana plus gangguan mulu dah,1,2026-04-14 09:21:39,Negatif
mantap,5,2026-04-14 09:20:59,Positif
good,4,2026-04-14 09:20:14,Positif
gjls jir duit gw tiba-tiba ilang sejuta lebih tapi gada pertanggungjawaban nya dri pihak dana,1,2026-04-14 09:18:50,Negatif
baik,5,2026-04-14 09:16:01,Positif
sangat baik,5,2026-04-14 09:15:18,Positif
sangat bermanfaat.semoga sukses selalu.,4,2026-04-14 09:11:09,Positif
cepat dan akurat sangat membantu,3,2026-04-14 09:10:43,Netral
baik,5,2026-04-14 09:10:23,Positif
invest di eMAS kok saldo aku dikurangin si. padahal belinya 1juta masuknya cuma 967k doang.,1,2026-04-14 09:10:22,Negatif
transfer antar bank gratis masih aman mudah2an tetap bisa transfer kesemua bank dan ga kena cas dipertahankan ya,5,2026-04-14 09:09:51,Positif
bagus,5,2026-04-14 09:09:22,Positif
bagus,4,2026-04-14 09:08:54,Positif
terbaik,5,2026-04-14 09:08:46,Positif
sangat mudah digunakan di berbagai platform,5,2026-04-14 09:08:34,Positif
jangan ada yang pengen mempunyai dana dana ini sangat bermasalah saya saja uda hilang berapa kali di dana,1,2026-04-14 09:07:47,Negatif
sangat membantu,5,2026-04-14 09:07:21,Positif
rekomendit untuk menabung,5,2026-04-14 09:04:57,Positif
baik,5,2026-04-14 09:04:23,Positif
mantul,5,2026-04-14 09:04:08,Positif
karna bagus dah canggih,5,2026-04-14 09:01:53,Positif
bagus,5,2026-04-14 08:59:08,Positif
mantap boss qu,5,2026-04-14 08:58:06,Positif
engga ribet dan mudah tanpa biaya biaya admid,5,2026-04-14 08:54:54,Positif
sangat bguus,5,2026-04-14 08:54:32,Positif
LIMIT 400.000 TAPI GAK BISA DI PAKAI!!! APK GAK JELAS!!!!,1,2026-04-14 08:53:49,Negatif
APLIKASI PALING GA AMAN NYIMPEN UANG 500ribu. TIBA' TINGGAL 85.000 PALING GA AMAN !!!!!,1,2026-04-14 08:53:21,Negatif
uangnya tiba tiba hilang tidak ada penjelasan dan ini bukan yang pertama kali mungkin ini terakhir kali pakai apk dana sama tolong pengembalian uang jika tidak jadi beli ini tidak jadi juga malah ga ada uangnya,1,2026-04-14 08:53:02,Negatif
ini aplikasi dana kenapa makin sini makin erorr. akun sy tiba tiba logout. pas mau log in lagi saldo sudah kosong. akun yang tadinya sudah premium jadi belum premium lagi. ini bukan 1 kali. tapi sudah 3kali. saya kecewa dengan aplikasi dana. yg sudah saya gunakan selama hampir 4 tahun,1,2026-04-14 08:51:00,Negatif
keren simple,5,2026-04-14 08:48:54,Positif
"oke banget sihh.....ini aplikasi, mudah digunakan untuk bayar membayar jadi lebih mudah khususnya untuk yang nggak punya rekening bank bisa pakai ini, semua dijamin aman",5,2026-04-14 08:45:40,Positif
mantap,5,2026-04-14 08:43:57,Positif
saya sudah bertransaksi lama di dana namun untuk mengaktifkan fitur dana cicil blum bisa.,1,2026-04-14 08:42:24,Negatif
Jos,5,2026-04-14 08:39:39,Positif
sangat bagus,5,2026-04-14 08:38:45,Positif
sangat bagus untuk transaksi,5,2026-04-14 08:37:57,Positif
lumayan,5,2026-04-14 08:37:00,Positif
👍👍👍,4,2026-04-14 08:37:00,Positif
good,4,2026-04-14 08:29:50,Positif
👍,5,2026-04-14 08:28:42,Positif
nice,5,2026-04-14 08:28:41,Positif
bagus,5,2026-04-14 08:28:23,Positif
saya minta tolong ini akun saya saya lupa pin sekali mau pakai foto tidak bisa sebenarnya itu muka saya kenapa tidak bisa mohon diperbaiki saya kasih bintang 1 masa tidak bisa nomor-nomor saya butuh banget dana,1,2026-04-14 08:28:09,Negatif
sangat membantu,5,2026-04-14 08:26:49,Positif
bagus,5,2026-04-14 08:23:41,Positif
pln mobile sungguh luar biasa.. simpele gak ribet .. respon cepat.. pln mobile mantap.,5,2026-04-14 08:20:49,Positif
"wah ndak kelar kelar pemindahan verifikasi akun nya udah 1 minggu nunggu cuman yapping aja di dapat udah kasi nomer baru eeeh tiba tiba udah pake sandi apa coba makaud nya,padahalkan udah jelas jelas itu muka saya kok masih ndak kenal juga verifikasi nya apalah🗿",1,2026-04-14 08:18:12,Negatif
"halo dana,saya tidak bisa masuk dana setelah kemarin tanggal 13 april 2026 malam saat ingin cek in ada pemberitahuan ada logo pencuri tolong saya",1,2026-04-14 08:18:02,Negatif
bagus,5,2026-04-14 08:17:18,Positif
ok saat ini blm ada kendala semoga kedepan nya lebih baik lagi,5,2026-04-14 08:17:18,Positif
ok bos,5,2026-04-14 08:17:08,Positif
bagus,5,2026-04-14 08:16:52,Positif
dana saya kok tidak ada dana cicil nya,5,2026-04-14 08:12:02,Positif
"Kecewa padahal data saya belum pernah upgrade premium tapi kenapa Katanya data saya sudah dipakai untuk upgrade premium, apakah bisa upgrade premium tanpa Ada orang nya. mohon diperbaikin atau adakan fitur video call ketika upgrade premium.",1,2026-04-14 08:08:08,Negatif
dana cicil tidak berlaku dan tidak bisa di gunakan sangat membingungkan tanpa alasan,1,2026-04-14 08:06:54,Negatif
cepat,5,2026-04-14 07:58:45,Positif
bagus sekali sangat nembantu,5,2026-04-14 07:58:20,Positif
Sangat baik,5,2026-04-14 07:57:27,Positif
bagus saya sangat puas,5,2026-04-14 07:54:34,Positif
kenapa kok mutilasi pembayarannya GK bsa kebuka,5,2026-04-14 07:53:11,Positif
gimna ya ini aplikasi ko keluar sndri + setiap mau masuk lgi sedang bermasalah di koneksi internet perasaan bagus aja ke aplikasi lain mah internetnya,3,2026-04-14 07:52:26,Netral
"Aplikasi sangat buruk, pelayanannya juga kacau parah, disuruh menunggu 30 hari dan ini sudah 30 hari masih gak muncul juga fitur dana cicil",1,2026-04-14 07:51:42,Negatif
ok,5,2026-04-14 07:49:06,Positif
akun dana saya lama gak dibuka... mau login gak bisa karna dapat sms nomer otp... padahal ada yg transfer ke akun dana saya... gimana sih... ? kok kyak gini...,1,2026-04-14 07:48:16,Negatif
sungguh cepat respon transfer nya,5,2026-04-14 07:46:35,Positif
bagus,5,2026-04-14 07:45:40,Positif
sangat bagus,5,2026-04-14 07:44:12,Positif
jelek banget uang tiba tiba ke sedot dan sudah hubungin cs nya cuma bales nya itu itu aja,1,2026-04-14 07:43:26,Negatif
"cakep, lanjut",4,2026-04-14 07:42:21,Positif
insyaallah ada rezeki,5,2026-04-14 07:41:18,Positif
"hp sy hilang beberapa tahun lalu, waktu itu yang saya urus waktu itu hanya m-banking dan sim card saja, untuk app dana ini ga saya urusin karena memang waktu itu tidak ada saldonya. 1 bulang yang lalu saya mau pake lag, tapi ko malah jadi daftar dari awal lagi, pas mau upgrade ke dana premium, malah ada notifikasi gagal upgrade ke dana premium karena e-KTP yang digunakan telah diedit. sudah lapor ke CS langsung sampai sekarang tidak ada solusi. sangat payah dan mengecewakan !",1,2026-04-14 07:39:41,Negatif
oc bnaget,5,2026-04-14 07:35:05,Positif
mnta,5,2026-04-14 07:34:20,Positif
puas,5,2026-04-14 07:34:03,Positif
mengapa gak bisa mengunakan dana cicil padahal limit sudah terdaftar,5,2026-04-14 07:33:47,Positif
cukup baik,5,2026-04-14 07:32:20,Positif
keren,5,2026-04-14 07:30:35,Positif
bagus,5,2026-04-14 07:29:15,Positif
mantap,5,2026-04-14 07:27:12,Positif
sempurna,5,2026-04-14 07:26:11,Positif
dana begitu bagus dan amanah,4,2026-04-14 07:24:20,Positif
sangat membantu,5,2026-04-14 07:23:51,Positif
baik,5,2026-04-14 07:20:20,Positif
apk sangat baik,5,2026-04-14 07:20:14,Positif
Alhamdulillah sangat berguna sekali untuk transaksi on line....,5,2026-04-14 07:16:31,Positif
bagus,5,2026-04-14 07:14:03,Positif
memuaskan,5,2026-04-14 07:12:32,Positif
aplikasi sangat membantu,5,2026-04-14 07:10:50,Positif
apk bagus belanja apa2 simpel pake dana,5,2026-04-14 07:08:52,Positif
bagus,1,2026-04-14 07:06:36,Negatif
sangat bermanfat dan berguna,5,2026-04-14 07:04:49,Positif
saya suka memakai nya dana sangat bagus untuk kami,5,2026-04-14 07:04:42,Positif
@oowaw,5,2026-04-14 07:00:46,Positif
"untuk aplikasi nya bagus, fitur² nya lengkap semua, pertahananin untuk aplikasinya sangat membantu dan gak. ribet",5,2026-04-14 07:00:35,Positif
mantap dan cepat respon nya,5,2026-04-14 07:00:17,Positif
Aplikasi ini bagus,5,2026-04-14 06:59:31,Positif
oke the best,5,2026-04-14 06:58:27,Positif
sudah beberapa tahun menggunakan dana tetapi fitur dana instan dana dana cicil saya tidak ada,1,2026-04-14 06:55:51,Negatif
apk yang sangat bagus dan bermanfaat!!,5,2026-04-14 06:54:23,Positif
😁😁,5,2026-04-14 06:51:57,Positif
"sangat membantu,dapat kirim/menerima uang secepat kilat 👍 semoga amanah, aman dan nyaman 🙏",5,2026-04-14 06:51:36,Positif
bagus,5,2026-04-14 06:51:23,Positif
👍,5,2026-04-14 06:50:12,Positif
good,4,2026-04-14 06:50:02,Positif
knp limit dana cicil saya tidak bisa di gunakan ??,4,2026-04-14 06:49:13,Positif
sangat mudah digunakan untuk bnyak transaksi,5,2026-04-14 06:47:30,Positif
kenapa susah diproses,1,2026-04-14 06:47:01,Negatif
sangat bagus,5,2026-04-14 06:46:14,Positif
"parah sih dana lama-lama, minta update udah diupdate malah makin lelet mau dipakai transaksi kecewa parah😏",1,2026-04-14 06:45:57,Negatif
sangat membantu dalam segala transaksi,5,2026-04-14 06:44:57,Positif
dana cicil kok blum kebuka2 fiturnya,1,2026-04-14 06:43:36,Negatif
membantu,5,2026-04-14 06:42:14,Positif
kenapa dana saya blm Idak bisa melihat aktifitas,4,2026-04-14 06:42:06,Positif
saya lupa nomor dana saya karena nomor nya sudah tidak aktif lagi berserta email nya. nama Muhammad Rinaldi Asri. gimana mengatasi nya,5,2026-04-14 06:41:15,Positif
best,5,2026-04-14 06:38:50,Positif
"kornologi,,akun dana saya nomor nya sudah engak aktif selama 3tahunan,,d sudah hilang,,jadi mau masuk login otomatis tidak bisa karna minta kode otp,,email juga tidak ingat lupa,,sampai sekarang engak ada kejelasan,,minta saran k Diana,,jawaban nya muter muter engak ada kesimpulan,,dipindah alih kan kenomor baru,,terhalang dgn data yg lama,,dwondlod lagi dana nya kembali ke awal akunya engak premium,karna data lama masih terdaftar,,sampai sekarang engak ada jawaban d kesimpulan,,",5,2026-04-14 06:38:18,Positif
"Aktivasi Dana Cicil Gagal terus kenapa ya?. sudah Email gak respon, Chat DIana kagak ada solusi wkk",1,2026-04-14 06:38:03,Negatif
dana tiba tiba hilang krna langganan yt tanpa izin,1,2026-04-14 06:36:41,Negatif
cepat dan aman,5,2026-04-14 06:34:11,Positif
terbaik,5,2026-04-14 06:33:09,Positif
Tidak muncul dana cicil padahal sudah lama menggunakan dana....padahal transaksi sudah baik 1 bulan 15/16 juta.. sekalinya muncul tidak bisa untuk pembayaran qris.... parah,3,2026-04-14 06:32:51,Netral
"costumer service buruk bot yg bales saya ada saldo di nomor lama saya yg ga aktif padahal sudah bener tapi tetep tidak bisa login ditahan harus minta kode otp,disuru gnti no baru mlh dimintai kode otp yg no lama",1,2026-04-14 06:32:33,Negatif
bagus cuman punya ku ga ada tu dana cicil,4,2026-04-14 06:31:23,Positif
bagus,5,2026-04-14 06:31:15,Positif
baik,5,2026-04-14 06:30:19,Positif
"selama berminggu2 saya coba upgred ke dana premium tapi tidak bisa, saya tidak bisa transver tdk bsadiambil uangya😭😭😭😭😠",1,2026-04-14 06:30:07,Negatif
ok,5,2026-04-14 06:29:22,Positif
"sangat baik,sangat disukai",5,2026-04-14 06:28:24,Positif
top,5,2026-04-14 06:25:36,Positif
bagus,5,2026-04-14 06:22:53,Positif
Dana kenapa yaa minta di Upgrade ke premium udh di Upgrade udah berhasil di Upgrade tapi pas di gunakan mau transfer masih aja di suruh Upgrade terus menerus,3,2026-04-14 06:22:24,Netral
aplikasi dana sangat bangus dah mudah bertransaksi.,5,2026-04-14 06:20:22,Positif
saya tidak sukanya dana saya kepotong 22ribu terus,5,2026-04-14 06:19:40,Positif
bagus sesama dana TDK pakai ptongan,5,2026-04-14 06:15:37,Positif
"tolong perbaiki dana cicil aku dong, saat pembayaran layanan tidak tersedia Mulu, kalo sudah di perbaiki saya akan kasih bintang 5",3,2026-04-14 06:14:37,Netral
Sangat menguntungkan untuk simpen uang di dana dan kga ada potongan,5,2026-04-14 06:13:02,Positif
bagus,5,2026-04-14 06:08:08,Positif
bagus,3,2026-04-14 06:07:40,Netral
sangat di butuhkan semua orang. yang namanya. DANA. itu,5,2026-04-14 06:05:13,Positif
cepat dan tepate,5,2026-04-14 06:04:43,Positif
"sorry ya bintang satu dulu, klo udah ga plenger mke aplikasi ini lg, aku kasih bintang 5",1,2026-04-14 06:02:56,Negatif
pelayanannya sangat baik dan bertanggung jawab,5,2026-04-14 06:02:03,Positif
aplikasi dana emang terbaik ...sangat membantu,5,2026-04-14 06:01:39,Positif
bagus,5,2026-04-14 05:59:46,Positif
"susah kirim uang, padahal sudah upgrade",1,2026-04-14 05:59:44,Negatif
Murah meriah terimakasih DANA,5,2026-04-14 05:55:45,Positif
"ribet banget, mau ke pusat bantuan malah di jawab nya pakai boot bukan live chat. permasalahannya jadi belum selesai selesai.",1,2026-04-14 05:50:04,Negatif
mantap... 👍👍👍👍👍,4,2026-04-14 05:49:09,Positif
parah susahasuk liat bukti aktivitaa bekas transaksi,1,2026-04-14 05:45:23,Negatif
tolong akun saya dihapus,1,2026-04-14 05:45:08,Negatif
good,5,2026-04-14 05:44:34,Positif
tabungan di DANA buat gampang transaksi 🤑🤑🤑🤑,5,2026-04-14 05:42:56,Positif
gk jelas,1,2026-04-14 05:39:41,Negatif
gak bisa qr gagal terus,5,2026-04-14 05:38:47,Positif
sangat membantu sekali trimakasih ☺️,5,2026-04-14 05:36:01,Positif
mantap,1,2026-04-14 05:35:56,Negatif
sangat puas,5,2026-04-14 05:33:31,Positif
membuat proses pembayaran dan pengiriman serta belajar pulsa listrik dan topup maupun mengirim uang ke bank semakin mudah dan cepat. tq dana,5,2026-04-14 05:32:24,Positif
mantap,5,2026-04-14 05:31:10,Positif
mantapp,5,2026-04-14 05:30:51,Positif
bagus,5,2026-04-14 05:30:51,Positif
mantap,5,2026-04-14 05:29:20,Positif
sangat membantu sekali,5,2026-04-14 05:24:33,Positif
bagus,5,2026-04-14 05:24:14,Positif
Transaksinya cepat.,5,2026-04-14 05:22:59,Positif
bagus karena membatu,5,2026-04-14 05:22:47,Positif
"mau upgrade ke premium tp sudah terdaftar di akun lain,coba pemindahan data mandiri,stlah tanya ini itu suruh masukin akun lama malah gagal dengan alasan dana viz blm aktif.. padahal udah aktif.. sumpah masuk akun sendiri susah nya minta ampun padahal sudah vermuk sampe telfon customer service,mlh ujung ujung nya suruh pake aplikasi,,buat apa ada customer service MENTAH GA BISA BANTU APAPUN,ABIS PULSA DOANG GA ADA JALAN KELUAR, KALO BUKAN KARNA KERJAAN GA AKAN GW DONLOT LG",1,2026-04-14 05:21:58,Negatif
saya kok gak bisa hapus akun dana saya. saya mau pengahapusan secara permanen. saya sudah ikuti langkah langkah tapi di akhir malah Loading nya lama . ujungnya keluar tanpa ada hasil apa pun. tolong bantu saya halus akun saya.,1,2026-04-14 05:18:30,Negatif
sangat memudahkan transaksi saya aku cinta dana,5,2026-04-14 05:17:23,Positif
bintang pokoknya,5,2026-04-14 05:14:58,Positif
bagus,2,2026-04-14 05:13:08,Negatif
bagus saya sukamenggunakan aplikasi dana,4,2026-04-14 05:12:24,Positif
kenapa gak bisa liat transaksi ya ka apl nya,2,2026-04-14 05:12:21,Negatif
sangat bagus,5,2026-04-14 05:12:21,Positif
dana bagus ntuok saya,5,2026-04-14 05:10:57,Positif
pokoknya jos,5,2026-04-14 05:10:32,Positif
kenapa saya tidak ada fitur dana cicilnya saya menggakan aplikasi dan sudah 5tahunan tapi gak dapat dana cicil,2,2026-04-14 05:07:42,Negatif
"aplikasi scam padahal pembayaran smartpay ga di aktifkan tapi uang aku simpan lama malah berkurang hilang"" sendiri aplikasi bodong",1,2026-04-14 05:04:56,Negatif
memuaskan TF uang lebih mudah,5,2026-04-14 05:01:20,Positif
mantap,5,2026-04-14 05:00:00,Positif
bagus,5,2026-04-14 04:59:46,Positif
kenapa jadi eror terus,5,2026-04-14 04:58:38,Positif
bagus,5,2026-04-14 04:58:37,Positif
nomor yg tidak terdaftar didana kok bisa terima uang ya? tanya cs ga jelas muter2 doang,1,2026-04-14 04:58:20,Negatif
aplikasinya bagus lengkap,5,2026-04-14 04:55:05,Positif
bagus /baik,5,2026-04-14 04:51:41,Positif
👍💯,5,2026-04-14 04:47:26,Positif
tidak ada dana cicil tanya kenapa yah...???,5,2026-04-14 04:46:37,Positif
baik,5,2026-04-14 04:43:13,Positif
"Lebih Simpel bertransaksi, gak ribet. Mau bayar jajan atau makan gak nunggu kembalian.😀😀",5,2026-04-14 04:40:59,Positif
tolong di bntu min knpa sy g bs bk aplikasi dana,5,2026-04-14 04:40:34,Positif
sangat bagus dan sangat mudah dalam melakukan transaksi,5,2026-04-14 04:37:08,Positif
greeeet,5,2026-04-14 04:36:25,Positif
"sebelumnya aku nyaman menggunakan aplikasi DANA, tapi akhir² ini saldo saya di debet dana cicil untuk PT. Indonesia airawata finance padahal saya tidak pernah hutang....???",1,2026-04-14 04:35:34,Negatif
semoga lancar sukses selalu dana,5,2026-04-14 04:28:33,Positif
Mantab,5,2026-04-14 04:26:24,Positif
e wallet bagus,5,2026-04-14 04:25:34,Positif
dana mempermudah transaksi kirim uang👍,5,2026-04-14 04:24:50,Positif
mantap sekali,5,2026-04-14 04:24:37,Positif
Tambah Ribet Ni Apk bukanya mempermudah,1,2026-04-14 04:24:33,Negatif
kena tipu mengatas namakan cs dana terus lapor tapi uang ga bisa kembali,2,2026-04-14 04:23:49,Negatif
oke,5,2026-04-14 04:21:45,Positif
bagus sekali,5,2026-04-14 04:19:38,Positif
saldo tidak sampai ke nomor yg di tuju,1,2026-04-14 04:19:15,Negatif
"aplikasi dana rusak masa membeli paket data dari jaman nabi musa sampe sekarang masih di proses terus,malah di tunda lagi niat di proses nggk si",5,2026-04-14 04:14:45,Positif
loanya,4,2026-04-14 04:14:09,Positif
👍👍👍,4,2026-04-14 04:10:28,Positif
nice,5,2026-04-14 04:10:23,Positif
tiba akun ditangguhkan padahal tidak melakukan kesalahan,1,2026-04-14 04:09:01,Negatif
"sudah saya uninstall karena dana cicil saya tidak bisa di aktivasi, sedangkan yang lain dengan mudahnya aktif tanpa sering brtransaksi, mengecewakan",1,2026-04-14 04:08:17,Negatif
sangat membatu,5,2026-04-14 04:07:41,Positif
sangat memuaskan,5,2026-04-14 04:06:15,Positif
oke,5,2026-04-14 04:04:23,Positif
kok sya tidak memiliki dana cicil sedangkan teman sya ada fitur dana cicil ini tidak adil,3,2026-04-14 04:04:22,Netral
"dana, buat fitur investasi dong, biar ga sia"" punya aplikasi dana:)))",5,2026-04-14 04:03:37,Positif
mantap dana y,5,2026-04-14 04:02:53,Positif
yabagus tp sayang belum bisa di perbarui,5,2026-04-14 03:59:38,Positif
kenapa pemindahan akunnya selalu gagal,5,2026-04-14 03:56:10,Positif
"keamanan jelek, barusan saya kehilangan uang 700rb",1,2026-04-14 03:52:56,Negatif
sangat membantu semoga tetep baik dan aman,5,2026-04-14 03:51:05,Positif
"trima kasih dana karena uang yang di terima nggak bisa masuk ke saldo ku. ku doakan kalin juga nggak kena tipu,seperti kalian menipuku....",1,2026-04-14 03:49:57,Negatif
bagus transaksi cepat,5,2026-04-14 03:48:54,Positif
terbaik,5,2026-04-14 03:47:11,Positif
mantap,5,2026-04-14 03:47:04,Positif
"FITUR DANA INSTANT GAK ADA , SADAH PREMIUM SADAH TRANSAKSI .",5,2026-04-14 03:42:36,Positif
Sangat membantu,5,2026-04-14 03:42:21,Positif
sangat puas,5,2026-04-14 03:41:45,Positif
mantap,4,2026-04-14 03:41:05,Positif
apps bagus tapi sayang nya akun sy blm bisa DANA CICIL.. padahal di apps ada tapi pas mau aktifkan GK bisa🥺,4,2026-04-14 03:40:05,Positif
keren,5,2026-04-14 03:39:57,Positif
mempermudah pembayaran,5,2026-04-14 03:39:22,Positif
tolong dong biar muncul dana cicil yah di dana saya,5,2026-04-14 03:38:00,Positif
bagus,5,2026-04-14 03:37:28,Positif
oke sekarang udah tau dana+😃😃😃 maafya🙏🙏🙏,5,2026-04-14 03:37:26,Positif
Knapa mau aktifin dana cicil gk bisa ya padahal sdh Terima ucapan selamat terpilih sbg pengguna dana cicil di whatsapp,5,2026-04-14 03:34:38,Positif
mantap,5,2026-04-14 03:34:22,Positif
dana cicil tidak ada,5,2026-04-14 03:34:17,Positif
terbaik👍🏼,5,2026-04-14 03:33:26,Positif
pelayanan dana.sangat payah ada.gendalan pengisian saldo yg tdk masuk cmn.d putar putar tiap komplin 2 minggu pengisian saldo tdk d.acc dn uang tdk masuk uang 4jt g ada kbr . sdh capek mnta.bantuan costumer service.,1,2026-04-14 03:29:02,Negatif
munculkan dana instant kk,5,2026-04-14 03:25:30,Positif
sangat cepat dan aman . dana sangat membantu,5,2026-04-14 03:23:14,Positif
mau transaksi aja ngak bisa emang males banget pake dana tiap kali transaksi selalu gagal mulu,1,2026-04-14 03:23:11,Negatif
ngebantu banget,5,2026-04-14 03:18:59,Positif
sangat membantu I Like It👍,5,2026-04-14 03:18:35,Positif
bgus,5,2026-04-14 03:16:22,Positif
"Bagus dan lancar, tapi tolong jgn kebanyakan aplikasi masuk yg TDK penting",5,2026-04-14 03:11:45,Positif
tiba2 minta otp.padahal aman2 aja.ada indikasi mengendapkan uang pengguna atau membatasi transaksi agar saldo mengendap.,1,2026-04-14 03:09:45,Negatif
sangat praktis dan mudah d mana ja dan kpn ja,5,2026-04-14 03:09:14,Positif
mantep,5,2026-04-14 03:08:50,Positif
mantap,5,2026-04-14 03:02:22,Positif
kalau nomernya hilang gimana cara loginya..atau nomer sudah tidak aktif biasa bisa di buka tapi ini minta kode otp kan gk mungkin dapat kode karena nomor sudah tidak aktif,5,2026-04-14 03:01:22,Positif
Mantap dan elegant,5,2026-04-14 03:00:19,Positif
saya ingin secepat nya fitur dana instan muncul di beranda,5,2026-04-14 02:59:05,Positif
baik,5,2026-04-14 02:58:01,Positif
sangat baik,4,2026-04-14 02:55:36,Positif
mantap,5,2026-04-14 02:53:15,Positif
setiap mau login serin mental keluar sendiri,2,2026-04-14 02:50:49,Negatif
bagus,5,2026-04-14 02:49:44,Positif
ga ada dana cicil nya,1,2026-04-14 02:40:06,Negatif
gagal terus saat mau mentransfer uang.dengan alasan sistem sibuk banyak orang yg sedang bertransaksi.,1,2026-04-14 02:38:14,Negatif
👍🏻🤝,4,2026-04-14 02:34:32,Positif
Dana dompet digital bisa di percaya,5,2026-04-14 02:33:15,Positif
bagus,5,2026-04-14 02:32:26,Positif
mntap,5,2026-04-14 02:31:54,Positif
ga jelas bet mau bayar barang tiba² sistem sedang sibuk,1,2026-04-14 02:30:57,Negatif
cepat sekali transaksinya,5,2026-04-14 02:29:54,Positif
top lah,5,2026-04-14 02:28:13,Positif
tolong hapus dana yg sudah terdapat di KTP saya,3,2026-04-14 02:27:52,Netral
Saya mencari transaksi pembelian token listrik bulan Oktober 25 selalu berbalik ke transaksi yang baru. ada pembelian token bulan Oktober yang belum terpakai,5,2026-04-14 02:25:58,Positif
"Alhamdulillah sangat membantu sekali, selalu amanah",5,2026-04-14 02:25:55,Positif
mantap,5,2026-04-14 02:22:47,Positif
bagua,4,2026-04-14 02:21:26,Positif
yeuyyy dana + ku dh bisa caranya tinggal beli aja emas makasih dana dri kak masha,5,2026-04-14 02:21:25,Positif
kenapa dana cicil tidak dapat dipakai dan tidak berlaku.... limit ada.. data sudah premium.. hadoeh,5,2026-04-14 02:19:48,Positif
sangat membantu Terimakasih,5,2026-04-14 02:19:07,Positif
cukup bagus,3,2026-04-14 02:18:58,Netral
👍👍,5,2026-04-14 02:17:25,Positif
baguss,5,2026-04-14 02:17:22,Positif
100 terbukti,5,2026-04-14 02:16:37,Positif
gimana cara aktifkan fitur dana cicil,5,2026-04-14 02:09:13,Positif
dana gimana sih kata nya terpercaya ko uang gw ilang lima ratus ribu sih tolong lah perbaiki lagi sistemnya aku kasih bintang 2 karna apk dana tahun ini sangat buruk,2,2026-04-14 02:07:05,Negatif
simpel,5,2026-04-14 02:01:06,Positif
nuhun,5,2026-04-14 01:55:54,Positif
mantap,5,2026-04-14 01:55:24,Positif
"sangat baik dan sangat puas dengan kinerja aplikasi ini, trimakasih 🙏",5,2026-04-14 01:49:59,Positif
bagus,5,2026-04-14 01:48:46,Positif
ok,3,2026-04-14 01:48:40,Netral
baguss,5,2026-04-14 01:45:22,Positif
"nice , fast respon",5,2026-04-14 01:44:08,Positif
Mantap,5,2026-04-14 01:37:26,Positif
"kalo bisa bintang 0 gua pilih, transfer apapun itu harunya ada pin dulu biar terkonfirmasi. belum ada pin tiba² saldo berkurang hampir buat aplikasi yang ga pernah di pake. payah",1,2026-04-14 01:34:26,Negatif
baik,5,2026-04-14 01:32:40,Positif
"Siapapun yang mau pakai aplikasi dana, lebih baik pikir-pikir lagi. Kalo perlu jangan pakai aplikasi dana!!! Karena mudah sekali ke hack. Uang saya tiba-tiba hilang 2 kali hanya dalam rentang waktu 1 jam. Keamanannya benar-benar diragukan dan customer service nya sangat tidak membantu",1,2026-04-14 01:31:53,Negatif
mantap jiwaa min,5,2026-04-14 01:19:14,Positif
Uda bisah di pakai lagi akun dana,5,2026-04-14 01:17:03,Positif
membuat proses bertransaksi saya lebih mudah dan cepat,5,2026-04-14 01:16:13,Positif
masih belajar. tapi lumayan praktis.semoga Dana saya nnti akan terisi ratusan juta.amin,5,2026-04-14 01:14:58,Positif
good,5,2026-04-14 01:12:34,Positif
sangat bagus,4,2026-04-14 01:11:22,Positif
trimakasih,5,2026-04-14 01:05:46,Positif
bagussss,5,2026-04-14 01:01:34,Positif
oke,5,2026-04-14 00:56:53,Positif
sangat bagus,5,2026-04-14 00:56:46,Positif
"sangat membantu,cuma sekarang Sebagian SDH ada biaya Transaksi nya",4,2026-04-14 00:54:52,Positif
baik,5,2026-04-14 00:53:06,Positif
terbaik,5,2026-04-14 00:53:01,Positif
ga bisa dipake di tab,1,2026-04-14 00:52:53,Negatif
Bagus,5,2026-04-14 00:50:29,Positif
tolong aktif kan dana cicil saya,5,2026-04-14 00:47:13,Positif
mantap,5,2026-04-14 00:46:42,Positif
pinjam saldo dana,5,2026-04-14 00:46:32,Positif
memudahkan transaksi pembayaran,5,2026-04-14 00:43:50,Positif
mempermudah dalam transaksi,5,2026-04-14 00:41:50,Positif
"maaf ya admin dana saya kasih bintang 1 dulu nih, saya kan top up DM ML. 450 diamond (408 + 48) bonus, tpi kok yg masuk ke akun mlbb saya cuma 450 aja. tolong ya admin secepat nya di perhatikan, soalnya saya udh rugi nihh",1,2026-04-14 00:34:25,Negatif
luar biasa,5,2026-04-14 00:32:24,Positif
oce oyeee 🤟😅,5,2026-04-14 00:14:54,Positif
bagus,5,2026-04-14 00:14:46,Positif
"masih agak kecewa,hingga kini aku belum bisa bikin dana premium karena KTP pernah digunakan.",4,2026-04-14 00:13:12,Positif
sering banget saldo hilang tiba-tiba gitu aja tanpa persetujuan pengguna sangat aplikasi kayak gak guna,1,2026-04-14 00:12:59,Negatif
sangat membantu untuk kita transaksi,5,2026-04-14 00:11:46,Positif
Sangat terpercaya dan cepat,5,2026-04-14 00:10:34,Positif
"sudah melunaskan dana cicil bahkan sebelum jatuh tempo tetap tidak bisa menggunakan saldo dana cicil, nelpon CS jg GK bs, karena GK ada fitur CS nya, MENGECEWAKAN",1,2026-04-14 00:10:33,Negatif
sangat baik,5,2026-04-14 00:09:54,Positif
tolong dana cicil sy munculkan,5,2026-04-14 00:09:39,Positif
"Gak bisa di downlod,payah",1,2026-04-14 00:08:17,Negatif
ko ga bisq di buka,5,2026-04-14 00:07:49,Positif
sangat membantu,5,2026-04-14 00:07:13,Positif
bagus,5,2026-04-14 00:01:47,Positif
history nya kendala mulu,1,2026-04-13 23:54:44,Negatif
okelah,5,2026-04-13 23:53:59,Positif
josss,5,2026-04-13 23:52:56,Positif
Good apj,5,2026-04-13 23:51:35,Positif
mantap,5,2026-04-13 23:51:29,Positif
"dana saya hilang 50k, padahal saya ga berlangganan tbtb ada pembayaran otomatis tolong di perbaiki",1,2026-04-13 23:48:36,Negatif
Aplikasi nya bagus sangat membantu,5,2026-04-13 23:47:15,Positif
apl ga jelas,1,2026-04-13 23:47:05,Negatif
sangat bagus,5,2026-04-13 23:46:43,Positif
bagus dan lumayan,5,2026-04-13 23:39:20,Positif
saya sangat kecewa privacy nya sangat tidak memuaskan,1,2026-04-13 23:33:14,Negatif
sangat membantu mokasih DANA... Mantabbb...,5,2026-04-13 23:30:26,Positif
"apk nya ngebug, pdhl aku udah ikuti persyaratan buat TF tp tetep aj gbisa, katanya disuruh upgrade padahal aku udah upgrade",3,2026-04-13 23:27:11,Netral
"saya sangat suka dan puas sama aplikasi ini,terima kasih ya",5,2026-04-13 23:26:53,Positif
nd bisa terbuka danaku,1,2026-04-13 23:23:48,Negatif
selalu terpercaya setiap bertransaksi besar atau kecil selalu jadi solusi terbaik terima kasih dana,5,2026-04-13 23:22:31,Positif
tolong perbaiki bug ini alsanya pas mau masuk ke dana keluar sendiri ga tau sih. di perbaiki ya,3,2026-04-13 23:21:32,Netral
"udah transfer ke tujuan, di bukti transferan berhasil tapi ke tujuan tidak sampai, tidak solutif.",1,2026-04-13 23:21:31,Negatif
baik',5,2026-04-13 23:19:11,Positif
cuman gara gara foto gak bisa ...aneh,1,2026-04-13 23:18:38,Negatif
bagus,5,2026-04-13 23:18:35,Positif
sangat puas,5,2026-04-13 23:15:51,Positif
tolong aktifkan dana cicil syaa,3,2026-04-13 23:13:14,Netral
Terima kasih alpikasi yang terbaik dan sangat membantu,5,2026-04-13 23:11:26,Positif
bagus cepet,5,2026-04-13 23:08:11,Positif
riwayat pengiriman uang saya gak bisa si buka.,2,2026-04-13 23:02:10,Negatif
bagus,5,2026-04-13 23:00:21,Positif
nice,5,2026-04-13 22:58:43,Positif
menarik,2,2026-04-13 22:55:43,Negatif
pas mau beli pulsa atau kirim dana di aplikasi ga bisa terus dari kemarin.,3,2026-04-13 22:53:39,Netral
"bagus,sangat sangat membantu untuk transaksi jg sangat mudah",5,2026-04-13 22:47:58,Positif
aman,5,2026-04-13 22:42:55,Positif
Baik,5,2026-04-13 22:41:29,Positif
sangat baik,5,2026-04-13 22:30:11,Positif
lancar,5,2026-04-13 22:25:38,Positif
Good,5,2026-04-13 22:22:25,Positif
sangat memuaskan,5,2026-04-13 22:20:17,Positif
"aplikasinya bagus, sejauh ini saya merasa puas jadi saya kasih bintang 5 dulu, tapi tolong untuk urusan transaksi bisa di percepat dalam prosesnya. Terima kasih",5,2026-04-13 22:19:05,Positif
kenapa bbrpa hari ini tidak bisa utk transaksi.....,4,2026-04-13 22:15:11,Positif
"FITUR DIANA GAK GUNA BANGET SUMPAH AKU LAPORAN KENA TIPU AJA GAK DI KERJAIN SAMSEK CUMA NANYA"" DOANG",2,2026-04-13 22:14:17,Negatif
knp fitur dana cicil blm muncul2 juga,5,2026-04-13 22:08:51,Positif
sering keluar sendiri,1,2026-04-13 22:06:09,Negatif
jdi lebih mudah,5,2026-04-13 22:05:27,Positif
"aplikasi siaaaaalll,,,tiba2 dana hilang di akun,,,pihak dana tidak mau bertanggung jawab",1,2026-04-13 22:03:40,Negatif
semenjak pake dana urusan makin lancar belanja lebih mudah lebih praktis,5,2026-04-13 21:57:07,Positif
good,5,2026-04-13 21:55:24,Positif
sangat bagus,5,2026-04-13 21:44:23,Positif
baik,5,2026-04-13 21:43:11,Positif
Menang,5,2026-04-13 21:40:50,Positif
BAGIS,5,2026-04-13 21:29:17,Positif
aplikasi dana sekrang² ini sangat buruk(jelek sekali)pelayanan castamer servis kurang bagus tidak bisa menyelesaikan masalah sudah sebulan lebih..setiap permasalahan yang disampaikan jawaban ya selalu muter²,1,2026-04-13 21:25:08,Negatif
ok,5,2026-04-13 21:24:09,Positif
fitur Danainstan pliss,5,2026-04-13 21:18:47,Positif
"saya sudah premium , tapi kenapa belum ada fitur DANA cicil di punya saya,.. transaksi rutin , tiap hari tiap minggu uang keluar masuk banyak",1,2026-04-13 21:17:26,Negatif
Sejauh ini baik,5,2026-04-13 21:05:49,Positif
Sudah d dowload dana tpi knp tdk bisa mmbuka aplikasinya,3,2026-04-13 21:01:28,Netral
sy ga bisa buka dana baru mau masuk udah keluar,1,2026-04-13 21:00:39,Negatif
mntap,5,2026-04-13 20:59:30,Positif
"Kenapa skrng DANA kerja sama dengan pihak pinjol² laknat sprti ADAKAMI DKK.. Sudah mulai GX bener,,mending menu dana cicil hapus saja tidak berguna!!! Aktivasi sangat mudah pengisian form data,,,tapi selalu gagal!!! Tidak niat hilangkan saja menu Dana cicil.. sepertinya DANA layak ditinggalkan... Aplikasi ampas dan sampah..",1,2026-04-13 20:52:21,Negatif
ok,5,2026-04-13 20:49:11,Positif
"min knp aktivitas dana saya tidak bisa dibukak, menghubungi Diana pun saya tidak bisa bukak obrolan , knp ya min?",1,2026-04-13 20:48:49,Negatif
Haduh kenapa seh versi nya berubah... Dhp saya ga bisa pakai nya..padahal sebelumnya membantu banget buat saya... Download aj bisa nya mau masuk akun dana susah bnget....kecewa,4,2026-04-13 20:43:37,Positif
baik serta bermanfaat,5,2026-04-13 20:41:48,Positif
aktifkan fitur dana CICIL saya,5,2026-04-13 20:40:42,Positif
sangat membantu buat transaksi,5,2026-04-13 20:34:22,Positif
hapus aja ni apk kerja sama ama judol...,2,2026-04-13 20:24:43,Negatif
sangat bagus🤩,5,2026-04-13 20:21:52,Positif
sangat bagus,5,2026-04-13 20:12:33,Positif
"DANA IS THE BEST APAPUN ITU MSLHNYA TF KMN PUN GAK NGGU LAMA LGSG,,,,CLIIINNNKKKKKK😘😘😘😘😘",5,2026-04-13 20:09:31,Positif
sangat bermanfaat,5,2026-04-13 20:06:31,Positif
ok,5,2026-04-13 19:58:53,Positif
luar biasa sangat membantu,5,2026-04-13 19:56:47,Positif
mantap,5,2026-04-13 19:56:22,Positif
assalamualaikum. pak bu. gimna cara buka dana tanpa kode otp SDH privikasi sandi bner tapi mnta kode otp gimna solusinya ????,5,2026-04-13 19:53:10,Positif
godd,5,2026-04-13 19:50:30,Positif
jossss,5,2026-04-13 19:48:07,Positif
bagus,5,2026-04-13 19:37:18,Positif
kenapa dana cicil saya tidak bisa di pakai,5,2026-04-13 19:32:43,Positif
"dana cicil sudah dilunasi, bahkan yg blum jatuh tempo juga langsung dibayar semua, malah dana cicil gak bisa dipakai sama sekali. pdahal limit udah full gak ada hutang",1,2026-04-13 19:32:07,Negatif
pelayan yang memuaskan dan mudah unyuk transaksi,5,2026-04-13 19:30:05,Positif
luarbiasa,5,2026-04-13 19:28:56,Positif
sangat bagus dan semoga tambah kedepan tambah semakin mantap,5,2026-04-13 19:28:36,Positif
Apakah ad pay laternya dan knpa belum bisa di pakai walaupun udah lunas dana cicilnya,5,2026-04-13 19:27:08,Positif
Dana kurang bagus keamanan akunya...ada yg bajak Dana saya...uang diambil semua,1,2026-04-13 19:26:29,Negatif
"saya kasih bintang 1 karena dana cicil saya tidak bisa dipakai padahal ada limitnya, buat apa dikasih limit kalo gak bisa dipakai membagongkan",1,2026-04-13 19:22:06,Negatif
jos mantap,5,2026-04-13 19:19:58,Positif
sangat bermanfaat,5,2026-04-13 19:19:32,Positif
keren,5,2026-04-13 19:15:06,Positif
"percuma download,cicil gak bisa dipakai padahal gak ada tagihan,mending bekukan akun dana,terus uninstall.aplikasi gak berguna",1,2026-04-13 19:13:59,Negatif
pengen aktip dana playleter,5,2026-04-13 19:04:16,Positif
mantapppppp,5,2026-04-13 19:03:22,Positif
dana ny eror,1,2026-04-13 19:02:52,Negatif
MANTAP NIH.....,5,2026-04-13 19:02:42,Positif
transaksi saya gagal dan di tidak di respon,1,2026-04-13 18:59:21,Negatif
sangat membantu dan mempermudah kegiatan transaksi untuk pembayaran belanja,5,2026-04-13 18:57:23,Positif
kok saya mau aktifkan fitur dana cicil tidak bisa,1,2026-04-13 18:56:04,Negatif
kasih saya dana instant ya bossku,5,2026-04-13 18:53:22,Positif
"saldo terpotong tp dana tdk masuk ke rekening,mau chat cs yg bales ai bot, parah bener ni aplikasi. hati2 buat yg laen klo mau pake huat transaksi. chat di ig kg sama, sampe skrg blm ada tindak lanjut nya.",1,2026-04-13 18:50:14,Negatif
sangaaaaaat bagus,5,2026-04-13 18:48:40,Positif
sangat puas,5,2026-04-13 18:47:47,Positif
"maaf, min. saya beri bintang 3. sebab saya sebagai pelajar yang ingin transfer menjadi kesulitan sebab permintaan untuk upgrade ke plus. saya tidak masalah jika harus membayar namun, ribet min dengan kata ""keamanan"". sulit juga untuk daftar diri ke dana plus sebagai pelajar. karena harus lewat orang tua juga sebab ga semua orang tua itu punya dana. untuk anak yang masih di bawah umur saran saya akte saja dan data diri lainnya. saya suka tapi tidak suka di persulit. jujur min saya pusing",3,2026-04-13 18:45:05,Netral
sangat mudah,5,2026-04-13 18:44:40,Positif
👍,5,2026-04-13 18:42:39,Positif
is oke,5,2026-04-13 18:38:50,Positif
app keren banget pokoknya,5,2026-04-13 18:36:00,Positif
good,5,2026-04-13 18:35:09,Positif
aku dana debes,5,2026-04-13 18:33:10,Positif
praktis dan gampang di gunakan,5,2026-04-13 18:30:49,Positif
dana cicil kok belum muncul ya,5,2026-04-13 18:30:02,Positif
apk dana mantap lah pokoknya,5,2026-04-13 18:29:56,Positif
saldo nya ga bisa keisi sendiri 😹,5,2026-04-13 18:26:30,Positif
tolong dana cicil di muncullan,5,2026-04-13 18:26:21,Positif
terbaik,5,2026-04-13 18:25:37,Positif
min kartu saya hilang login kan harus pke kode otp tapi kartu nya hilang pengen login gimana cara nya,5,2026-04-13 18:24:32,Positif
tolong di bantu untuk munculkan danacicil saya KA soalnya udah dari 2019 sampai skrng menu danacicil saya belom nongol dan tidak ad pinjaman ataupun tunggakan KA makasih 🙏,5,2026-04-13 18:17:54,Positif
bagus,5,2026-04-13 18:17:03,Positif
puass,5,2026-04-13 18:14:04,Positif
"knpa dana cicil sya blum juga bisa di gunakan,sya transaksi sdah bnyak dn mlhan sya pkai dana sdah hampir 10 Thun,TPI knpa blum bisa di gunakan,tlong di jlakn",3,2026-04-13 18:13:50,Netral
bintang 3 dulu .. soalnya sering transaksi sering top up sama selalu update tapi dana cicil kaga pernah muncul,3,2026-04-13 18:12:08,Netral
"Sangat bagus dan baik, tapi saya ada keluhannya admin knp fitur dana cicil saya tidak bisa di gunakan, padahal sebelum² nya bisa, dan saya juga sudah melakukan pelunasan dan serta tambahan nya, tapi knp fitur dana cicil saya tidak bisa di gunakan lagi, mohon untuk di bantu, saya kasih bintang 🌟,, karna saya merasa kecewa , dgn apk dana, padahal saya penguna lama dan baik di apk dana, apk dana skrg sudah ga bagus lagi ,, ini knp ya admin sampai skrg dana cicil saya di bekukan, udh 184 hari?",4,2026-04-13 18:11:58,Positif
Baik',5,2026-04-13 18:11:51,Positif
biar bintang yang ngomong,5,2026-04-13 18:10:28,Positif
Bagus bgt,5,2026-04-13 18:08:53,Positif
mantap DANA ini,5,2026-04-13 18:04:49,Positif
"baru kali ini aku isi saldo kena potongan otomatis, padahal aku gk pernah main Games. gk pernah aktifasi apa apa pun. kena potongan 25000 jadi gk nyaman aku pake dana nih!!!",1,2026-04-13 18:01:52,Negatif
"tidak ada pertanggungjawaban nya pihak dana atas saldo yang berkurang di akun saya,saya TF qris dana saldo saya sudah berkurang tapi uangnya tidak masuk ke akun dana yang di tuju,nomor akun nya sudah benar dan ada buktinya. malah dipersulit. mana tanggung jawabnya!!! sengaja kasih bintang 5 biar kebaca sama yang lain",5,2026-04-13 18:00:21,Positif
jelek kenapa dana cicil saya ga ada limit nya,1,2026-04-13 18:00:12,Negatif
aplikasi dana uddah premium...tapi gak qda dana cicil,1,2026-04-13 17:59:13,Negatif
dana aneh pdhl sudah fripikasi muka pin sudah benar tapi harus kode otp lol,1,2026-04-13 17:55:30,Negatif
sangat jelek,1,2026-04-13 17:51:59,Negatif
top,5,2026-04-13 17:51:58,Positif
dana dompet digital ok,5,2026-04-13 17:51:33,Positif
bagus,5,2026-04-13 17:51:03,Positif
ok,5,2026-04-13 17:48:04,Positif
bagus sekali,5,2026-04-13 17:47:21,Positif
saya senang mengunakan dana ngak ribet,5,2026-04-13 17:46:37,Positif
ok,5,2026-04-13 17:45:07,Positif
saya belum bisa login no lama belum premium saldo transaksi banyak bantu masuk dana,5,2026-04-13 17:44:56,Positif
sangat membantu dalam bertransaksi 👌🏻👍🏻,5,2026-04-13 17:44:41,Positif
Oke,5,2026-04-13 17:44:01,Positif
jika fitur dana instan tidak bisa digunakan semua user ..lebih bagusnya tidak perlu membuat fitur fitur yang tidak berguna .. memberikan perbedaan antara sesama user .. lebih baik tidak perlu membuat fitur sampah .,1,2026-04-13 17:37:49,Negatif
sangat membantu,5,2026-04-13 17:36:19,Positif
sangat puas,5,2026-04-13 17:35:14,Positif
sangat membantu,4,2026-04-13 17:31:38,Positif
terbaik,5,2026-04-13 17:26:07,Positif
tolong tampil dana cicil Saya,5,2026-04-13 17:22:17,Positif
ah elahhh tutorr narik dana gols gmana dah dri tadi gagal bae,4,2026-04-13 17:19:44,Positif
mantap,5,2026-04-13 17:18:09,Positif
bgue mntap,5,2026-04-13 17:17:55,Positif
sangat bagus,5,2026-04-13 17:15:40,Positif
sangat nyaman tapi bantu saya dengan dana cicil,5,2026-04-13 17:15:10,Positif
mantap,5,2026-04-13 17:13:43,Positif
puas,5,2026-04-13 17:11:12,Positif
semua transaksi baik tetapi kenapa saya tidak bisa menghidupkan fitur dana cicil padahal saya belum pernah menggunakan dana cicil saya aktif transaksi akun saya premium saya sudah memenuhi syarat saya disuruh nunggu selama 30 hari sudah saya tunggu tetapi hasilnya tetap sama dana cicil saya tidak muncul dibagian fitur mohon tindakannya,3,2026-04-13 17:08:59,Netral
ok,5,2026-04-13 17:05:09,Positif
susah untuk menghubungi diana loading lama gak masuk masuk,3,2026-04-13 17:02:59,Netral
kenapa akun dana saya kalo pmbayaran pake qris gagal terus....gk ada solusi nya livecat diana pun di suruh nungu 3hri itupun gk tau k.jlasanya...,2,2026-04-13 17:02:33,Negatif
dana Cicil tidak ada pitur y di aplikasi dana sy.,2,2026-04-13 17:01:22,Negatif
sangat bagus,5,2026-04-13 17:01:15,Positif
sangat aman,5,2026-04-13 16:59:03,Positif
dana pinjam,3,2026-04-13 16:57:45,Netral
sangat membantu,5,2026-04-13 16:52:02,Positif
sangat bagus,5,2026-04-13 16:50:42,Positif
cepat tepat aman,5,2026-04-13 16:49:21,Positif
saya udah pengajuan fiktur dana cicil ttp masih gak ada,5,2026-04-13 16:47:32,Positif
bagus,5,2026-04-13 16:45:50,Positif
kecewa dana cicil gk keluar,1,2026-04-13 16:45:31,Negatif
aman dan terkendali,5,2026-04-13 16:44:31,Positif
Mantap si,5,2026-04-13 16:41:43,Positif
bagusss,5,2026-04-13 16:38:07,Positif
bagus,5,2026-04-13 16:37:56,Positif
saya tidak ada fitur dana pinjam,1,2026-04-13 16:32:18,Negatif
"Sangat bagus mempermudah transaksi ada fitur dana cicil,uang pun aman tersimpan di dana",5,2026-04-13 16:30:44,Positif
bagus,5,2026-04-13 16:27:30,Positif
memuaskan,5,2026-04-13 16:27:28,Positif
Sangat Membantu,5,2026-04-13 16:22:12,Positif
sangat membantu,5,2026-04-13 16:18:28,Positif
ni kenapa dah dana error Mulu gak bisa TF padahal sinyal kenceng kocak bgt ni apk hadeh,1,2026-04-13 16:18:06,Negatif
sangat membantu,5,2026-04-13 16:16:46,Positif
mantap,5,2026-04-13 16:14:46,Positif
setiap ganti hp susah login nya..padahal sandi dan nomer sudah benar,1,2026-04-13 16:14:37,Negatif
"apasiii dana cicil nya pasti tiap di lunasi selalu ga tersedia/sedang gabisa di gunakan,heran dah KLO gabisa di gunakan,kenapa munculin dana cicil nya kocak",1,2026-04-13 16:14:02,Negatif
dana cicil,5,2026-04-13 16:13:25,Positif
jelek apknya,1,2026-04-13 16:13:04,Negatif
Mantulllll,5,2026-04-13 16:12:57,Positif
ko gabisa pake Qris sii,3,2026-04-13 16:12:09,Netral
SEUMUR HIDUP KAPOK PAKE DANA!!! LEBIH BANYAK YG LEBIH BAIK BUAT APA PAKE DANA.HATI KLO ADA MASALAH SALDO SETAHUN BALIK NYA !!!,1,2026-04-13 16:09:30,Negatif
mantap aman dan cepat,5,2026-04-13 16:08:44,Positif
sangat puas,5,2026-04-13 16:08:41,Positif
"cukup memuaskan, saran sih gratisan ke rekening mana pun setiap hari",5,2026-04-13 16:05:51,Positif
"apk tolol tiba"" bgt saldo gw kesedot google play",1,2026-04-13 16:04:19,Negatif
ok,5,2026-04-13 16:03:40,Positif
baik,5,2026-04-13 16:02:45,Positif
tidak muncul dana cicil,2,2026-04-13 16:01:23,Negatif
ok,5,2026-04-13 15:58:51,Positif
kanapa saya tidak ada dana cicil,4,2026-04-13 15:57:27,Positif
sangat bagus,5,2026-04-13 15:51:55,Positif
nyaman,5,2026-04-13 15:50:42,Positif
baik,5,2026-04-13 15:44:55,Positif
good 👍👍,5,2026-04-13 15:41:56,Positif
Bagus. .,5,2026-04-13 15:39:19,Positif
sangat Membantu sekali.,5,2026-04-13 15:38:16,Positif
siippp ...,5,2026-04-13 15:35:19,Positif
bagus,5,2026-04-13 15:34:50,Positif
mantappp,5,2026-04-13 15:34:41,Positif
sangat mudah praktis dan instan,5,2026-04-13 15:32:39,Positif
the best dah ini apk,5,2026-04-13 15:31:08,Positif
good,5,2026-04-13 15:29:24,Positif
bonus,5,2026-04-13 15:29:21,Positif
dana cicil,5,2026-04-13 15:28:54,Positif
Ok,5,2026-04-13 15:28:00,Positif
suka dengan aplikasi dana karena cara kerjanya sangat sederhana dan mudah 🤍,5,2026-04-13 15:27:50,Positif
terimasih sahabat ku semua udh aktif kan Dana aku,5,2026-04-13 15:27:41,Positif
josss..,5,2026-04-13 15:27:38,Positif
"saya sengaja kasih bintang 5 agar cepat di baca,,kenapa susah bgt buat hapus akun permanen karna akun saya sudah di hack orang sampai saldo saya kosong tolong dong bagaimana supaya cepat di hapus akun saya",5,2026-04-13 15:26:10,Positif
gimana apk dana ini ada fitur dana cicil di apk dana tapi gak bisa di gunakan. padahal semua pinjaman saya sudah lunas,1,2026-04-13 15:25:59,Negatif
cara menghapus riwayatnya di akun dana,4,2026-04-13 15:25:52,Positif
"tolong di perbaiki masalah riwayat transfer selalu gagal di refres , saya sangat butuh sekali melihat riwayat karna saya membuka tokoh jasa transfer",2,2026-04-13 15:24:48,Negatif
👍,5,2026-04-13 15:23:21,Positif
"maaf sebelumnya, dana saya kok nggak bisa dipake ya min, tiba2 juga keluar sendiri padahal udah premium tolong dong min",2,2026-04-13 15:22:21,Negatif
ga ada dana cicilan kecewa,5,2026-04-13 15:22:17,Positif
sya blm pernah daftar sama sekali tapi ga bisa mendapatkan pin tolong di buat lagi,3,2026-04-13 15:19:10,Netral
bagus,5,2026-04-13 15:18:57,Positif
pliss udah upgrade premium tapi masih aja sulit dipakai transaksi huuuufttt,3,2026-04-13 15:18:53,Netral
Baru masuk menu langsung keluar aplikasi,5,2026-04-13 15:18:23,Positif
Dana semoga tetap terpercaya,5,2026-04-13 15:17:39,Positif
kk kenapa dacil gua gak bsa lgi digunakan ya,4,2026-04-13 15:17:15,Positif
"kenapa nih dana, akun udh lama dipake tapi tidak dapat dana pinjam nya, giliran ada akun temen baru aktivasi dana 4 bulan udah dapat dana pinjam nya",4,2026-04-13 15:17:05,Positif
👍,5,2026-04-13 15:16:43,Positif
pelayanan dana jlk ga memuaskan,1,2026-04-13 15:16:12,Negatif
transaksi nyangkut semua,1,2026-04-13 15:14:53,Negatif
mohon bantuannya untuk bisa melakukan pembelian di dana cicil saya,5,2026-04-13 15:14:34,Positif
cukup puas,5,2026-04-13 15:14:23,Positif
mantap,5,2026-04-13 15:14:22,Positif
josss,5,2026-04-13 15:13:51,Positif
Mantap,5,2026-04-13 15:12:18,Positif
sangat bagus,5,2026-04-13 15:12:17,Positif
notification pembayarn telat kadang gak ada notif transaksi berhasil,3,2026-04-13 15:12:14,Netral
gx ribet mantap,5,2026-04-13 15:10:42,Positif
update tiap sebentar tapi aplikasi makin ngak lancar,1,2026-04-13 15:10:39,Negatif
"item yang saya tidak kenal masa kebeli sendiri seperti langganan aplikasi , lalu saya minta refund tidak bisa. tolong di perbaiki sebelum mau membayar sesuatu dari aplikasi lain tolong verifikasi ulang",1,2026-04-13 15:09:11,Negatif
lumayan membantu,4,2026-04-13 15:08:46,Positif
nice,5,2026-04-13 15:07:25,Positif
sangat membantu,5,2026-04-13 15:06:24,Positif
👍,5,2026-04-13 15:05:41,Positif
well,5,2026-04-13 15:04:39,Positif
saya day pake dana selama 3 rhn,5,2026-04-13 15:03:09,Positif
sangat baik semoga kedepannya lebih banyak lago fiturnya,5,2026-04-13 15:01:41,Positif
kenapa yaa suka error kalo mau bayar lewat dana?? padahal uang cukup? dan ga ada batas transaksi,3,2026-04-13 15:01:19,Netral
bagus,5,2026-04-13 14:59:24,Positif
sangat menarik,5,2026-04-13 14:59:23,Positif
bagus,5,2026-04-13 14:59:03,Positif
rusak tidak bisa mengirim,1,2026-04-13 14:57:05,Negatif
Mantap mudah dan aman,5,2026-04-13 14:56:26,Positif
mantap,5,2026-04-13 14:56:25,Positif
dana cicil kok blm muncul,3,2026-04-13 14:56:16,Netral
sangat puas dan senang pakai aplikasi ini,5,2026-04-13 14:55:43,Positif
"sangat sangat parah, limit dana cicil tidak naik, padahal sudah sering dipakai bahkan sebelum jatuh tempo sudah bayar.",5,2026-04-13 14:53:25,Positif
ini aplikasi bagus .. aplikasi ini sangat bertanggung jawab ..,5,2026-04-13 14:51:36,Positif
Bagus,5,2026-04-13 14:51:24,Positif
"ini tidak tau kenapa ko dana aku ga bisa buat isi pulsa buat bayar yg lainnya, tidak bisa jg mlakukan transaksi kecuali kirim uang sm bayar QR aja",3,2026-04-13 14:50:37,Netral
sangat puass,4,2026-04-13 14:50:36,Positif
sangat baik,5,2026-04-13 14:49:49,Positif
baik,5,2026-04-13 14:48:35,Positif
DANA CICIL BELOM MUNCUL teransaksi aku udah sering tapi masih tidak muncul dana cicil nya,5,2026-04-13 14:47:37,Positif
butuh dana cicil,5,2026-04-13 14:47:18,Positif
apk ngk jelas kadang malah kesedot gak jelas cuhh,1,2026-04-13 14:44:41,Negatif
bagus aman,5,2026-04-13 14:41:32,Positif
bagus,5,2026-04-13 14:41:16,Positif
mantap,5,2026-04-13 14:41:06,Positif
baguss bngttt pokok nyaaa mantap,5,2026-04-13 14:41:02,Positif
sangat baik.,5,2026-04-13 14:39:44,Positif
sangat membantu,5,2026-04-13 14:39:17,Positif
bagus dan ramah,5,2026-04-13 14:39:04,Positif
Sangat bagus,5,2026-04-13 14:38:20,Positif
100% HALAL,5,2026-04-13 14:35:34,Positif
sangat bagus,5,2026-04-13 14:26:35,Positif
KENAPA LIMIT DANA CICIL SAYA KOK GAK BISA D PAKE,3,2026-04-13 14:25:32,Netral
sangat bagus dan cepat,5,2026-04-13 14:24:37,Positif
keren,5,2026-04-13 14:22:33,Positif
dana cicil susah dipakai,1,2026-04-13 14:21:18,Negatif
"Tk,s..",5,2026-04-13 14:19:00,Positif
Bagus buat transfer dan menyimpan uang Bagus pokoknyaaa,5,2026-04-13 14:17:04,Positif
semenjak pakai dana smuanya terasa enak pokonya sayah senank pakai aplikasi ini,5,2026-04-13 14:16:33,Positif
sangat senang,5,2026-04-13 14:16:14,Positif
lebih praktis gays,4,2026-04-13 14:13:38,Positif
nice,5,2026-04-13 14:13:37,Positif
gabisa gabung di progam beta dan tetap penuh,5,2026-04-13 14:12:12,Positif
update dana,1,2026-04-13 14:12:00,Negatif
baru mnggunakan semoga bagus,3,2026-04-13 14:11:46,Netral
bagus sekali,3,2026-04-13 14:10:31,Netral
ok,4,2026-04-13 14:06:48,Positif
ok,5,2026-04-13 14:06:37,Positif
knpa gak bisa masuk,5,2026-04-13 14:06:26,Positif
uang 300 masuk,5,2026-04-13 14:06:20,Positif
👍🏻,5,2026-04-13 14:05:35,Positif
sangat bermanfaat,5,2026-04-13 14:03:45,Positif
Boleh juga,5,2026-04-13 14:01:49,Positif
"mohon bantuannya fitur dana cicil sudah muncul namun belom tersedia, saya akan beri lima bintang jika sudah bisa mengaktifkan dana cicil",3,2026-04-13 14:00:35,Netral
sangat sangat bagus dan sangat membantu,5,2026-04-13 13:59:50,Positif
bagus bgt,5,2026-04-13 13:59:30,Positif
bagus,4,2026-04-13 13:56:38,Positif
ok,5,2026-04-13 13:56:26,Positif
tolong kembalikan akun dana saya yg diproteksi 🥹😭😭,1,2026-04-13 13:56:15,Negatif
mantap,5,2026-04-13 13:55:07,Positif
sangat serba berkualias,5,2026-04-13 13:53:38,Positif
"sangat membantu transaksinya ,apalagi GK ada atminya😄",5,2026-04-13 13:52:48,Positif
mantap,5,2026-04-13 13:50:53,Positif
sangat baik,4,2026-04-13 13:50:07,Positif
oke lah,5,2026-04-13 13:48:37,Positif
bagus,5,2026-04-13 13:46:27,Positif
bagus,5,2026-04-13 13:45:13,Positif
mantap,4,2026-04-13 13:44:46,Positif
sangat membantu keuangan saya,5,2026-04-13 13:43:10,Positif
dana lagi knp ko ga bisa login dari kemaren2,5,2026-04-13 13:43:07,Positif
bagus,5,2026-04-13 13:41:48,Positif
ok,5,2026-04-13 13:39:35,Positif
memuaskan,5,2026-04-13 13:39:30,Positif
cukup bagus,4,2026-04-13 13:39:01,Positif
👍👍👍👍👍,5,2026-04-13 13:38:48,Positif
kenapa saya bisa ada tagihan di dana cicil sedangkan saya tidak pernah menggunakanya ?,2,2026-04-13 13:38:38,Negatif
"Transaksi Mantab Lancar, Saldo Aman Terjaga, Tks Dana",5,2026-04-13 13:37:06,Positif
saya sangat senang ada aplikasi Dana bisa kirim uang di mana saja memudahkan saya untuk ber transaksi,5,2026-04-13 13:36:04,Positif
sangat baik dan bisa membantu untuk transaksi keuangan,5,2026-04-13 13:35:14,Positif
sangat membantu dalam proses belanja,5,2026-04-13 13:34:16,Positif
bagus,5,2026-04-13 13:32:04,Positif
Bagus,5,2026-04-13 13:28:17,Positif
baguss banget aplikasi dana ini dan berguna banget cocok yg nggak mau bawa uang cash 😘🤭😋,5,2026-04-13 13:26:03,Positif
bagus,5,2026-04-13 13:24:22,Positif
DANA MAKIN KESINI MAKIN PARAH!!!,1,2026-04-13 13:23:27,Negatif
lumayan bagus,4,2026-04-13 13:22:02,Positif
sudah di perbarui tetap tidak ada fitur dana cicil,1,2026-04-13 13:20:47,Negatif
kok susah sekali mau nge klaim A+ rewards untuk voucher mlbb. diputar kesana kesini. kalo ada saya minta tutorial nya,1,2026-04-13 13:20:05,Negatif
ok,5,2026-04-13 13:18:49,Positif
alhmddlh lancar...😘,4,2026-04-13 13:18:13,Positif
"baik, tapi untuk memunculkan dana instant belum bisa",4,2026-04-13 13:17:31,Positif
dana cicil,5,2026-04-13 13:14:53,Positif
baik,5,2026-04-13 13:14:47,Positif
ok,5,2026-04-13 13:14:20,Positif
TPI harus dana premium,5,2026-04-13 13:13:16,Positif
Terpercaya,5,2026-04-13 13:10:16,Positif
bagus,2,2026-04-13 13:08:57,Negatif
"mantap,,,pake dana praktis 👍",5,2026-04-13 13:08:32,Positif
kendala saya di verifikasi muka ..bisa gak di ganti otp aja,5,2026-04-13 13:08:22,Positif
sangat bgus,5,2026-04-13 13:06:15,Positif
mantap,4,2026-04-13 13:05:17,Positif
mudah,5,2026-04-13 13:03:25,Positif
OTP KE EMAIL AJA,5,2026-04-13 13:03:14,Positif
lancar,5,2026-04-13 13:00:33,Positif
sangat berguna,5,2026-04-13 12:59:55,Positif
sangat membantu,5,2026-04-13 12:59:54,Positif
bagus dana bisa menuntjang kebutuhan,5,2026-04-13 12:59:34,Positif
luar biasa,5,2026-04-13 12:58:51,Positif
ok,5,2026-04-13 12:57:37,Positif
makin lama makin jelek.,1,2026-04-13 12:54:46,Negatif
membantu mudah kirim uang,5,2026-04-13 12:53:16,Positif
DANA INSTAN KOK BELUM ADA YA,5,2026-04-13 12:51:49,Positif
sangat bagus,5,2026-04-13 12:50:07,Positif
dana cicil udah di bayar tapi tagihan masih ada tanya ke CS ngak ada kejelasan emang aplikasi ngak jelas kayak perampasan,1,2026-04-13 12:48:59,Negatif
saya pernah sampe 700000 tapi gak bisa tarik,5,2026-04-13 12:48:55,Positif
waw,5,2026-04-13 12:48:21,Positif
sangat baik,5,2026-04-13 12:47:54,Positif
"mudah digunakan,, proteksi keamanan yang lebih baik",5,2026-04-13 12:47:25,Positif
sangat membantu semenjak saya pake dada,5,2026-04-13 12:47:17,Positif
sangat bagus,5,2026-04-13 12:47:04,Positif
sangat baik,5,2026-04-13 12:46:49,Positif
nyaman,5,2026-04-13 12:44:14,Positif
enak kalau simpan dalam nyaaaaa,5,2026-04-13 12:44:06,Positif
luar biasa,5,2026-04-13 12:42:13,Positif
garcep,3,2026-04-13 12:41:57,Netral
sangat bermanfaat dan membantu,5,2026-04-13 12:40:44,Positif
Fitur di bkin bagus lagi ya,5,2026-04-13 12:40:29,Positif
saya kasih 4 bintang,4,2026-04-13 12:40:05,Positif
ok,5,2026-04-13 12:39:56,Positif
aku baru mulai awal pakai aplikasi ini semoga tidak ada masalah yg tidak kita inginkan trmksh,5,2026-04-13 12:39:40,Positif
dana bagus cepat dan terpercaya,5,2026-04-13 12:39:29,Positif
"lemot bangettt udah kaya pake aplikasi di gunung, padahal sinyal kenceng di aplikasi lain",5,2026-04-13 12:38:04,Positif
bagus,4,2026-04-13 12:36:15,Positif
oke,5,2026-04-13 12:35:31,Positif
bagus,5,2026-04-13 12:34:00,Positif
nice,5,2026-04-13 12:33:44,Positif
membantu,5,2026-04-13 12:33:04,Positif
memudahkan transaksi,5,2026-04-13 12:32:48,Positif
sangat baik,4,2026-04-13 12:30:08,Positif
ngak bisa kirim slip bukti pengiriman,4,2026-04-13 12:27:27,Positif
"dana cicil saya sudah ada limit, tetapi kenapa tidak bisa di pakai,dana cicil tidak berlaku, padahal saya tidak ada tunggakan ataupun kredit, saya sudah melunasi 2 kali pinjam,tetapi yang ke 3 kali dana cicil tidak berlaku",2,2026-04-13 12:26:49,Negatif
sangat membantu,2,2026-04-13 12:23:18,Negatif
sudah bagus aplikasinya hanya saja ketika di upgrade ke premium tiba2 tidak bisa mengunakan dana cicil tidak di temukan padahal bayar lancar saldo Masi bnyak tapi percuma tidak bisa di gunakan dana cicil nya,5,2026-04-13 12:22:17,Positif
uang saya kemaren hilang karna di sadap dana saya kok bisa y pak yng punya aplikasi ini tolong pak keamaan nya sekali lgi d perkuat uang yng hilang ngak mian2 pak 1juta lebih,1,2026-04-13 12:21:18,Negatif
baik,5,2026-04-13 12:20:37,Positif
ok,5,2026-04-13 12:20:13,Positif
apk dana skrg sudah tidak aman. penipu sangat mudah mengelabui dan pihak dana tidak mau bertanggung jwb. tanpa memberi kode otp secara langsung dana bisa jebol. seperti bersengkol** dgn pehak penipu.,2,2026-04-13 12:19:51,Negatif
kenapa fitur dana cicil gak ada ya di aplikasi dana ku,5,2026-04-13 12:18:02,Positif
luar biasa,5,2026-04-13 12:16:41,Positif
apk ini sangat luarbiasa,5,2026-04-13 12:16:23,Positif
"jujur aplikasi nya sangat bagus,tapi ada sedikit kendala,saya sudah bayar tagihan dana cicil tepat waktu,tapi saya mau pakai lagi dana cicil tidak bisaa",2,2026-04-13 12:15:36,Negatif
sangat bangus,5,2026-04-13 12:15:05,Positif
baik untuk menabung,5,2026-04-13 12:14:52,Positif
oke,5,2026-04-13 12:13:42,Positif
luar biasa kemudahanya,5,2026-04-13 12:13:11,Positif
sangat membantu,5,2026-04-13 12:12:46,Positif
"sangat bagus, bebas biaya admin cepat dan gak ribet",5,2026-04-13 12:11:51,Positif
bagus bgt,5,2026-04-13 12:11:10,Positif
"nih sengaja bikin apk Dana buat nipukah? gw nyoba fitur DANA+ dan gw masukin saldo 20k setelah 3hari bukannya nambah malah ilang 11k, laparkah? 11k aja diambil, enaka buat beli gacoan ya? sarang penipu",2,2026-04-13 12:09:57,Negatif
"eror terus, perbaiki lah",1,2026-04-13 12:09:28,Negatif
baik bagus,5,2026-04-13 12:09:07,Positif
🫰♥️,5,2026-04-13 12:09:05,Positif
sangat membantu,5,2026-04-13 12:07:04,Positif
top dah,5,2026-04-13 12:06:04,Positif
mantap,5,2026-04-13 12:05:22,Positif
sangat baik,5,2026-04-13 12:03:12,Positif
bagus,5,2026-04-13 12:03:06,Positif
baik,5,2026-04-13 12:01:30,Positif
sangat puas,5,2026-04-13 12:01:23,Positif
kok gak bisa d buka kak selalu kembali lagi sampai saya download lagi sama,5,2026-04-13 12:01:06,Positif
"aplikasi nya udah bagus tapi masalah yg sangat saya benci adalah ketika transfer dana, padahal saya belum menekan tombol kirim tapi kok pas saya cek dana nya lagi bekurang yang awal nya 10rb jadi 8rb mohon di perbaiki alpikasi nya",3,2026-04-13 12:00:24,Netral
"Sengaja saya beri bintang 5, biar dibaca, Pelayanan nya sangat buruk sekali tidak memberikan solusi atas kasus yang saya Alami, Perihal Tidak bisa Login ke akun Karna Nomor Hp nya sudah tidak Aktif. Sangat Rumit dan Berbelit-belit, malah disuruh chat Diana. pas di chat Diana juga tidak ada solusi yang tepat untuk menyelesaikan masalahku. Saya merasa Sangat kecewa, Nggak kayak Aplikasi sebelah yang menu Laporan masalah nya lengkap Dan Aplikasi nya tidak Sering Eror kayak Dana ini.",5,2026-04-13 11:59:14,Positif
"masa gabisa ganti no, aneh banget",1,2026-04-13 11:59:07,Negatif
"sangat membantu dan mempermudah saya dlm berbagai transaksi. sampai saat ini tidak ada kendala,lancar,terima kasih dana.",4,2026-04-13 11:57:22,Positif
luar biasa,5,2026-04-13 11:55:43,Positif
mantap,5,2026-04-13 11:55:22,Positif
sangat senang. dana. ini. bagi saya.,5,2026-04-13 11:54:39,Positif
mantap bagus,4,2026-04-13 11:53:53,Positif
😊,5,2026-04-13 11:53:52,Positif
sangat membantu,3,2026-04-13 11:53:38,Netral
sangat puas. dan mudah,5,2026-04-13 11:50:51,Positif
tidak bisa masuk buat tarik,5,2026-04-13 11:50:29,Positif
ok cukup membantu,5,2026-04-13 11:49:27,Positif
bagus sangat membantu,5,2026-04-13 11:49:24,Positif
baguss puas,5,2026-04-13 11:49:05,Positif
nice,5,2026-04-13 11:47:29,Positif
sekarang aku kasih bintang Lima oleh aplikasi dana sanggat bagguss,5,2026-04-13 11:46:30,Positif
Sangat Puas Dengan Aplikasi DANA Premium,5,2026-04-13 11:45:06,Positif
di sini yang paling buruk itu pelayanan costumer service yang cuman modal ai doang!!!,1,2026-04-13 11:44:30,Negatif
mantap,5,2026-04-13 11:44:18,Positif
"lumayan membantu, Terimakasih 🫰",4,2026-04-13 11:43:51,Positif
ok,5,2026-04-13 11:43:35,Positif
sangat membantu,5,2026-04-13 11:43:18,Positif
"nmr sudah ga aktif , tapi susah masuk ke dana",2,2026-04-13 11:43:01,Negatif
buruk,1,2026-04-13 11:42:08,Negatif
cepat transfernya dan ambilnya jg cepat,5,2026-04-13 11:41:47,Positif
"tolong kembalikan duit saya 1.450.000 saya udh kena denda . apa nya sudah selesai !!! udh kita komplain juga yang jawab bot tolong jgn buat saya stress .. ini dari pihak kredit sudah dibilang saya denda !!! sudah berulang kali saya komplain katanya sudah di selesaikan, tapi buktinya dari pihak kredit nya belum masuk apa ini maksud kalian? itu duit loh !!! kalo emg gabisa kembalikan duit saya jgn makan duit orang seenak kita kalian",1,2026-04-13 11:40:54,Negatif
bagus,5,2026-04-13 11:40:42,Positif
sangat membantu..,5,2026-04-13 11:37:00,Positif
"apl terparah yg prnh sy gunakan, rusak rusak, klo ada mslh susah,, suruh chat dngn robot ya jelas g nyambung lah, dri 2025 sampe skrng laporan sy diabaikan g diapa2in, apa2. n,, parahh parahhh",1,2026-04-13 11:35:36,Negatif
sangat puas n cpt,5,2026-04-13 11:35:10,Positif
padahal baru pake 5hari saya lunasi malah sekarang dana cicil gak bisa dipake,1,2026-04-13 11:34:50,Negatif
aman dan terpercaya,5,2026-04-13 11:32:50,Positif
pinjam dana usaha bisa ta,5,2026-04-13 11:31:01,Positif
sangat bagus,5,2026-04-13 11:27:57,Positif
keren,5,2026-04-13 11:27:56,Positif
sangat membantu,5,2026-04-13 11:27:40,Positif
sangat baik,5,2026-04-13 11:26:43,Positif
"bagus, wkpun kalu udah krim ke bank lain 7kali garisanya udah hbis,tpy suka sieh,",5,2026-04-13 11:25:40,Positif
bagus bgt,5,2026-04-13 11:22:37,Positif
oke,5,2026-04-13 11:22:21,Positif
oke,4,2026-04-13 11:21:28,Positif
fitur-nya bagus cuman saldo saya yg ga ada🙃,5,2026-04-13 11:21:21,Positif
sangat memudahkan saya dalam bertransaksi.,5,2026-04-13 11:20:34,Positif
mantap,5,2026-04-13 11:16:34,Positif
bagus,5,2026-04-13 11:15:46,Positif
sangat membantu,4,2026-04-13 11:15:03,Positif
sangat membantu dan bagus sekali,5,2026-04-13 11:14:16,Positif
kenapa fitur dana cicil saya tidak tersedia,5,2026-04-13 11:13:45,Positif
dana mantap,5,2026-04-13 11:13:07,Positif
premium,5,2026-04-13 11:12:07,Positif
mntap,5,2026-04-13 11:09:42,Positif
mantap,5,2026-04-13 11:08:27,Positif
sangat membantu dan memuaskan,5,2026-04-13 11:07:20,Positif
ok,5,2026-04-13 11:06:23,Positif
good,5,2026-04-13 11:05:58,Positif
saya tau ini kesalahan saya lupa pin karna lama ga di pakai begitu ada temen ngirim uang ke akun saya baru di gunakan lagi ribet nya minta ampun suruh ganti no suruh upgred ke premium tetep ga bisa sudah menghubungi cs ga ada kelanjutan nya sampai sekarang masih nyangkut itu saldo 1200000 ta tau harus gimana lagi,5,2026-04-13 11:04:55,Positif
"handphone hilang,mau masuk akun aja susah nya minta ampun harus verifikasi nomer ,terus mau mindahin akun premium udah ada 5 kali gagal 1 kali gagal harus nunggu 3 bulan hadeh katanya harus ilangin aset kalo mau bisa sedangkan ada uang nya diana asisten ngga ngebantu sama sekali",1,2026-04-13 11:02:57,Negatif
bagus,5,2026-04-13 11:02:45,Positif
"waktu isi saldo dana ada biaya tambahan , waktu sudah masuk uang nya masih di potong juga ,, motong melulu..",3,2026-04-13 11:02:34,Netral
jelek masak login d hp readmi a3 gk mau kata nya akun di tangguh kan. tpi login d hp vivo sama oppo mau. heran,1,2026-04-13 11:02:29,Negatif
parah sih masa dana cicil gak bisa di cairin,2,2026-04-13 11:01:46,Negatif
mantap,5,2026-04-13 10:59:13,Positif
dana prioritas buat apa,1,2026-04-13 10:57:14,Negatif
goodd cop,5,2026-04-13 10:56:48,Positif
"Aplikasinya bagus banget, Appreciat dah pokokx",5,2026-04-13 10:56:40,Positif
mantap,5,2026-04-13 10:56:30,Positif
sangat bagus dan membantu,5,2026-04-13 10:55:56,Positif
"dana sekarang sering banget nggk jelas, gw pake qris tap di stasiun saldo gw sisanya nggk balik lagi, gw batal beli paket data malah kepotong saldo gw beda banget ngkk kaya dulu",1,2026-04-13 10:55:53,Negatif
ok,5,2026-04-13 10:54:00,Positif
fitur dana cicil nya ga kluar kluar,5,2026-04-13 10:53:15,Positif
mantap transaksi lebih mudah .❤❤❤,5,2026-04-13 10:53:11,Positif
ok,5,2026-04-13 10:51:55,Positif
aktikan dana cicil saya,5,2026-04-13 10:49:48,Positif
bagus,5,2026-04-13 10:49:43,Positif
okeh,5,2026-04-13 10:49:17,Positif
sangat membantu,5,2026-04-13 10:49:08,Positif
bagus,5,2026-04-13 10:47:07,Positif
sangat sangat membantu sekali.........,5,2026-04-13 10:46:12,Positif
baik,5,2026-04-13 10:46:07,Positif
mantul terus,5,2026-04-13 10:42:55,Positif
luar biasa saya sangat suka sekali karna caranya yg mudah dan cepat sekali dalam bertransaksi,5,2026-04-13 10:42:49,Positif
ok,5,2026-04-13 10:42:23,Positif
alhamdulilah aman dan lancar,5,2026-04-13 10:42:00,Positif
sangat bermanfaat,5,2026-04-13 10:41:26,Positif
mantap,1,2026-04-13 10:41:06,Negatif
bgus peraktis,5,2026-04-13 10:40:23,Positif
no dana saya udah ga aktif gmna cara bisa masuk ke akun saya,1,2026-04-13 10:39:22,Negatif
good,5,2026-04-13 10:37:24,Positif
👍 lancar gak ada bonus nya,5,2026-04-13 10:37:21,Positif
bagus,5,2026-04-13 10:36:07,Positif
"sangat membantu,meskipun dana cicilnya bermasalah",5,2026-04-13 10:36:03,Positif
beli token pulsa dll kok dana cicil gk keluar,1,2026-04-13 10:32:50,Negatif
"ini kenapa ya dana sekarang kok gabisa dipake buat transaksi, pdhal sinyal bagus tpi kok tertulis masalah antri mulu",4,2026-04-13 10:29:02,Positif
setelah di update malah keluar sendiri,1,2026-04-13 10:27:22,Negatif
sangat membantu,5,2026-04-13 10:26:46,Positif
sangat membantu,5,2026-04-13 10:24:52,Positif
tolong kenapa dana cicil saya sekarang jadi gabisa di gunakan padahal bulan lalu bisa..,5,2026-04-13 10:24:18,Positif
kenapa yah Dana tidak bisa login.... Riki saya udah hapus aplikasih...terus saya download ulang saya mau login tidak jadi .....mohon bantuan donk 🙏,4,2026-04-13 10:22:50,Positif
kenapa dana cicilan saya tidak menampilkan di dana,5,2026-04-13 10:21:58,Positif
Jooos pokok e,5,2026-04-13 10:21:06,Positif
baguss,5,2026-04-13 10:19:51,Positif
bagus sekali lancar jaya semoga semakin sukses,5,2026-04-13 10:19:21,Positif
mohon atasi transaksi yg eror,5,2026-04-13 10:18:32,Positif
sangat bermanfaat semoga makin kedepan ada terbosan terbaru dari dana,5,2026-04-13 10:17:41,Positif
bgus,5,2026-04-13 10:13:27,Positif
bagus sekali,5,2026-04-13 10:12:27,Positif
Cara memuncul kan Dana Cicil,5,2026-04-13 10:12:24,Positif
udah parah selalu gangguan saat ada keperluan . tolong dong kenapa dikit dikit gangguan,3,2026-04-13 10:09:03,Netral
okeh,5,2026-04-13 10:08:57,Positif
baik,1,2026-04-13 10:08:25,Negatif
mantap pokonya,4,2026-04-13 10:06:02,Positif
dana cicil setelah di lunasin malah gabisa di pake padahal saya bayar tidak pernah jatuh tempo,3,2026-04-13 10:05:40,Netral
mantap..,5,2026-04-13 10:04:57,Positif
"ini kenapa udah di upgrade tetep ga bisa ya, diulang-ulang terus",2,2026-04-13 10:03:20,Negatif
woke... tapi lemot di hp 2gb kalo bisa fitur diperingan,5,2026-04-13 10:03:13,Positif
membantu sangat berguna,5,2026-04-13 10:02:00,Positif
ok juga,5,2026-04-13 09:59:59,Positif
bsik,5,2026-04-13 09:53:19,Positif
membantu,5,2026-04-13 09:53:16,Positif
ok,5,2026-04-13 09:50:41,Positif
apa ini pemeriksaan hapus akun dana lama,1,2026-04-13 09:49:30,Negatif
punya saya saldo nya malah ada yg curi,5,2026-04-13 09:48:15,Positif
fitur dana cicil saya belum muncul,5,2026-04-13 09:46:41,Positif
apk buruk lemot banget mau ambil duit ssh mau kirim duit ssh Jan download mending gopay atau ovo,1,2026-04-13 09:46:08,Negatif
bagus,2,2026-04-13 09:45:12,Negatif
"kapok banget pake dana😭😭😭 top up e money lewat dana saldo udah kepotong tapi di e money ga ada, hilang gitu aja😭😭😭 ternyata orang-orang juga punya problem yang sama😭😭 tolong lah dibenahi, kita udah susah cari uang, niatnya biar mudah pake aplikasi dana eh malah kena sial, tolong jangan sampe keulang masalah gagal top up ini, bagi kalian itu nominal kecil tapi bagi kami sangat berarti",1,2026-04-13 09:44:28,Negatif
"knpa saldo gw tb² ilang cokkkk, parahhhhhhh udh update tetep samaaaa👎👎👎👎👎👎👎👎👎👎👎",1,2026-04-13 09:43:42,Negatif
fitur dana kurang,5,2026-04-13 09:39:20,Positif
ok,5,2026-04-13 09:36:16,Positif
sangat baik,5,2026-04-13 09:36:01,Positif
aplikasi bagus,5,2026-04-13 09:35:30,Positif
kenapa di event ocean buddy token exp saya nge-bug dan nge-stuck,4,2026-04-13 09:31:27,Positif
sangat baik,5,2026-04-13 09:30:35,Positif
bermanfaat,5,2026-04-13 09:28:13,Positif
oke,5,2026-04-13 09:24:13,Positif
dana cicil,5,2026-04-13 09:23:50,Positif
aplikasi sangat bagus,5,2026-04-13 09:23:04,Positif
gabisa,1,2026-04-13 09:19:38,Negatif
bagus,5,2026-04-13 09:14:26,Positif
ok,5,2026-04-13 09:10:36,Positif
"mudah, cepat",5,2026-04-13 09:10:27,Positif
bagus,5,2026-04-13 09:10:21,Positif
sangat bagus,5,2026-04-13 09:09:17,Positif
"mengapa aplikasi dana selalu eror bgtu lama.tak bisa bertransaksi,tak bisa update uang masuk..parah.pdhal sudah di update.jaringan full.data masi byk..tapi eror melulu bertransaksi.sulit diandalkan.bisa2 mati kelaparan,sakit org yg jauh sana,bisnis gagal..ngga makan karena ngga bisa di kirim uang lwt aplikasi eror bertransaksi ini",1,2026-04-13 09:07:57,Negatif
pajak rampok,1,2026-04-13 09:06:28,Negatif
Aplikasi Dana Dompet Digital Ini Cukup Bagus Dan Bermanfaat juga sih,5,2026-04-13 09:04:59,Positif
"kenapa ya setiap buka transasi susah banget/lama,padahal jaringan fulll",5,2026-04-13 09:01:32,Positif
sangat bagus buat transaksi,5,2026-04-13 08:59:22,Positif
Hapus akun,1,2026-04-13 08:56:28,Negatif
oke,5,2026-04-13 08:53:55,Positif
baik,5,2026-04-13 08:46:53,Positif
"sempat ada kendala soal upgrade ke DANA PREMIUM. Alhamdulillah sekarang udah selesai, CS Dana merespon dengan baik, terima kasih untuk bantuannya.",5,2026-04-13 08:45:54,Positif
"Membantu banget, makasih dana",5,2026-04-13 08:44:37,Positif
oke,5,2026-04-13 08:43:28,Positif
tidak bisa login no hp nya maaato,5,2026-04-13 08:42:49,Positif
jos,5,2026-04-13 08:42:32,Positif
aku isi ulang e wallet Maxim tapi responnya lama apa lagi belum kek kirim ke aplikasi maximnya mohon di perbaiki ya 🙏,4,2026-04-13 08:38:19,Positif
pakai dana sangat praktis dan simpel . pembayaran apapun jadi gampang,5,2026-04-13 08:36:36,Positif
"pengisian e money saldo Flazz tidak masuk, tapi saldo dana tetap berkurang",1,2026-04-13 08:36:14,Negatif
Sekarang Dana susah hapus akun.. Lama ga keluar opsi hapus nyaa,1,2026-04-13 08:32:21,Negatif
apasi gabisa dipencet,1,2026-04-13 08:30:57,Negatif
mantap,5,2026-04-13 08:30:21,Positif
admin nya jangan mahal mahal,5,2026-04-13 08:28:56,Positif
mntap,4,2026-04-13 08:28:49,Positif
ga bisa login jaringan bermasalah mulu,1,2026-04-13 08:27:11,Negatif
keren,5,2026-04-13 08:27:09,Positif
ko gua ngak bisa sandi pin nya,5,2026-04-13 08:26:57,Positif
cara hapus akun dana gmn?,5,2026-04-13 08:23:50,Positif
baik,5,2026-04-13 08:23:21,Positif
Smartpay tidak tersedia mohon di bantu aktifkan fitur dana cicil smartpay,4,2026-04-13 08:22:07,Positif
mantab,5,2026-04-13 08:21:23,Positif
saldo kesedot tanpa kejelasan,1,2026-04-13 08:20:54,Negatif
sangat bagus,5,2026-04-13 08:20:15,Positif
Saldo dana hilang tanpa sepengetahuan,1,2026-04-13 08:17:34,Negatif
"DANA cicil nggak muncul muncul, heran...",5,2026-04-13 08:17:05,Positif
aplikasi sampah sistem kontrol kurang baik mudah bug terlalu rendahan sistem,1,2026-04-13 08:16:42,Negatif
kenapa ung kita yg disaldo bisa hilang,3,2026-04-13 08:13:35,Netral
mudah dan mantap,5,2026-04-13 08:13:28,Positif
"aplikasi nya sudah bagus tapi banyak error nya aku ber ulang kali memasuki nomor, setelah itu pasti sedang ada kendala wifi, padahal di saya tidak ada gangguan wifi sama sekali, tolong dong bug ini di benerin........",3,2026-04-13 08:11:35,Netral
ok,5,2026-04-13 08:11:17,Positif
"Dengan menggunakan apl DANA, setiap top-up dan pembayaran sangat mudah.",5,2026-04-13 08:11:15,Positif
cepat untuk transaksi,5,2026-04-13 08:09:58,Positif
jos,5,2026-04-13 08:09:51,Positif
"Udah lama pake Dana, tapi tiba2 harus memperbarui data termasuk di dalamnya harus isi data penghasilan dan data pekerjaan kita. Udah kelewat batas privasi si ini.",1,2026-04-13 08:08:05,Negatif
mantep pokonya bisa pakai dana cicil dan dana instan juga dikala tongpes terima kasih dana,5,2026-04-13 08:07:33,Positif
🥰,5,2026-04-13 08:07:27,Positif
mantaap dana,5,2026-04-13 08:06:26,Positif
sangat bagus,5,2026-04-13 08:04:28,Positif
tidak work di HP oppo a98,1,2026-04-13 08:02:00,Negatif
keren,5,2026-04-13 07:59:48,Positif
"tidak bisa masuk,sekarang aplikasi kurang bagus",1,2026-04-13 07:59:00,Negatif
bagus,5,2026-04-13 07:58:47,Positif
sangat puas dengan aplikasi ini,5,2026-04-13 07:55:26,Positif
tolong dong saya pengguna lama ko g ada dana cicil nya,5,2026-04-13 07:55:10,Positif
sangat cepat proses transaksi,5,2026-04-13 07:55:00,Positif
is the best aplikasi,5,2026-04-13 07:54:35,Positif
mantap,5,2026-04-13 07:53:32,Positif
bermanpaat,5,2026-04-13 07:52:52,Positif
banyak kendala saldo gagal masuk ke Merchant dan saldo kita tidak kembali,1,2026-04-13 07:52:14,Negatif
is the best,5,2026-04-13 07:50:15,Positif
makasih dana bisa d percaya dan membantu,5,2026-04-13 07:48:47,Positif
suka ngelek,4,2026-04-13 07:44:45,Positif
"awalnya enak aman damai pakai dana, setelah di update hancur kali. Gak bisa di buka dananya. susah kali mau masuk ke akun dana. tolong dong di benerin, pertama sama maklumin mungkin jaringan atau apa. masak setiap hari jaringannya lemot. buka yang lain aman masak buka dana sendiri yang susah. asal mau di buka terkeluar sendiri. ampun dah",2,2026-04-13 07:42:36,Negatif
kenapa peminjaman dana cicil tidak aktif lagi sementara pembayaran lancar dan limit kenapa tidak bertambah...,5,2026-04-13 07:41:35,Positif
Susah kalo mau liat bukti transaksi harus nunggu 2 atau 3 hari,1,2026-04-13 07:40:58,Negatif
ok,5,2026-04-13 07:37:06,Positif
aplikasi dana nya sangat bagus memudahkan kita untuk bertransaksi 👍🏻,5,2026-04-13 07:36:23,Positif
sangat senang,1,2026-04-13 07:35:42,Negatif
aplikasi terbaik,5,2026-04-13 07:33:14,Positif
kurang memuaskan,3,2026-04-13 07:31:17,Netral
mantap,5,2026-04-13 07:29:56,Positif
"awesome, no words can explain because here the stars speak for themselves, how the witnesses are.",5,2026-04-13 07:28:51,Positif
good,5,2026-04-13 07:28:16,Positif
kenapa dah dari lama lihat aktivitas sama cek dana cicil memuat terus gak bisa di buka,4,2026-04-13 07:24:01,Positif
sangat membantu,5,2026-04-13 07:23:16,Positif
"untuk bagian akun DANA BISNIS, tolong tambahkan menu setting/pengaturan! agar dapat melakukan pemasangan profil/logo usaha, dan mengatur hal lainnya pada akun bisnis seperti perubahan nama usaha dan lain-lain!",3,2026-04-13 07:22:58,Netral
"aplikasi ini sangat bermanfaat untuk orang yg ingin tf ke rekening bank indonesia dibawah 20jt, tapi sayang sekali kebanyakan masyarakat indonesia menggunakannya untuk judi online dll, saat ini bintang 1 dulu untuk kemudia hari jika aplikasi ini diperbarui tidak bisa mengirim ke bandar judi online saya akan beri bintang 5 !",1,2026-04-13 07:21:39,Negatif
tampil kan dana cicil nya breee,5,2026-04-13 07:19:50,Positif
bgus,5,2026-04-13 07:18:02,Positif
kok gak bisa di download lagi ???,5,2026-04-13 07:15:44,Positif
baik,5,2026-04-13 07:14:07,Positif
menolongku,5,2026-04-13 07:11:38,Positif
Qris lewat galeri failed mulu semenjak update,2,2026-04-13 07:11:00,Negatif
sangat baik,5,2026-04-13 07:09:41,Positif
keamanan buruk,1,2026-04-13 07:06:06,Negatif
"ini kenapa belum ada menu dana paylater, mhon bantuan nya",5,2026-04-13 07:04:05,Positif
"jelek. uangku banyak yang hilang, nyesel pake ini, sering kebobolan.",1,2026-04-13 07:03:50,Negatif
sangat membantu,5,2026-04-13 07:02:23,Positif
jgn eror mllu ya tolong di jga baik2 yg punya dana jgn sampai isinya ada yg nyolong bisa nyusup tuh amanah dah,5,2026-04-13 07:00:54,Positif
bagus,5,2026-04-13 06:58:40,Positif
mantab,5,2026-04-13 06:54:46,Positif
DANA aplikasi yang sangat membantu saya 👍👍,5,2026-04-13 06:54:40,Positif
sangat bagus membantu,5,2026-04-13 06:49:32,Positif
mantap aplikasi Danan nya..trimakasih,5,2026-04-13 06:47:23,Positif
aplikasi yg membantu pembayaran lebih ringkas,5,2026-04-13 06:45:29,Positif
mantap,5,2026-04-13 06:40:47,Positif
kadang sulit mau scan,4,2026-04-13 06:40:18,Positif
saya butuh DANA,5,2026-04-13 06:39:52,Positif
mantap,4,2026-04-13 06:38:16,Positif
mantap,5,2026-04-13 06:37:00,Positif
dana cicil ga muncul padahal udh sering transaksi,5,2026-04-13 06:36:32,Positif
okey istimewa,5,2026-04-13 06:36:30,Positif
manyap,5,2026-04-13 06:34:43,Positif
dana bagus bangettt,5,2026-04-13 06:34:06,Positif
👍,5,2026-04-13 06:33:50,Positif
ok,5,2026-04-13 06:33:09,Positif
bagus cepat respon,3,2026-04-13 06:30:23,Netral
aplikasi yang sangat membantu,5,2026-04-13 06:29:35,Positif
mantap,4,2026-04-13 06:29:28,Positif
gak bisa on. . di buka malah nutup sendirinya,5,2026-04-13 06:27:45,Positif
mantappppp,5,2026-04-13 06:27:16,Positif
bagus,5,2026-04-13 06:26:42,Positif
bagus,5,2026-04-13 06:26:02,Positif
"bisa ga si buat dana bisnis klo uang baru masuk ga harus nunggu 24 jam buat cairin saldo, lama bgt tu woiii minimal berapa menit kek ngapain harus nunggu sehari anj kelamaan klo butuh saldo cepet",4,2026-04-13 06:25:34,Positif
baik,5,2026-04-13 06:24:58,Positif
dana bisnis kacau saldo gk bisa ditarik masa iya gara2 verifikasi wajah tidak cocok!!!!! lapor kaga digubris...,1,2026-04-13 06:20:35,Negatif
"transaksi mudah, no ribet , no lemot. sukses dan tambah maju",5,2026-04-13 06:19:22,Positif
sangat membantu,5,2026-04-13 06:19:08,Positif
kecewa lama banget mau cabut akun premium aja minta ampun udah 1 bulan lohh belom di cabut mau ganti ktp,2,2026-04-13 06:19:02,Negatif
"aplikasi bego, mau daftar premium gabisa alasan foto selfie tidak sesuai ktp, pedahal itu ktp asli saya sendiri live chat ga jelas, ga ngasih bantuan apa apa super ribet dan lama engga banget deh",1,2026-04-13 06:18:55,Negatif
"kenapa proses hapus akun lama sekali ya? sampai Berjam jam? mana disuruh jangan keluar sebelum pengecekan akun selesai, hanya buang buang waktu saja, sedangkan proses pengecekan tidak selesai selesai. Aplikasi buruk.",1,2026-04-13 06:18:50,Negatif
mantap 👍,5,2026-04-13 06:16:32,Positif
ok atas pelayanannya,5,2026-04-13 06:16:11,Positif
puas,5,2026-04-13 06:13:09,Positif
bgus,5,2026-04-13 06:12:24,Positif
suka tiba tiba error pas mau pembayaran,1,2026-04-13 06:11:37,Negatif
bagus,5,2026-04-13 06:10:31,Positif
bagus apknya,5,2026-04-13 06:09:09,Positif
good,5,2026-04-13 06:03:37,Positif
dana sangat bagus,4,2026-04-13 05:58:01,Positif
mantap sangat membantu financial,5,2026-04-13 05:57:26,Positif
sangat baik,5,2026-04-13 05:56:18,Positif
jozzz,4,2026-04-13 05:52:42,Positif
bagus,5,2026-04-13 05:52:30,Positif
maaamtap tolong yang ter hormat dana cicil saya aktipin dong...knapa g aktip....?,5,2026-04-13 05:51:00,Positif
sangat membantu transaksi,5,2026-04-13 05:50:58,Positif
bagus ga bikin ribet,5,2026-04-13 05:48:58,Positif
oky,5,2026-04-13 05:46:33,Positif
kenapa ko fitur dana cicil tidak ada padahal sudah premium,3,2026-04-13 05:44:25,Netral
"sudah masuk kan sandi yang benar dan sudah verifikasi wajah juga sudah. tetap meminta kode otp, padahal nomor sudah tidak aktif. trus minta otp lewat email, tetapi email terdaftar dan meminta otp berbeda . aneh aplikasi terlalu banyak boot dan tidak sesuai seperti awal",1,2026-04-13 05:42:20,Negatif
bagus,4,2026-04-13 05:39:15,Positif
mohon dibantu akun dana ini sedang ada gendala mau login akun Tac bisa dibuka akun sedang dibekukan,1,2026-04-13 05:37:39,Negatif
saya sangat menyukainya,5,2026-04-13 05:28:50,Positif
"SALDO SAYA HILANG DENGN NOMINAL 1,150000 DAN CS DANA TIDAK MAU BERTANGGUNG JAWAB ATAS KASUS INI",2,2026-04-13 05:28:09,Negatif
mantap,5,2026-04-13 05:28:08,Positif
aman dan nyaman,5,2026-04-13 05:27:39,Positif
keren,5,2026-04-13 05:26:42,Positif
tolong saya kesulitan untuk masuk meskipun sudah pake verifikasi wajah dan KTP tetap tidak bisa harus menggunakan kode otp email dan WhatsApp sedangkan hp saya telah di curi solusinya bagaimana?,5,2026-04-13 05:26:16,Positif
jaringan terputus padahal jaringan nya bagus,5,2026-04-13 05:25:03,Positif
saya ingin refund,4,2026-04-13 05:24:09,Positif
MEMBANTU SEKALI BUAT YG BELUM PUNYA REKENING!!,5,2026-04-13 05:23:14,Positif
sangat membantu,3,2026-04-13 05:22:54,Netral
sangat membantu,5,2026-04-13 05:21:58,Positif
saya sangat senang dengan adanya aplikasi dana,5,2026-04-13 05:21:02,Positif
keren👍,5,2026-04-13 05:20:08,Positif
"ngeselin banget katanya dikasih voucher tp gabisa digunakan, mau laporan ke pusat bantuan jawabannya muter2, malah pusat bantuannya tidak bisa dibuka, php banget gimana sih dana",1,2026-04-13 05:18:15,Negatif
sangat baik,5,2026-04-13 05:17:00,Positif
tolong bantu fitur dana instan saya knp gk muncul,4,2026-04-13 05:14:17,Positif
oke,5,2026-04-13 05:12:01,Positif
terbaik,5,2026-04-13 05:10:17,Positif
sangat bagus,5,2026-04-13 05:10:02,Positif
mudah dan cepat,5,2026-04-13 05:08:40,Positif
oke,5,2026-04-13 05:07:28,Positif
mantap,5,2026-04-13 05:07:08,Positif
🤮🤮,1,2026-04-13 05:07:03,Negatif
sangt mbantu,5,2026-04-13 05:06:04,Positif
"akun saya dibekukan tidak bisa bertransaksi karena beda data saat pengajuan perubahan nomor dan saat upgrade ke dana premium,di dalamnya masih ada saldonya, bikin pengaduan kesini kesitu gak ada solusinya sama sekali, dana emang parah pertanyaan nya mutaer"" disitu Mulu gak ngasih solusi sama sekali",1,2026-04-13 05:05:10,Negatif
sangat bagus,5,2026-04-13 05:04:49,Positif
aplikasi Ter aman,5,2026-04-13 05:03:14,Positif
aplikasi ini sangat menguntungkan karna bisa mempermudah proses keuangan,5,2026-04-13 05:00:53,Positif
"gimana sih ini akun udah beberapa tahun gak digunakan padahal nomor hp masih aktif,lupa pin dan verifikasi wajah gagal wajar karena saya membuat akun dari kecil belum punya KTP sewaktu dulu terakhir kenapa gak bisa verifikasi melalui otp padahal aplikasi sebelah ada jangan mempersulit pengguna gua doain semoga cepat bangkrut gak salah saya pindah ke aplikasi seperti shopeepay, ovo dan gopay karena merasa lebih aman",1,2026-04-13 04:59:41,Negatif
ok,5,2026-04-13 04:58:23,Positif
"bagus sih aplikasinya lancar, nah tapi ada 1 kendala waktu kirim uang ke rekening bank, kenapa ga bisa ya? padahal akun dana saya sudah premium, tapi setiap kali kirim uang ke rekening bank gabisa alasannya ""koneksi jaringan gagal, coba lagi"" padahal wifi rumah saya aman aman aja, intinya koneksi saya aman aman aja udah saya coba lagi tapi tetep gabisa. udah saya coba juga berulang kali tetep aja gabisa. ini gimana ya?",4,2026-04-13 04:58:21,Positif
ok mantap,5,2026-04-13 04:58:18,Positif
saya ingin hapus data teransaksi dana,5,2026-04-13 04:57:54,Positif
y kurang aman,3,2026-04-13 04:57:30,Netral
"tidak tau kenapa tiba"" saldo sy hilang padahal tidak ada transaksi apa"" langganan apapun juga gak pernah, itu uang buat beli token listrik, gonduk jengkel pengin ngamuk tp sm siapa..yasudahlah mudah""n yg ambil uangku kena karma usahanya hancur rejekinya seret.",1,2026-04-13 04:57:25,Negatif
saldo tiba² kepotong sendiri padahal ga transaksi apa apa di chat cs malah otomatis ga bisa ngetik sendiri aplikasi naeh,1,2026-04-13 04:51:33,Negatif
lebih mudah untuk transaki di manapun,5,2026-04-13 04:51:11,Positif
sangat mudah,5,2026-04-13 04:48:05,Positif
good apk,5,2026-04-13 04:46:09,Positif
knp g masuk terus... nyusahin,1,2026-04-13 04:45:39,Negatif
lambat transaksi,5,2026-04-13 04:45:29,Positif
good,5,2026-04-13 04:43:05,Positif
"sangat membatu sekali dengan ada nya aplikasi Dana, terimakasih.👍👍👍🙏",5,2026-04-13 04:41:46,Positif
mudah tranfer kemana saja pakai aplikasi dana,5,2026-04-13 04:39:00,Positif
mantap,5,2026-04-13 04:38:26,Positif
aplikasi busuk.. minta upgrade malah ga bisa dipakai,1,2026-04-13 04:38:10,Negatif
jos lh,5,2026-04-13 04:36:25,Positif
"mau upgrade ke premium tp tdk ada KTP dan jg SIM,,apa lagi paspor..bagaimana caranya?",5,2026-04-13 04:35:52,Positif
sangat bagus,5,2026-04-13 04:33:41,Positif
sangat baik dan trabsaksi cepat,5,2026-04-13 04:32:05,Positif
mantap,5,2026-04-13 04:29:12,Positif
bgus,5,2026-04-13 04:26:57,Positif
semoga berkah,5,2026-04-13 04:26:57,Positif
terbaik,5,2026-04-13 04:26:13,Positif
EWALLET TAII,1,2026-04-13 04:25:25,Negatif
"aplikasi ini memang membantu saya tentang transaksi, tapi.. dalam minggu ini saya mengalami masalah di pembelian token dan pulsa,, . tidak bisa kebuka layanan nya. tapi isi saldo atau kirim uang tidak ada masalah. tolong bantuan dan saran nya,",4,2026-04-13 04:25:18,Positif
gabisa buka riwayat transaksi,3,2026-04-13 04:25:13,Netral
bagus tapi kenapa setelah sy unisntal tapi sy download LG gak bisa2,5,2026-04-13 04:22:45,Positif
mudah dan terpercaya,5,2026-04-13 04:21:37,Positif
sangat membantu,5,2026-04-13 04:20:45,Positif
"apasih anjir udah di upgrade ke dana premium masih gak bisa di akses fiturnya kalo gk bisa knp dibikin coba, benerin dlu itu codingannya",3,2026-04-13 04:20:43,Netral
qku kasih bintang 5 biar bisa daftar dana masa daftar gak bisa bisa,5,2026-04-13 04:19:59,Positif
mantap,5,2026-04-13 04:18:53,Positif
the best,5,2026-04-13 04:18:45,Positif
mantap,5,2026-04-13 04:17:57,Positif
bagus,5,2026-04-13 04:15:53,Positif
A+,5,2026-04-13 04:14:52,Positif
sangat memuaskan dan simpel,5,2026-04-13 04:13:20,Positif
dana tidak masuk ke penerima,1,2026-04-13 04:10:56,Negatif
"sering transaksi pakai aplikasi ini, tapi kenapa paylater nya cuma cepe🥺 padahal sering banget transaksi pakai ini tolong tinggi limitnya",5,2026-04-13 04:09:24,Positif
sangat bagus membantu sekali,5,2026-04-13 04:06:50,Positif
halo ini gimana. call center ga bisa di hubungi. udah pakai robot transaksi gagal saldo terpotong .,1,2026-04-13 04:03:21,Negatif
"transaksi top up berhasil, tapi uang belum masuk ke rekening DANA saya, mau chat ke CS selalu gagal kembalikan uang saya",1,2026-04-13 04:02:33,Negatif
"Qris tidak bisa digunakan...admin dihubungi pun cuek ..ayolah ,sdh pake dana lama bnget ..jngan bikin muak bgni",1,2026-04-13 03:59:55,Negatif
memudahkan untuk kirim uang yv tidak maw me ATM,4,2026-04-13 03:59:40,Positif
aplikasi ewallet yg simple .,5,2026-04-13 03:57:43,Positif
susah masuk,1,2026-04-13 03:57:42,Negatif
bagus,5,2026-04-13 03:56:38,Positif
mantap,5,2026-04-13 03:56:26,Positif
jos,5,2026-04-13 03:56:17,Positif
bagaimana cara dapat pinjaman dari dana,5,2026-04-13 03:52:30,Positif
baik,5,2026-04-13 03:52:24,Positif
"kok sekarang top up ada potongan nya yah,,,di Alfamidi selalu bayar,,,ga ada yg gratis,GAK ADA DANA CICIL NYA TAPI KOK ADA PENAWARAN🙃",2,2026-04-13 03:51:24,Negatif
sangat membantu,5,2026-04-13 03:46:53,Positif
baik,5,2026-04-13 03:44:16,Positif
bagus sekalali,5,2026-04-13 03:42:35,Positif
sangat membantu,5,2026-04-13 03:41:46,Positif
joossjiiss,5,2026-04-13 03:41:40,Positif
sukaaaaaaaa bangeeeeetts 🥰🥰🥰🥰🥰🥰🥰🥰,5,2026-04-13 03:41:12,Positif
sangat baik,4,2026-04-13 03:38:51,Positif
parah woi min kenapaa dana bisnis gw gk bisa di tarik disuruh ngisi formulir pas udah dikasih eh malah disuruh ngisi lagi udh saya ulng² ttp gak bisa ini gimana minn saldo dana bisnis saya mau saya tarik tpi mlh kyk gini,1,2026-04-13 03:32:52,Negatif
sangat membantu dan gampang.,5,2026-04-13 03:31:55,Positif
maantaap sekali,4,2026-04-13 03:31:31,Positif
"josss,,cuma kalo boleh minta saldonya 1jt min🤣",5,2026-04-13 03:30:07,Positif
dana cicil tidak ada,5,2026-04-13 03:30:04,Positif
"Buat developer untuk menu aktivitas mohon ditambahkan (WIB,WITA dan WITA) khusus pengguna Dana di Indonesia",5,2026-04-13 03:27:33,Positif
good,5,2026-04-13 03:26:15,Positif
lebih praktis,4,2026-04-13 03:25:12,Positif
sangat rekomendasi,5,2026-04-13 03:24:45,Positif
baru main di kasih langsung,5,2026-04-13 03:21:46,Positif
mantap sy suka buanget aplikasi ini,5,2026-04-13 03:20:39,Positif
mantap,5,2026-04-13 03:19:55,Positif
mantap,5,2026-04-13 03:19:06,Positif
Pokoknya mantap lahhh,5,2026-04-13 03:18:36,Positif
mudah utk penggunaan,5,2026-04-13 03:17:27,Positif
sangat setuju,4,2026-04-13 03:17:06,Positif
sangat bagus sekali,5,2026-04-13 03:16:22,Positif
sangat membantu sekali,5,2026-04-13 03:15:23,Positif
sya kasih bintang 5 karna mudah transaksi 👍👍👍👍,5,2026-04-13 03:13:05,Positif
"kenapa dana bisnis gak bisa ditarik saldo nya min,, masalah ny itu deteksi wajah nya salah terus,,, reksa dana juga gak bisa dijual alasan nya sama deteksi wajah salah 🤦🏻‍♀️ tolong di perbaiki min,,,, uda chatt diana juga uujung ujung nya suruh nunggu,, uda ditunggu juga gk ada konfirmasi 🤦🏻‍♀️ kasih bintang 5mohon perbaikannya min",5,2026-04-13 03:11:39,Positif
bgis,5,2026-04-13 03:11:25,Positif
Amplikasi sangat bagus,5,2026-04-13 03:07:39,Positif
bagus,3,2026-04-13 03:04:24,Netral
ok,5,2026-04-13 03:01:05,Positif
belum puas lagi,3,2026-04-13 02:59:17,Netral
bisenis kejilan,5,2026-04-13 02:59:14,Positif
good,5,2026-04-13 02:59:09,Positif
Cara praktis menyimpan uang tapi susah untuk masuk dana primium,5,2026-04-13 02:57:19,Positif
"mantapppp,,,,",5,2026-04-13 02:57:09,Positif
ok,5,2026-04-13 02:54:43,Positif
"saya sudah menunggu lebih dari 2 hari mungkin sekitar setengah bulan tapi status dokumen lagi di cek masih belum berubah, padahal sudah berhasil upgrade premium",2,2026-04-13 02:51:33,Negatif
sangt membantu sekali dalam transaksi,5,2026-04-13 02:49:51,Positif
ok sih,5,2026-04-13 02:47:38,Positif
bagusss,4,2026-04-13 02:47:31,Positif
luar biasa sekali,5,2026-04-13 02:47:06,Positif
ok,5,2026-04-13 02:46:00,Positif
is the best,5,2026-04-13 02:44:37,Positif
"tolong dong di permudah untuk masuk k akunya, verifikasi melalui email ke steah msuk kan pin, dan verifikasi muka saya g bisa amuk akun krna nomer dananya ilang",1,2026-04-13 02:41:35,Negatif
sangat bermanfaat bagi saya,5,2026-04-13 02:40:15,Positif
bagus,4,2026-04-13 02:39:40,Positif
"Uang saya ditarik tanpa konfirmasi padahal saya tidak berlangganan. Harusnya sebelum tarik konfirmasi dulu dan harus persetujuan pemilik akun. Semoga pengajuan saya dapat di tindak lanjut i... Bila dana saya kembali komentar ini akan saya hapus, terimakasih 🙏",1,2026-04-13 02:36:26,Negatif
mantap,5,2026-04-13 02:33:00,Positif
"udah puluhan tahun pake Transaksi di Dana,nggak pernah nongol fitur DANA CICIL/ DANA INSTANT nya.. KECEWA !!! UNISTALL FIX KALO GINI CARANYA !!",1,2026-04-13 02:31:30,Negatif
"sangat membantu, trimakasih dana sukses selalu",5,2026-04-13 02:29:19,Positif
Bintang 3 dulu karna saya kecewa fitur dana cicil Saya tidak bisa dipakai atau di aktifkan padahal Notifikasi Gunakan dana cicil nya sudah muncul tapi stelah saya coba masi blm bisa digunakan,3,2026-04-13 02:22:13,Netral
dana cicil ini ga tersedia teruss padahal baru pertama kali aktivasi,4,2026-04-13 02:19:18,Positif
ok,5,2026-04-13 02:18:09,Positif
aplikasix bagus tapi fitut pengajuan saya kadang tidak bisa terpenuhi,4,2026-04-13 02:17:47,Positif
"kenapa uang di dalam dana saya hilang tiba tiba gitu,tadi malam nyah masih ada,ini saya tiba cek tidak ada lagi,tolong bantuan nyh",2,2026-04-13 02:17:31,Negatif
perfect sangat,5,2026-04-13 02:14:58,Positif
keren jadi bisa hemat uang karena ada dana,5,2026-04-13 02:12:43,Positif
scam,1,2026-04-13 02:10:37,Negatif
pukara ni cbh jn tro ngelekkk ka,1,2026-04-13 02:04:54,Negatif
sangat bagus,5,2026-04-13 02:02:38,Positif
oke,5,2026-04-13 02:01:07,Positif
tidak bisa masu ke nomor dana ini,5,2026-04-13 01:58:16,Positif
bagus dan sangat membatu,5,2026-04-13 01:56:54,Positif
HAPUS SAJA FITUR DANA CICIL SAYA DARI APLIKASI! BUAT APA LIMIT TERSEDIA TAPI TIDAK BISA DIGUNAKAN?! BIKIN BERAT APLIKASI SAJA👎,1,2026-04-13 01:55:47,Negatif
sangat terbantu dengan adanya aplikasi ini...trima kasih 🥰,5,2026-04-13 01:53:14,Positif
Gimana cara nya upgrade ke dana premium 🙏 Biar bisa narik uang di dana 🙏,1,2026-04-13 01:52:44,Negatif
"63333 hilang. email ga terdaftar di web yang bersangkutan testset.cloud ini. sumpah gajelas. disuruh hentikan malah disuruh hubungi ke sana. malah daftar dong kalo gitu gua. malah masuk ke kandang singa dong. dongo apa gimana dah. hentikan dari dana gitu emangnya gabisa? lemah amat sistem, ga punya otorisasi tinggi",1,2026-04-13 01:46:23,Negatif
bagaimana cara mengaktifkan dana cicil,5,2026-04-13 01:46:00,Positif
"saya kasi bintang 3, soalnya kadang toko games nggak bisa di buka loading nya lama terus pas mau top up di game transaksi gagal pembelian di tolak, mungkin ini sja yg saya alami mohon developer nya di perbaiki lagi 🙏",3,2026-04-13 01:41:35,Netral
sangat berguna,5,2026-04-13 01:40:01,Positif
sangat membatu bagi kaum yang tidak punya uang di bank,5,2026-04-13 01:39:02,Positif
bagus,4,2026-04-13 01:38:20,Positif
fungsional,5,2026-04-13 01:35:12,Positif
mnatp,5,2026-04-13 01:32:12,Positif
ok,5,2026-04-13 01:32:07,Positif
transaksi cepat,5,2026-04-13 01:30:26,Positif
"kenapa selalu ada transaksi tanpa menggunakan pin pdhl saya tidak berlangganan apa2 saya tidak mengetahui transaksi tersebut dan tiba2 saja saldo terpotong otomatis,saya sangat kecewa dgn sistem dana kurg aman",1,2026-04-13 01:29:32,Negatif
saya suka,4,2026-04-13 01:27:49,Positif
sangat membantu dalam berTransaksi,5,2026-04-13 01:27:31,Positif
wow,5,2026-04-13 01:26:04,Positif
kenapa dana cicil saya kaga muncul,3,2026-04-13 01:23:04,Netral
mau pindah akun aja ribet ajg,1,2026-04-13 01:20:24,Negatif
Pake dana sekarang ko ga ada pake dana cicil pdahal yg lain dpt dana cicil,1,2026-04-13 01:19:15,Negatif
bagus,5,2026-04-13 01:17:46,Positif
luar biasa,5,2026-04-13 01:17:40,Positif
Bagus,5,2026-04-13 01:17:02,Positif
terbaik,5,2026-04-13 01:11:42,Positif
bagus,5,2026-04-13 01:10:56,Positif
Bagus,5,2026-04-13 01:09:43,Positif
ok,1,2026-04-13 01:09:21,Negatif
ok,5,2026-04-13 01:07:38,Positif
bagus bagus,5,2026-04-13 01:04:53,Positif
Cepat bgt,4,2026-04-13 01:03:39,Positif
akun sudah premium namun tidak terbaca premium,1,2026-04-13 01:00:34,Negatif
sangat bagus,5,2026-04-13 00:58:41,Positif
bagus,5,2026-04-13 00:58:34,Positif
ok,5,2026-04-13 00:57:11,Positif
mantap,5,2026-04-13 00:53:47,Positif
sangat membantu,5,2026-04-13 00:53:24,Positif
bagus,5,2026-04-13 00:45:28,Positif
sangat mudah dan membantu dalam proses transfer,5,2026-04-13 00:43:12,Positif
puas,5,2026-04-13 00:40:10,Positif
Alhamdulillah bagus.. mudah dlm bertransaksi,5,2026-04-13 00:38:32,Positif
dana emang yg terbaik dan bagus👍👍👍👍,5,2026-04-13 00:36:19,Positif
apk yg sangat bagus...,5,2026-04-13 00:36:08,Positif
makasih dana semua nya jadi lancar dan mudah dan cepat aman brpo,5,2026-04-13 00:34:51,Positif
sangat membantu,5,2026-04-13 00:34:30,Positif
"sangat keren tanpa biaya kalo TF kemanapun dan untuk Bisnis, setlement QRIS nya jg tanpa potongan apapun.",5,2026-04-13 00:28:54,Positif
apknya bagus,5,2026-04-13 00:25:31,Positif
good dana,5,2026-04-13 00:24:31,Positif
kurang asyik,1,2026-04-13 00:19:58,Negatif
dana selalu dihatiiiii terimakasih tidak ada biaya adminnn gratisss,5,2026-04-13 00:18:33,Positif
mantap terpercaya,5,2026-04-13 00:17:50,Positif
aplikasi dana emang👍❤️❤️❤️👍,5,2026-04-13 00:15:57,Positif
apk DANA sangat membantu saat transaksi uang elektronik,5,2026-04-13 00:15:45,Positif
bgusd,5,2026-04-13 00:13:04,Positif
mantap,5,2026-04-13 00:12:43,Positif
sangat membantu dengan adanya DANA jadi bisa lebih mudah,5,2026-04-13 00:12:06,Positif
👍,5,2026-04-13 00:10:25,Positif
mantap,4,2026-04-13 00:06:48,Positif
dana sangat membantu bagi saya,5,2026-04-13 00:04:54,Positif
bagus,5,2026-04-13 00:04:16,Positif
"pengiriman cepat dan tepat. Semoga Fasilitas DANA semakin baik. Terima kasih,,, 🙏🙏",5,2026-04-13 00:02:49,Positif
"bermanfaat mudah,,tapi sayang gak bisa cetak struk",4,2026-04-12 23:59:23,Positif
good,5,2026-04-12 23:54:28,Positif
"apk nya bagus,dan trx juga lancar,tapi ada satu masalah,terkadang ada notif harus tup op beberapa rupiah bahkan ratusan rupian buat melanjutkan trx google, saya tidak tau itu trax apa itu,tapi itu sering menguras saldo saya tanpa adanya perstujuan saya. saya mohon selidiki lebih lanjut lagi,saya tidak tau ini bug atau apa,tapi ini sangat lah meresahkan.",4,2026-04-12 23:53:19,Positif
sangat mudah dan menyenangkan saya suka,5,2026-04-12 23:53:13,Positif
ini kenapa ya DANA saya kok ngak bisa di buka setelah saya update setiap mau masuk mesti keluar sendiri udh dri kemarin kayak gitu Mulu mana di DANA ada saldonya,1,2026-04-12 23:53:13,Negatif
MENARIK!!,5,2026-04-12 23:48:52,Positif
mantap,5,2026-04-12 23:48:44,Positif
sering kena hack,1,2026-04-12 23:33:41,Negatif
ok,5,2026-04-12 23:30:11,Positif
terima kasih karna dengan aplikasi DANA saya bisa terbantu,5,2026-04-12 23:27:31,Positif
baguss,5,2026-04-12 23:26:29,Positif
bagus,5,2026-04-12 23:25:09,Positif
bintang 4 soal nya saya lupa pin,4,2026-04-12 23:24:37,Positif
Aplikasi yg sngt membantu GOOD pisan👍👍👍,5,2026-04-12 23:22:44,Positif
midah,5,2026-04-12 23:22:16,Positif
"bagus,keren",5,2026-04-12 23:15:57,Positif
good job emang iyah dana ini,1,2026-04-12 23:13:48,Negatif
sangat membantu,5,2026-04-12 23:11:56,Positif
bagus,5,2026-04-12 23:11:14,Positif
"dana bagus bngt, akau transaksi selalu free admin🥰",5,2026-04-12 23:05:21,Positif
puas,5,2026-04-12 23:04:16,Positif
saya mohon dana ADAIN Lagi di aplikasi versi android 5.0 ya .... serta Isi saldo gratis via Indomaret dan transfer bank gratis admin serta pulsa nya di buat diskon,5,2026-04-12 23:00:48,Positif
tolong dana instan nya di munculkan bosku,5,2026-04-12 22:59:46,Positif
apk ini sangat membantu,5,2026-04-12 22:59:42,Positif
bagus bagus,5,2026-04-12 22:59:31,Positif
ok,5,2026-04-12 22:57:42,Positif
ok,5,2026-04-12 22:57:28,Positif
dana cicil saya sedang tidak tersedia terus kenapa ya,1,2026-04-12 22:54:39,Negatif
bagussss,5,2026-04-12 22:53:51,Positif
APLIKASI PALING SAMPAH,1,2026-04-12 22:49:07,Negatif
baik,5,2026-04-12 22:47:55,Positif
cpt proses nya,5,2026-04-12 22:38:36,Positif
keren,5,2026-04-12 22:37:16,Positif
cepat dan murah,5,2026-04-12 22:35:15,Positif
membantu sekali semoga selalu mudah untuk bisa ngisi dan ngirim uang dan juga sangat cepat terkirimnya terima kasih pokoknya,5,2026-04-12 22:33:09,Positif
sangat bagus cok,5,2026-04-12 22:29:50,Positif
"saya pengguna dana sejak lama,di akun saya sudah tersedia filtur dana cicil akan tetapi filtur itu belum bisa digunakan.lalu mengapa filtur itu di keluarkan jika tidak bisa di gunakan.",1,2026-04-12 22:28:56,Negatif
mantap ji,5,2026-04-12 22:19:20,Positif
mantul,5,2026-04-12 22:18:10,Positif
terimah kasih,5,2026-04-12 22:17:49,Positif
bagus sekali,5,2026-04-12 22:16:23,Positif
bagus👍,5,2026-04-12 22:10:22,Positif
ok,5,2026-04-12 22:08:58,Positif
kasih saya akses dana cicil ka,5,2026-04-12 22:04:16,Positif
sangat bagus,5,2026-04-12 21:59:37,Positif
dana cicil nya gak bsa di pake,5,2026-04-12 21:52:35,Positif
sangat bagus,5,2026-04-12 21:52:05,Positif
cepat d mudah,5,2026-04-12 21:49:23,Positif
mau persi dana cicil,5,2026-04-12 21:48:08,Positif
luman bagus,3,2026-04-12 21:43:46,Netral
bagus skali,3,2026-04-12 21:43:41,Netral
saya membutuhkan dana sebagai transaksi,4,2026-04-12 21:41:28,Positif
hemat waktu,5,2026-04-12 21:36:15,Positif
aktifkan fitur dana cicil,5,2026-04-12 21:17:52,Positif
mantap,5,2026-04-12 21:15:39,Positif
baikkkkkkk,5,2026-04-12 21:15:39,Positif
bagussekali,5,2026-04-12 21:06:17,Positif
puas slalu puas...,5,2026-04-12 21:06:07,Positif
banyak iklan,4,2026-04-12 21:05:29,Positif
login dana makin ribet nying,1,2026-04-12 21:05:16,Negatif
ok makasih,5,2026-04-12 21:03:27,Positif
cepat dan sangat tanggap,5,2026-04-12 20:53:11,Positif
"saya ingin mengakses fitur dana instan, karena di aplikasi saya dana instan tidak muncul",1,2026-04-12 20:51:56,Negatif
mantap,5,2026-04-12 20:50:29,Positif
"min mau hapus akun,soalnya nomernya sudah tidak aktif,akun dana sudah premium, sudah chat di Ig tapi sudah sehari belum ada jawaban",1,2026-04-12 20:48:36,Negatif
Susah diupdate,3,2026-04-12 20:48:07,Netral
mantap,5,2026-04-12 20:47:32,Positif
sayangnya di akun saya tidak ada dana cicil,1,2026-04-12 20:46:12,Negatif
gampang digunakan untuk semua transaksi,5,2026-04-12 20:42:34,Positif
terbaik 👍👍👍👍,5,2026-04-12 20:38:25,Positif
tolong aktif kan dana Istan di dana saya🙏🙏🙏,5,2026-04-12 20:36:48,Positif
Aktif kan dana cicil saya min,2,2026-04-12 20:31:15,Negatif
kadang suka gk ada notif nya,5,2026-04-12 20:28:16,Positif
bagus,5,2026-04-12 20:26:09,Positif
tolong di acc,5,2026-04-12 20:19:18,Positif
bagus bngt apk,5,2026-04-12 20:19:04,Positif
👍👍👍👍,5,2026-04-12 20:18:28,Positif
mantap👍👍,5,2026-04-12 20:15:03,Positif
sangat mudah d gunakan,5,2026-04-12 20:13:48,Positif
aplikasi dana ini sangat berguna di mana pun dan kapan pun,4,2026-04-12 20:11:48,Positif
dana emas eror grafik tanggal 11 april 2026 dan sekarang tanggal 14 april 2026,1,2026-04-12 19:59:27,Negatif
semoga bermanfaat dan duit ku bisa kembali lagi,5,2026-04-12 19:59:05,Positif
gak jelas,2,2026-04-12 19:49:38,Negatif
kerena saya ditak ada dana cicil yah,1,2026-04-12 19:46:31,Negatif
baik,5,2026-04-12 19:46:27,Positif
bagus,5,2026-04-12 19:37:15,Positif
bagus baget,5,2026-04-12 19:36:40,Positif
Aplikasi yang sangat baik,5,2026-04-12 19:35:27,Positif
cara mengembalikan akun dana nomernya sudah tidak aktif,5,2026-04-12 19:30:28,Positif
good,5,2026-04-12 19:29:32,Positif
😍,5,2026-04-12 19:26:43,Positif
baik,5,2026-04-12 19:24:44,Positif
semenjak update makin parah aplikasinya,2,2026-04-12 19:24:41,Negatif
no dulu saya hilang engga bisa masuk diaflikasih nya ..mau ganti no,3,2026-04-12 19:23:47,Netral
mantap,5,2026-04-12 19:19:53,Positif
gabisa buat tf ke e walet lain cuk gbs liat detail jg,2,2026-04-12 19:19:24,Negatif
baik,5,2026-04-12 19:19:00,Positif
berapa lama sih cek dokumen premium ya.udah ada 1 jam lebih di cek tapi ngak ada premium ya,3,2026-04-12 19:12:09,Netral
perbaiki karena aplikasi mulai lelet,5,2026-04-12 19:04:08,Positif
bagus,5,2026-04-12 19:04:01,Positif
bagus mantap,5,2026-04-12 19:02:59,Positif
dana cicil belum muncul.tolong di bantu diaktifkan dana cicil nya,1,2026-04-12 19:02:11,Negatif
mantap sangat memuaskan,5,2026-04-12 19:00:31,Positif
sya kasih bintang 5 karna saya ingin mengaktifkan dana cicil sya,5,2026-04-12 18:54:23,Positif
bagus mantapp,5,2026-04-12 18:51:34,Positif
mantap,5,2026-04-12 18:51:12,Positif
👍,5,2026-04-12 18:50:38,Positif
bagus mood,5,2026-04-12 18:44:42,Positif
"saya udah lama sekali bertransaksi melalui dana,, tapi kenapa saya belom mendapatkan fitur dana cicil dan paylater",3,2026-04-12 18:43:56,Netral
Bagus sekali,5,2026-04-12 18:43:51,Positif
kirim uang tanpa ribet..jaminan anti pending..luar biasa.memuaskan..,5,2026-04-12 18:38:43,Positif
eko ga ada dana cicil,1,2026-04-12 18:38:36,Negatif
no dana saya sidak tidak aktif..bagaimana cara saya dapat kode ottp,1,2026-04-12 18:38:02,Negatif
bagus,4,2026-04-12 18:30:51,Positif
kok gak ada cicil di akun saya,5,2026-04-12 18:27:13,Positif
buat dana cicil,5,2026-04-12 18:24:50,Positif
terima kasih banyak atas segala kerja samanya alhamdulila hirobal alami,5,2026-04-12 18:24:27,Positif
sangat membantu,5,2026-04-12 18:24:06,Positif
mantaap,5,2026-04-12 18:23:59,Positif
good,5,2026-04-12 18:22:35,Positif
mantul(mantap betul),5,2026-04-12 18:18:06,Positif
kenapa di dana saya tidak memiliki dana cicil,5,2026-04-12 18:16:40,Positif
mulai lambat pembayaran nya,4,2026-04-12 18:16:20,Positif
asyik,5,2026-04-12 18:13:33,Positif
sangat terbantu karna ad apl dana ini bisa nabung di dana,5,2026-04-12 18:13:06,Positif
saya sangat bangga punya aplikasih ini emang sangat membantu saya ....,5,2026-04-12 18:07:41,Positif
baguss,5,2026-04-12 18:05:27,Positif
inih kenapa yah saya isi saldo udah sukses nomer nyah udah bener tapi saldonyah gaada masuk masuk si ada apa inih,1,2026-04-12 18:04:59,Negatif
dana adalah dompet digital masa depan dengan dana gak perlu bawa dompet lagi jadi praktis kalo mau belanja atau toup 😁😁😁,5,2026-04-12 18:04:41,Positif
ini gimana dana ko ada yg bisa masuk kedana pribadi saya,1,2026-04-12 18:00:33,Negatif
ingin fitur dana cicil,5,2026-04-12 18:00:10,Positif
Kkren,5,2026-04-12 17:58:02,Positif
"kenapa dana cicil saya tidak bisa digunakan,padahal limit saya masih belum terpakai",4,2026-04-12 17:57:12,Positif
sangat membantu,5,2026-04-12 17:56:55,Positif
good,5,2026-04-12 17:53:38,Positif
beres,5,2026-04-12 17:53:04,Positif
bagus,5,2026-04-12 17:50:49,Positif
mantap,5,2026-04-12 17:49:58,Positif
sangat mempermudah transaksi,5,2026-04-12 17:46:43,Positif
sangat bagus,5,2026-04-12 17:46:41,Positif
ok,5,2026-04-12 17:46:12,Positif
bagus sekali enak pakai fana,5,2026-04-12 17:45:58,Positif
aplikasi ny tidak dapat d percayaa saldo saya masih ada tapi akunnya d tangguhkan dak bisa d ambil saldonya..... kecewa aku aplikasi dana,1,2026-04-12 17:45:08,Negatif
saya butuh dana cicil tolong di sediakan aplikasi nya,5,2026-04-12 17:42:16,Positif
oke,5,2026-04-12 17:40:17,Positif
proses cepat mantap,5,2026-04-12 17:39:12,Positif
ingin update kok gak muncul untuk update ya,5,2026-04-12 17:38:07,Positif
aplikasi DANA sangat bagus,5,2026-04-12 17:38:05,Positif
saya mau login tapi harus pake OTP sedangkan no nya sudah tidak aktif dan hilang bisa login GK dngan cara lain,2,2026-04-12 17:37:57,Negatif
"ini knp GK bisa top up game udah 3kali di coba GK bisa, terimakasih sudah membalas keluhan saya 👍👍👍 . . . .min boleh minum duit",5,2026-04-12 17:36:47,Positif
top,4,2026-04-12 17:36:04,Positif
seneng banget pakek dana semoga saya bisa ngaktif iin dana cicil,5,2026-04-12 17:34:25,Positif
terbaik,5,2026-04-12 17:33:52,Positif
baik j,5,2026-04-12 17:31:39,Positif
dana cicil gak pernah dapet,5,2026-04-12 17:30:54,Positif
tolong dong akun saya nama rek Ita widianingsih di kasih fitur dana instan masa udh peguna lama blum muncul,2,2026-04-12 17:29:58,Negatif
bagus,5,2026-04-12 17:27:08,Positif
👍,5,2026-04-12 17:26:11,Positif
"akun sudah di upgrade ke premium, tagihan sudah lunas semua, tapi limit dana cicil tidak bisa digunakan.@aplikasi Abal""",5,2026-04-12 17:22:07,Positif
mantap dh mudah,5,2026-04-12 17:21:48,Positif
saya sangat menyukai dana tp knp aplikasi dana sy inggk bisa di buka tlng di perbaiki dulu ya dana,5,2026-04-12 17:20:18,Positif
mantap,5,2026-04-12 17:19:15,Positif
penting,5,2026-04-12 17:19:02,Positif
baik,5,2026-04-12 17:18:54,Positif
"dana cicil saya kenapa belum keluar yah, mohon bisa dibantu admin untuk dana cicilnya agar makin mudah untuk transaksi. terimakasih 🙏",5,2026-04-12 17:18:51,Positif
saya hampir tiap hari transaksi d akun dana kenapa ya ngak ada DANA CICIL,1,2026-04-12 17:18:24,Negatif
si paling ribet kalo udh hilang kartu,1,2026-04-12 17:17:42,Negatif
aku kasi 4 bintang aplekasinya berguna,4,2026-04-12 17:16:51,Positif
setiap buka apikasi kenapa ada iklan judi slot terus. merasa keganggu dan tidak nyaman. tolong blokir iklan judolnya.!!!,1,2026-04-12 17:13:52,Negatif
aku dana gembel..udh pke dana bertahun tahun TPI blom muncul fitur dana cicil w,1,2026-04-12 17:13:36,Negatif
mau transaksi apapun jadi mudah,5,2026-04-12 17:13:24,Positif
bagus,5,2026-04-12 17:10:36,Positif
sayang bgs,5,2026-04-12 17:07:56,Positif
ok,5,2026-04-12 17:07:15,Positif
sangat membantu,5,2026-04-12 17:06:10,Positif
mantap,5,2026-04-12 17:04:07,Positif
kok kumat datanya,5,2026-04-12 17:03:14,Positif
👍👍👍,5,2026-04-12 17:02:47,Positif
bagus,5,2026-04-12 17:02:42,Positif
Trimakasih bossku,5,2026-04-12 17:02:27,Positif
ok,5,2026-04-12 17:01:50,Positif
"kurang puas,,udah 2026 banyak fitur di akun saya belum muncul,,disuruh verifikasi terus dan disuru transaksi banyak banyak,padahal saya mengunakan apk dana setiap hari bertaransaksi",1,2026-04-12 17:01:43,Negatif
"Percma transaksi bnyak ,nggk prna muncul dana instan n dana cicil nya",1,2026-04-12 16:59:17,Negatif
blom ada dana cicil,5,2026-04-12 16:56:05,Positif
bagus,1,2026-04-12 16:54:33,Negatif
bagus,5,2026-04-12 16:53:06,Positif
oke,5,2026-04-12 16:51:53,Positif
sangat membantu,5,2026-04-12 16:50:09,Positif
sangat puas,5,2026-04-12 16:48:02,Positif
bagus,5,2026-04-12 16:48:01,Positif
udah hampir sebulan aplikasi ini gk bisa di pake buat top up dan juga buat tarik tunai ini gimana solusinya apa harus sya hapus ini aplikasi,1,2026-04-12 16:45:51,Negatif
sangat membantu,3,2026-04-12 16:45:40,Netral
mantap sekali,5,2026-04-12 16:44:26,Positif
sangat membantu,5,2026-04-12 16:44:08,Positif
sangat bagua,5,2026-04-12 16:42:36,Positif
sangat memuaskan,5,2026-04-12 16:42:35,Positif
"kebanyakan notifikasi tidak penting,, bahkan dijam tengah malam...",1,2026-04-12 16:42:02,Negatif
simpel dah mudah mana² tempat bisa guna so luar negeri pun bisa guna dan isi saldo pun mudah,5,2026-04-12 16:41:56,Positif
bagus,5,2026-04-12 16:40:56,Positif
susah membuat akun,1,2026-04-12 16:40:18,Negatif
Ok,4,2026-04-12 16:39:15,Positif
bagus sekali,5,2026-04-12 16:35:11,Positif
bagus,5,2026-04-12 16:29:38,Positif
the best,5,2026-04-12 16:28:22,Positif
mantap ok sangat puas,5,2026-04-12 16:28:06,Positif
bagus,5,2026-04-12 16:27:48,Positif
saya berharap fitur dana cicil aktif di DANA saya,5,2026-04-12 16:25:19,Positif
mantap,4,2026-04-12 16:23:27,Positif
kren,5,2026-04-12 16:23:08,Positif
dana dompet digital ini sangat lah bermanfaat saya suka🥰,5,2026-04-12 16:20:30,Positif
"metode dana goal tidak bisa di ganti, uninstall aja ni apk",1,2026-04-12 16:18:26,Negatif
good,5,2026-04-12 16:17:42,Positif
baguss..,5,2026-04-12 16:17:20,Positif
mantap,5,2026-04-12 16:16:32,Positif
supaya tidak ngelek,5,2026-04-12 16:15:42,Positif
ok,5,2026-04-12 16:13:57,Positif
mantap,5,2026-04-12 16:13:53,Positif
bagus,5,2026-04-12 16:12:16,Positif
transaksi ga ribet..,5,2026-04-12 16:09:43,Positif
lumayan bagus,5,2026-04-12 16:07:32,Positif
di upgrade lama banget jadi rada nyesek di dada,3,2026-04-12 16:07:23,Netral
gimana cara dapet dana cicil,2,2026-04-12 16:06:00,Negatif
Mantul,5,2026-04-12 16:05:16,Positif
mantap,4,2026-04-12 16:05:07,Positif
mantap,5,2026-04-12 16:04:30,Positif
terlalu banyak promo penipuan yang muncul di apk dana...harap berhati-hati..akun dana tidak mau bertanggung jawab kalau uang tidak masuk saat pengiriman.. dasar apk penipuan...tidak dapat di percaya,1,2026-04-12 16:04:05,Negatif
semuga muncol dana cicil sama dana instan nya,5,2026-04-12 16:03:43,Positif
saya minta aplikasi dana di aktifkan kembali,5,2026-04-12 16:02:43,Positif
oke,5,2026-04-12 16:02:20,Positif
"akun saya di tangguhkan selama 90 hari, tapi sudah lewat 90 hari tetapi tidak bisa login. mohon bantuannya pihak dana",5,2026-04-12 16:02:03,Positif
saya kasih bintang full .biar di baca.knp di akun dana saya blm ad fitur dana instan.padahal saya memakai dana udah lama,5,2026-04-12 16:01:30,Positif
sangat bagus,5,2026-04-12 15:59:50,Positif
layanannya muter muter terus.minta bantuan gak bisa.minta solusi gak bisA.,1,2026-04-12 15:59:18,Negatif
sangat memudahkan,5,2026-04-12 15:58:57,Positif
Ok,5,2026-04-12 15:53:02,Positif
bagus,5,2026-04-12 15:52:24,Positif
mantap,5,2026-04-12 15:50:54,Positif
memuaskan,5,2026-04-12 15:50:47,Positif
sangat membantu,5,2026-04-12 15:50:20,Positif
gimna cara ganti no dana yg hilang,5,2026-04-12 15:47:48,Positif
Sangat Membantu,5,2026-04-12 15:47:05,Positif
"mantap sangat membantu,maksih dana",5,2026-04-12 15:45:06,Positif
"PLS JANGAN SERING BUG DONG, AKU NGGAK BISA FAST JADINYA BUAT TRANSAKSI! 😔",5,2026-04-12 15:44:55,Positif
aku suka,5,2026-04-12 15:43:10,Positif
ternyata ngeri juga nyipan saldo di Dana punya adek baru isi langsung saldonya terkuras 1.150rb padahal bukti nya jls ada yg transfer ke no hp lain...sdh buat lapor malah saldonya gk balik...saran aj buat orang lain jangan sampe nyipan saldo di dana..apa lgi dengan nominal yg gede..,1,2026-04-12 15:41:26,Negatif
mantap,5,2026-04-12 15:41:08,Positif
Baik,5,2026-04-12 15:39:33,Positif
bagus,5,2026-04-12 15:37:43,Positif
limit dana tidak bisa di pakai,5,2026-04-12 15:36:54,Positif
ok,5,2026-04-12 15:36:36,Positif
terimakasih,5,2026-04-12 15:36:06,Positif
mantap,5,2026-04-12 15:32:30,Positif
gangguan terus mnding ada pemberitahuan nya,1,2026-04-12 15:32:13,Negatif
gimana caranya aktifin dana cicil,5,2026-04-12 15:26:05,Positif
sangat bermanfaat bagi kita,5,2026-04-12 15:25:09,Positif
mantap,5,2026-04-12 15:24:58,Positif
dana saya kok gabisa dibuka yaa ?? salahnya dmna,3,2026-04-12 15:24:54,Netral
alat pembayaran,5,2026-04-12 15:24:51,Positif
mantapp,5,2026-04-12 15:24:17,Positif
bagusss bgttt,5,2026-04-12 15:22:36,Positif
Semakin lama semakin ga jelas.,1,2026-04-12 15:22:20,Negatif
👍,3,2026-04-12 15:21:41,Netral
sangat membantu,5,2026-04-12 15:21:04,Positif
uang saya selalu kepotong 5 ribu + m@lam ini saya topup 20 tapi g masuk duitnya tolong lebih di perhatikan lagi,3,2026-04-12 15:20:57,Netral
Bagus,5,2026-04-12 15:20:47,Positif
ini kenapa yahh saya gak bisa masuk ke akun saya sama sekali ? makin hari makin anehh aja ni APK 🙈,5,2026-04-12 15:20:33,Positif
dancicil,5,2026-04-12 15:20:28,Positif
sangat membantu,5,2026-04-12 15:19:28,Positif
susah dapat fiktur dana cicil tolong,5,2026-04-12 15:18:38,Positif
paket data padahal ada kok gk bisa login dana malah koneksi internet terputus ni tolong lah pihak dana bantu hilangkan bug nya,1,2026-04-12 15:18:17,Negatif
kasih bintang5,5,2026-04-12 15:18:04,Positif
ok,1,2026-04-12 15:15:18,Negatif
tol9ng krmbalikan saldo aya krmbali,4,2026-04-12 15:14:44,Positif
sangat membantu sekali,5,2026-04-12 15:13:20,Positif
gimana ini apk dana makin kesini makin sering uang hilang terus dana di hack,1,2026-04-12 15:10:19,Negatif
"kecewa banget, katanya voucher saldo dana program ngabuburit bisa cair setelah program selesai. tapi mana gak ada sama sekali. sampai voucher habis masa berlakunya.",3,2026-04-12 15:07:02,Netral
masih pemula,2,2026-04-12 15:02:23,Negatif
Bagus tapi tidak ada dana pinjamnya,5,2026-04-12 15:02:17,Positif
sangat senang sekali bisa gunakan aplikasi ini,5,2026-04-12 15:01:08,Positif
kalo punya saldo seneng kalo GK punya saldo GK seneng,2,2026-04-12 14:59:23,Negatif
ok,5,2026-04-12 14:57:41,Positif
bagus,5,2026-04-12 14:57:40,Positif
sangat bermanfaat,5,2026-04-12 14:56:16,Positif
baik,4,2026-04-12 14:49:27,Positif
apk jelek verifikasi lama lemot banyak peraturan akibat judol hama,1,2026-04-12 14:48:51,Negatif
mantap,5,2026-04-12 14:47:52,Positif
"tb"" dana ku berkurang terus",3,2026-04-12 14:47:13,Netral
terbaik,5,2026-04-12 14:47:02,Positif
"dana nya suka ngebug,saldo teman saya tranfer ke dana saya tidak masuk,sudah di cek di riwayat pengiriman sudah selesai,tapi saldo ke dana saya tidak masuk",2,2026-04-12 14:45:00,Negatif
mantap aplikasi na,5,2026-04-12 14:44:56,Positif
Mantap,5,2026-04-12 14:43:38,Positif
ok,5,2026-04-12 14:41:32,Positif
sangat bagus,5,2026-04-12 14:39:53,Positif
layanan agak buruk karna dana cicil hya ada di akun ter tentu,1,2026-04-12 14:39:48,Negatif
BANYAK ERROR LUCU HAHAHAA BIKIN RIBET,1,2026-04-12 14:38:56,Negatif
mantaap,5,2026-04-12 14:37:08,Positif
mantap,5,2026-04-12 14:37:08,Positif
jos,4,2026-04-12 14:36:49,Positif
oke,4,2026-04-12 14:35:36,Positif
bapuk,1,2026-04-12 14:33:34,Negatif
kalo bisa tambahin fitur cetak struk,5,2026-04-12 14:31:49,Positif
mnatp,5,2026-04-12 14:30:43,Positif
mantap,1,2026-04-12 14:30:29,Negatif
"sayaa membeli kuota tapi transaksi gagal uang hangus ga di kembaliin, sama ajaa menipuuu",1,2026-04-12 14:29:15,Negatif
rate 1 lah. apk tdk bisa dibuka. sdh instal ulang sama sj. alasan koneksi.. pdhal tiktok bagus..wa lancar,1,2026-04-12 14:27:28,Negatif
mantap,5,2026-04-12 14:27:20,Positif
"ga bgt, beli paketan ga kekirim padahal saldonya udh berkurang😭😭",1,2026-04-12 14:26:45,Negatif
Ga bisa login,5,2026-04-12 14:26:01,Positif
bagus,5,2026-04-12 14:25:44,Positif
"parah dana eror mulu mau narik saldo bisnis aja kaga bisa ,cek riwayat tranfer juga kaga bisa .parah",1,2026-04-12 14:25:17,Negatif
baik,5,2026-04-12 14:24:19,Positif
👍👍👍👍,5,2026-04-12 14:22:57,Positif
Mantap belanja makin hebat dan mudah jempol tigo,5,2026-04-12 14:21:55,Positif
ko aplikasi dana cicil saya tidak ada akaes,5,2026-04-12 14:21:55,Positif
memuaskan & mempermu dah transaksi,5,2026-04-12 14:18:50,Positif
godd,5,2026-04-12 14:17:51,Positif
mantapp,5,2026-04-12 14:16:33,Positif
mudah dan cepat proses nya,5,2026-04-12 14:16:25,Positif
Good🥰,5,2026-04-12 14:15:44,Positif
fitur dana cicil ko nga ada ya saya sudah bertransaksi lebih 5jt untuk sebulan tapi tetap masih nga ada... kira kira kenapa ya,5,2026-04-12 14:13:51,Positif
"heran, di bayar dobel malah gak ACC",2,2026-04-12 14:11:52,Negatif
sangat bagus,5,2026-04-12 14:11:41,Positif
"bagus, transaksi lancar dan mudah",5,2026-04-12 14:09:58,Positif
sangat membantu,4,2026-04-12 14:09:33,Positif
puas,5,2026-04-12 14:05:47,Positif
ini puass pake aplikasi dana bisa mempermudah transaksi,5,2026-04-12 14:05:11,Positif
baik baik,5,2026-04-12 14:04:07,Positif
sangat bagus,5,2026-04-12 14:03:17,Positif
bagus,5,2026-04-12 14:01:54,Positif
ok,5,2026-04-12 14:01:46,Positif
lumayan,4,2026-04-12 14:01:35,Positif
tolong pihak dana saya kesusahan masuk akun dana saya karna harus menerima kode otp sedangkan nomor yang terdaftar di akun dana sudah tidak aktif .. biasanya saya keluar masuk akun bisa cuma masukin nomor sama pin verifikasi wajah udh bisa masuk Tampa harus terima kode otp,2,2026-04-12 14:01:07,Negatif
cukup membantu,5,2026-04-12 14:01:02,Positif
mau abgred dana premium kok susah masuk,5,2026-04-12 14:00:15,Positif
jelek,1,2026-04-12 13:57:38,Negatif
bagus,5,2026-04-12 13:56:41,Positif
susah login.. udah verifikasi wajah.. malah ngasih otp ke WA atau SMS. padahal nomernya udah gak kepake udah 3 tahun. Angus dah saldo.,2,2026-04-12 13:56:37,Negatif
siip,5,2026-04-12 13:54:15,Positif
bagus,5,2026-04-12 13:53:54,Positif
gimana caranya buka aktivitas yang gak bisa di buka,5,2026-04-12 13:52:59,Positif
joss jiss,5,2026-04-12 13:51:55,Positif
puas,5,2026-04-12 13:48:20,Positif
ok,5,2026-04-12 13:47:50,Positif
"ini kenapa dana saya pas mau klik tarik tunai atau fitur lain malah blank putih,saya mau chat customer service pun gak bisa jadi blank putih",3,2026-04-12 13:47:25,Netral
ok,4,2026-04-12 13:45:50,Positif
Bagusss,5,2026-04-12 13:45:40,Positif
mantap dana,5,2026-04-12 13:44:15,Positif
saya sangat senang memiliki akun dana karena sangat mambantu,5,2026-04-12 13:39:14,Positif
Mantap,5,2026-04-12 13:38:31,Positif
bagus,5,2026-04-12 13:36:14,Positif
sangat puas dengan pelayanan dri pihak dana,5,2026-04-12 13:35:48,Positif
bermanfaat untuk simpan uang,5,2026-04-12 13:35:38,Positif
ok pake dana buat tf dan tarik tunai,4,2026-04-12 13:35:30,Positif
bagus,5,2026-04-12 13:34:39,Positif
sangat bagus,5,2026-04-12 13:33:07,Positif
sangat membantu dan terbaik,5,2026-04-12 13:32:38,Positif
cpt dan lancar bertransaksi,5,2026-04-12 13:31:05,Positif
mantap,5,2026-04-12 13:29:06,Positif
"mohon dibantu dana cicil Saya setelah 2 kali saya pinjam dana cicil,sekarang belum bisa dipakai,mohon dibantu supaya bisa di pakai lagi dana cicil saya",5,2026-04-12 13:28:22,Positif
Bagus,5,2026-04-12 13:28:06,Positif
mantap,5,2026-04-12 13:27:18,Positif
aplikasi ini sangat membantu pokonya sukses selalu,5,2026-04-12 13:26:27,Positif
dana cicil kenapa belum bisa di akses padahal sudah lama pake dana,5,2026-04-12 13:24:53,Positif
"dana cicil ngak muncul""",5,2026-04-12 13:24:52,Positif
saya suka,5,2026-04-12 13:24:52,Positif
ok,5,2026-04-12 13:24:19,Positif
good,5,2026-04-12 13:22:18,Positif
"kenapa sa'at buka dana di hp saya ,,kok selalu koneksi internet terputus,,padahal jaringan saya kuat ..",5,2026-04-12 13:21:50,Positif
terbaik,5,2026-04-12 13:20:59,Positif
Dana memudahkan segala transaksi,5,2026-04-12 13:20:41,Positif
bagus,3,2026-04-12 13:20:15,Netral
cs nya buruk tidak dapat membantu nasabah nya aplikasi ini ilegal saldo saya di aplikasi ada 200ribu lebih dan hangus karena no hp tidak aktif ga ada solusi buat masuk malah nanya ke cs dana yg jawab bot tolol,1,2026-04-12 13:17:19,Negatif
sangat membantu,5,2026-04-12 13:16:54,Positif
sangat mudah digunakan,5,2026-04-12 13:16:37,Positif
memudahkan transaksi dan untung bisa pembayaran apapun.terima kasih kerja samanya,5,2026-04-12 13:13:32,Positif
"mantap jadi mempermudah urusan keuangan kita, bisa diambil dimana saja, walaupun kita ga bawa uang cash asal bawa hp aman tetap bisa jajan kapan saja",5,2026-04-12 13:10:20,Positif
sangat bagus,5,2026-04-12 13:09:30,Positif
mantap,5,2026-04-12 13:08:13,Positif
👍myusuf bagus🍇🍇🍇🍇,5,2026-04-12 13:07:45,Positif
"aplikasi sih sangat membantu, tapi kenapa sekarang mau ngisi pulsa pake dana gk kebuka2, mau ngisi token juga gk kebuka, mau lihat transaksi juga lama banget buka nya? tolong di perbaiki ya. kalau buat tf masih bisa, cuma yg lain bukanya lama banget",3,2026-04-12 13:06:27,Netral
sangat bagus,5,2026-04-12 13:06:08,Positif
kak kenapa semua transaksi gagal dengan alasan keamanan dan cara memperbaikinya bgmna mohon bantuannya,5,2026-04-12 13:04:28,Positif
mantap app nya,5,2026-04-12 13:03:51,Positif
mantap,5,2026-04-12 13:03:44,Positif
ok,5,2026-04-12 13:03:43,Positif
bagus sekali,5,2026-04-12 13:02:50,Positif
halo kak.. saya ga bisa dwonload nih ka,2,2026-04-12 13:01:51,Negatif
kirim duit lansung masuk lancar.. mantap👍👍,5,2026-04-12 12:59:11,Positif
kenapa aktivitas gak bisa di buka,2,2026-04-12 12:58:59,Negatif
mantab,5,2026-04-12 12:55:44,Positif
sangat baik,5,2026-04-12 12:55:17,Positif
bagus,4,2026-04-12 12:54:33,Positif
trumakasih atas tanggung jawabnya DANA yang sangat profesional mengembalikan dana sy yg hilang,5,2026-04-12 12:52:54,Positif
bagus,5,2026-04-12 12:52:43,Positif
saran ga smua org paham saldo akhir bulan gni tbtb ketarik sama app lain pdhl gue gprnh nyambung in ke dana sialan mana duit gue pas bgt buat bayar cicilan,1,2026-04-12 12:50:03,Negatif
baik,5,2026-04-12 12:49:04,Positif
sangat bagus,5,2026-04-12 12:47:12,Positif
👍,5,2026-04-12 12:45:02,Positif
"Aman dan praktis,untuk byar apa pun bisa",5,2026-04-12 12:42:45,Positif
"aplikasih dana nya bener"" bagus dan terbaik",5,2026-04-12 12:42:44,Positif
sangat membantu,4,2026-04-12 12:42:00,Positif
gua beri bintang 4 karena pt merespon dan membalas permasalahan 👌 jika di balas gua tambahin bintang nya,4,2026-04-12 12:41:03,Positif
"Aplikasi dana bagus dan sangat bermanfaat untuk simpan uang,bayar/transfer mudah simpel dan sistem pengelolaan Profesional dan terpercaya.recomended.",5,2026-04-12 12:40:35,Positif
mantap,5,2026-04-12 12:40:33,Positif
aplikasi yg berguna,4,2026-04-12 12:39:04,Positif
ok,5,2026-04-12 12:38:33,Positif
aman min,5,2026-04-12 12:37:39,Positif
transaksi mudah dan cepat,5,2026-04-12 12:36:59,Positif
matap,5,2026-04-12 12:36:40,Positif
oke,5,2026-04-12 12:35:46,Positif
sangat bagus,5,2026-04-12 12:34:48,Positif
"hai dana, kenapa dana saat ini tidak dapat mencetak dan mengunduh qris toko? ketika ingin mengunduh selalu di alihkan ke pengaturan, sedangkan semua izin telah di berikan tidak ada izin di tolak.!!!",5,2026-04-12 12:34:12,Positif
oke,5,2026-04-12 12:33:34,Positif
AWAS HATI HATI ! banyak hacker dari orang dalam mengintai akun anda. banyak kasus akun dana tiba tiba tidak bisa digunakan. segera kosongkan dan tinggalkan aplikasi berbahaya ini,4,2026-04-12 12:32:24,Positif
bes,5,2026-04-12 12:29:14,Positif
mantap,5,2026-04-12 12:28:02,Positif
sangat bagus 👍👍👍,5,2026-04-12 12:27:58,Positif
Apk DANA saya kok tidak ada Fitur DANA Cicil????,4,2026-04-12 12:27:12,Positif
"terima kasih. dengan adanya, aplikasi ini, urusan semakin praktis.",5,2026-04-12 12:23:25,Positif
mantap,5,2026-04-12 12:21:54,Positif
bagus,5,2026-04-12 12:20:24,Positif
👍,5,2026-04-12 12:19:36,Positif
gabisa ngirim ke bank.,3,2026-04-12 12:18:30,Netral
bagus bngt pokoknya,5,2026-04-12 12:17:53,Positif
sangat bagus,5,2026-04-12 12:17:45,Positif
dana pokonya mantap mudah cepat tepat,5,2026-04-12 12:17:29,Positif
Sngt bgus,5,2026-04-12 12:16:07,Positif
sangat puas sekali,5,2026-04-12 12:15:51,Positif
payment digital paling hina yg saya pernah saya coba,5,2026-04-12 12:15:21,Positif
bagus tapi cuman kalo top up game pajak biaya admin nya terlalu mahal sekali,3,2026-04-12 12:13:49,Netral
mantap,5,2026-04-12 12:13:14,Positif
Apk Dana memang yang terbaik,4,2026-04-12 12:12:59,Positif
bagus,5,2026-04-12 12:12:52,Positif
sempurna mantul terbantu sekali makasih dana 🙏💜,5,2026-04-12 12:12:04,Positif
"aplikasi ga jelas, mau ganti pin bermasalah pas hubungi botnya malah tambah pusing",1,2026-04-12 12:06:42,Negatif
memuaskan,5,2026-04-12 12:06:39,Positif
semoga keamanan nya lebih di tingkatkan,5,2026-04-12 12:06:22,Positif
nice,5,2026-04-12 12:04:33,Positif
Transaksi bagusss,3,2026-04-12 12:03:29,Netral
bagus sangat membatu,5,2026-04-12 12:00:01,Positif
"Gue kirim dana ke Gopay, udah bayar admin 999, eh malah kena potong lagi. gue kirim 66 ribu malah nyampe 65 ribu. yang jelas aja deh",3,2026-04-12 11:59:46,Netral
sesudah update mlah lemot apa lg kirim ke teman atau gopay ... lama.na astaga ... update.an gak jelas,1,2026-04-12 11:59:31,Negatif
sangat bagus..mudah dan pintar,5,2026-04-12 11:57:31,Positif
sangat bagus,5,2026-04-12 11:57:22,Positif
sementara ini lancar jaya,5,2026-04-12 11:56:52,Positif
membantu,3,2026-04-12 11:56:12,Netral
aplikasi ini paling bagus.. 👍,5,2026-04-12 11:56:07,Positif
kenapa dana ini suka mencopot sendiri,1,2026-04-12 11:55:34,Negatif
baik,5,2026-04-12 11:55:23,Positif
mantap,5,2026-04-12 11:52:31,Positif
"sangat membantu dalam bertransaksi, dan sangat mudah untuk digunakan.",5,2026-04-12 11:52:20,Positif
dapet cuan,5,2026-04-12 11:50:49,Positif
Oke trimakasih,4,2026-04-12 11:49:21,Positif
praktis,5,2026-04-12 11:49:15,Positif
maaf min kenapa saya beli kuota di dana tertulisnya 17 GB 3 hari masuk cuma 7 GB kenapa,2,2026-04-12 11:49:11,Negatif
"payah, susah banget buat transfer.padahal sudah premium",1,2026-04-12 11:48:37,Negatif
bagus,5,2026-04-12 11:48:19,Positif
wah aplikasi ini sangat bagus dan sangat membantu TF dulu dong 100,5,2026-04-12 11:46:36,Positif
bagus jir bagi 100k dong,5,2026-04-12 11:46:06,Positif
jos jis,5,2026-04-12 11:42:36,Positif
sangat membantu sekali,5,2026-04-12 11:42:15,Positif
oke,5,2026-04-12 11:40:41,Positif
OK 👍,5,2026-04-12 11:39:30,Positif
haloo pihak DANA gimana ini saya kehilangan Saldo dana saya rp 500k.. tiba tiba terkirim ke akun dana Indosat yang tidak saya ketahui dan tidak saya setujui.. kenapa bisa diretas orang lain akun DANA saya... kalian para admin DANA jangan bilang aman aman saja tentang pengawasan aplikasi DANA kalian... munafik kalian. saya sudah kehilangan uang saya di saldo DANA..,1,2026-04-12 11:39:19,Negatif
ok sangat baik,5,2026-04-12 11:37:58,Positif
layanan cepat,4,2026-04-12 11:37:37,Positif
saya mau mencetak qris udah di tunggu 7 hari lebih belum tercetak juga qris nya,2,2026-04-12 11:37:20,Negatif
"sangat puas, di kembangkan lagi min👍",5,2026-04-12 11:37:11,Positif
baik,5,2026-04-12 11:35:20,Positif
Dana sangat diperlukan untuk berbagai transaksi,1,2026-04-12 11:34:10,Negatif
dengan dana semua dimudahkan,5,2026-04-12 11:32:43,Positif
bagus,5,2026-04-12 11:32:43,Positif
awalnya mls pakai aplikasi ini tapi dana menjawab semua kebutuhan saya dgn mudah dan hemat terimakasih dana semoga lbh baik kedepannya dan visioner tentunya jaya selalu dana 🙏👍,5,2026-04-12 11:30:34,Positif
saya kasih bintang empat karena kalo saya mau beli atau bayar itu nggak bisa kayak ada peringatan nya gitu jadi saya kalo mau bayar repot dong,4,2026-04-12 11:28:47,Positif
mantap,5,2026-04-12 11:28:28,Positif
di hp lambat amat ni aps,4,2026-04-12 11:28:16,Positif
ok,2,2026-04-12 11:27:45,Negatif
sangat bagus,5,2026-04-12 11:27:37,Positif
sayang tagihan dh lunas tapi masih ada pemberitahuan keterlambatan,3,2026-04-12 11:26:57,Netral
jadi ada pembaharuan diri tapi gak bisa dibuka,5,2026-04-12 11:26:10,Positif
tidak muncul dana cicil,5,2026-04-12 11:24:53,Positif
"Berhenti saya pake dana, Saya ada keluhan ga pernah selesai sampai sekarang, Perbaikin lah woy jangan ngecewain pengguna, mana ada uang di dana nya",1,2026-04-12 11:24:45,Negatif
"kenapa saya mau login tapi selalu ada ,ups sedang ada kendala dan itu bukan satu jam dua jam,saya juga sudah ganti jaringan sana sini, dri mulai data pribadi , wi-fi , hotspot , saya ga bisa masuk ke akun dana saya, saya harap pihak dana bisa menjelaskan",4,2026-04-12 11:23:16,Positif
Ok,5,2026-04-12 11:22:25,Positif
kok dana ku gk bisa daftar,3,2026-04-12 11:21:37,Netral
mantap,5,2026-04-12 11:19:43,Positif
Dana bisnis menjahit.,5,2026-04-12 11:19:31,Positif
bagusss banget lah,5,2026-04-12 11:17:29,Positif
bagus,5,2026-04-12 11:10:47,Positif
stuck di passkey,1,2026-04-12 11:09:45,Negatif
saya tidak melakukan transaksi tapi uang hilang,1,2026-04-12 11:09:36,Negatif
sering masuk pencuri dana,1,2026-04-12 11:08:20,Negatif
saya kasik bintang 2 karena saya sudah lama main dana tapi ngak muncul dana cicil nya sedangkan kawan saya baru daftar sudah bisa,2,2026-04-12 11:07:12,Negatif
recomended pokoknya,5,2026-04-12 11:06:39,Positif
good,5,2026-04-12 11:06:30,Positif
"banyak manfaatnya,,",5,2026-04-12 11:01:43,Positif
bagus,5,2026-04-12 11:01:29,Positif
qris dana sekarang ga bisa di pake...udah ga bener,1,2026-04-12 11:00:56,Negatif
mantap,5,2026-04-12 11:00:14,Positif
tolong dong ada in dana cicil di akun dana saya,5,2026-04-12 10:58:53,Positif
bagus,5,2026-04-12 10:58:34,Positif
sangat membatu dan mempermudah segalanya,5,2026-04-12 10:58:20,Positif
"sangat membantu sejauh ini,semoga tetep normal dan aman sampai kedepannya.",5,2026-04-12 10:56:31,Positif
cepet ga ribet,5,2026-04-12 10:52:50,Positif
sangat sangat mantap,5,2026-04-12 10:52:04,Positif
mohon tingkat kan lg mantap,5,2026-04-12 10:51:33,Positif
jaringan bagus tapi loading ga bisa masuk,1,2026-04-12 10:51:27,Negatif
sngt memuaskan,5,2026-04-12 10:51:21,Positif
Bagus dan membantu,5,2026-04-12 10:51:18,Positif
ok,5,2026-04-12 10:49:39,Positif
Sangat baik,5,2026-04-12 10:48:39,Positif
bermanfaat bagi orang orang 🙏🏻 terimakasih DANA,5,2026-04-12 10:48:00,Positif
mantap,5,2026-04-12 10:47:01,Positif
bbaik,5,2026-04-12 10:46:10,Positif
joz,5,2026-04-12 10:44:59,Positif
Bagus,5,2026-04-12 10:44:59,Positif
sangat puas,5,2026-04-12 10:44:49,Positif
Sangat membantu ❤️,5,2026-04-12 10:43:25,Positif
bagus,5,2026-04-12 10:42:50,Positif
membantu transaksi,5,2026-04-12 10:38:31,Positif
kadang suka lemot itu aja,4,2026-04-12 10:38:09,Positif
bagus,5,2026-04-12 10:37:41,Positif
like,5,2026-04-12 10:37:39,Positif
aplikasi bagus,4,2026-04-12 10:36:25,Positif
sangat membantu untuk bertransaksi,5,2026-04-12 10:36:09,Positif
BAGUSSSS,5,2026-04-12 10:35:59,Positif
baguss,5,2026-04-12 10:35:41,Positif
kok setiap transaksi tetap ada bayaran nya,3,2026-04-12 10:32:34,Netral
good,5,2026-04-12 10:31:26,Positif
sangat menarik,5,2026-04-12 10:30:57,Positif
mantap,5,2026-04-12 10:28:12,Positif
oke ini sngat membantu bnyak orang,5,2026-04-12 10:28:10,Positif
terimakasih 🙏,5,2026-04-12 10:27:34,Positif
mantap 👍👍,5,2026-04-12 10:27:29,Positif
playanan di dana buruk,1,2026-04-12 10:27:29,Negatif
sangat puas,5,2026-04-12 10:26:36,Positif
oke,5,2026-04-12 10:24:10,Positif
Mantap,5,2026-04-12 10:21:41,Positif
Terima kasih sahabat ku w,5,2026-04-12 10:21:41,Positif
Alhamdulillah,5,2026-04-12 10:21:01,Positif
mantap dan terpercaya,5,2026-04-12 10:19:27,Positif
TERBAIIIIKKKKK 😎👍,5,2026-04-12 10:16:23,Positif
bermanfaat,4,2026-04-12 10:15:45,Positif
mantap,5,2026-04-12 10:15:20,Positif
aplikasi tolol uang saya hilang sudah 2 kali banyak pendingnya yg pertama 100k yg hari ini 50k gaada masuk sampai sekarang gausah pakai dana pakai yg lain aja,1,2026-04-12 10:12:45,Negatif
mantap gimana cara mendapatkan dana instan,5,2026-04-12 10:12:27,Positif
"ko gampang banget kebobolan udah di awasi OJK Lum sih . punya istri saya tiba"" ada tanggihan terus duit ny ilang juga .",1,2026-04-12 10:10:29,Negatif
kenapa akun aku gak bisa masuk mohon penjelasan,5,2026-04-12 10:08:22,Positif
aplikasi yang memberikan manfaat positif,5,2026-04-12 10:07:03,Positif
bagaimana caranya login ke akun dana tp nomornya sudah hilang ? soalnya ada saldo di dalamnya,5,2026-04-12 10:06:13,Positif
mantap,4,2026-04-12 10:05:15,Positif
mantapp,5,2026-04-12 10:05:10,Positif
alhamdulillah dana mempermudah transaksi pembayaran tp tolong di tingkatkan lg privasi nya 🙏🙏,5,2026-04-12 10:03:26,Positif
sangat membantu,5,2026-04-12 10:00:17,Positif
aktifkan dana cicil,5,2026-04-12 10:00:04,Positif
dari pagi sampe sore gak bisa hapus akun dana saya di playatore aneh .tolong perbaiki lah woy,2,2026-04-12 09:59:53,Negatif
membantu bgt tu bayar ini itu,5,2026-04-12 09:56:07,Positif
"kenyamanan customer harus prioritas,dan cs harus manusia biasa bukan robot yg dikerjakan",5,2026-04-12 09:51:35,Positif
padahal niat saya mau tak jadikan dompet harian . di TOPUP bisa buat kirim tidak bisa tiap hari sudah laporan ke customer service. saya mau tarik semua aja & mau pindah ke app sebelah,1,2026-04-12 09:46:40,Negatif
ok,5,2026-04-12 09:44:01,Positif
memuaskan,5,2026-04-12 09:42:45,Positif
bagus,5,2026-04-12 09:41:25,Positif
bisa tambah event hadiah,5,2026-04-12 09:40:44,Positif
bagusssss,5,2026-04-12 09:40:25,Positif
sangat bagus dan gampang di gunakan,5,2026-04-12 09:36:23,Positif
mantap,5,2026-04-12 09:35:30,Positif
Perbaiki Terus Sistem Keamanan Konsumennya Dari Berbagai Kejahatan Siber Keuangan,4,2026-04-12 09:35:21,Positif
ok cocok buat pemakaian sehari2,5,2026-04-12 09:33:59,Positif
bangsatt..kalo mau narik duit konfirmasi dulu lahh. 360ribu tokai duit gue raib,1,2026-04-12 09:32:05,Negatif
sangat membantu,5,2026-04-12 09:31:12,Positif
ga guna fake dana udah lama sering transaksi bukan nya di kasih dana cicil malah di kasih dana cicilan sama dana+ buat apa coba,1,2026-04-12 09:31:06,Negatif
aneh temen² yg lain ada fitur dana cicil sedangkan saya udh lama pake dana transaksi per bulan 4jt Tpi tetep ga muncul fitur dana cicil kocak,1,2026-04-12 09:29:32,Negatif
sangat bagus,5,2026-04-12 09:29:05,Positif
ok,5,2026-04-12 09:27:26,Positif
sangat membantu dalam bertransaksi.,5,2026-04-12 09:26:06,Positif
bagus,5,2026-04-12 09:22:31,Positif
mantaafff,5,2026-04-12 09:20:05,Positif
sangat bagus,5,2026-04-12 09:10:22,Positif
"bertahun-tahun pakai aplikasi ini,cuma buat transaksi doang... gak ada item dana cicil,sama dana pinjam... gak ngebantu KLO lagi butuh...",2,2026-04-12 09:10:17,Negatif
oke,5,2026-04-12 09:10:08,Positif
lumayan,5,2026-04-12 09:09:55,Positif
baik,5,2026-04-12 09:08:04,Positif
Yaman sekali menggunakan aplikasi dana ini,5,2026-04-12 09:07:59,Positif
awesome,4,2026-04-12 09:03:10,Positif
luar biasa,5,2026-04-12 09:03:01,Positif
Bagus,5,2026-04-12 09:00:02,Positif
aman bgttt,5,2026-04-12 08:56:54,Positif
mantap,5,2026-04-12 08:53:59,Positif
lumayan bagus.tapi kadang ada potongan,5,2026-04-12 08:52:11,Positif
sangat bagus,5,2026-04-12 08:50:59,Positif
aplikasi yg bgus,5,2026-04-12 08:50:50,Positif
puas,5,2026-04-12 08:49:54,Positif
gimana caranya mengaktifkan peylater,5,2026-04-12 08:48:52,Positif
nyaman banget,5,2026-04-12 08:48:22,Positif
sungguh bagus,5,2026-04-12 08:47:57,Positif
sangat bagus,5,2026-04-12 08:47:31,Positif
mantap,5,2026-04-12 08:46:41,Positif
transaksi digital yang sangat spektakuler,5,2026-04-12 08:45:46,Positif
bagus sekali,5,2026-04-12 08:43:05,Positif
bagus,5,2026-04-12 08:38:08,Positif
bagus minus belum bisa Dana cicil,5,2026-04-12 08:37:26,Positif
sangatlah bagus,5,2026-04-12 08:34:37,Positif
"kan disuruh update ke dana premium, nah udah diikutin tuh ehh ujung'nya malah terulang dan udah beberapa kali jadi kalau mau membayar gak bisa🫪",1,2026-04-12 08:34:15,Negatif
ok,5,2026-04-12 08:33:12,Positif
lumayan,4,2026-04-12 08:32:16,Positif
semoga dpt dana cicil,5,2026-04-12 08:26:32,Positif
sangat puas,5,2026-04-12 08:26:24,Positif
sangat memudahkan akses pengiriman dana,5,2026-04-12 08:25:30,Positif
mntap,5,2026-04-12 08:25:28,Positif
good job,5,2026-04-12 08:23:24,Positif
puas,5,2026-04-12 08:20:52,Positif
dana cicilan kosong,5,2026-04-12 08:20:11,Positif
sangat baik dan membantu 👍,5,2026-04-12 08:18:05,Positif
bagus,4,2026-04-12 08:17:49,Positif
sangat membantu untuk transaksi apapun 👍🏻👍🏻👍🏻👍🏻,5,2026-04-12 08:17:13,Positif
"sangat membantu, trimakasih dana.",5,2026-04-12 08:15:44,Positif
ok,5,2026-04-12 08:14:58,Positif
BagusMbatu,5,2026-04-12 08:13:27,Positif
Saya punya saldo 50 di dana Dan tesedott langsunggg bayar ke spotify INI GIMANA SIIIIHHHHHH tanpa persetujuaan langsung tersedot ajaa ya allah DIKIRA GAMPANG APA CARI DUID??????,1,2026-04-12 08:12:18,Negatif
kenapa dana cicilan saya tidak muncul,5,2026-04-12 08:11:50,Positif
dana cicil saya ko ga bisa d gunakan,5,2026-04-12 08:06:10,Positif
tolong muculkan dana cicil,5,2026-04-12 08:05:58,Positif
manatap,5,2026-04-12 08:04:29,Positif
luar biasa aman dan terpecaya,5,2026-04-12 08:04:01,Positif
Aplikasi Dana sangat mendukung dibidang pengelolaan uang di masyarakat,5,2026-04-12 08:02:56,Positif
"sangat membantu untuk kebutuhan transaksi sehari"" lebih mudah dan simple",5,2026-04-12 07:59:20,Positif
mudah mudahan bisa muncul sana cicil,5,2026-04-12 07:58:45,Positif
setiap cek aktipasi ga ada,1,2026-04-12 07:58:35,Negatif
gajelas tb tb bayar sndiri,1,2026-04-12 07:54:30,Negatif
mantap,5,2026-04-12 07:51:26,Positif
ini mohon bug atau apa saya daftar tapi selesai masukin nomor wa langsung di suruh otp tapi belum di suruh buat otp nya aneh banget,1,2026-04-12 07:47:13,Negatif
apk danaa gak karuan masaa iyaah uang saya ilang 220k padahal akun saya udah saya amanin,1,2026-04-12 07:45:51,Negatif
sangat puas,5,2026-04-12 07:43:36,Positif
sangat simpel,5,2026-04-12 07:42:17,Positif
ngak tau setiap saya simpan saldo saya di dana tiba tiba hilang... saya jg bingung mau complain terkait masalah ini... semalam saya isi saldo dana saya skarang sisa nol rupiah... mudah di retas... mohon tolong admin dan penanggung jawab dana bantu solusi... tolong cantumkan nomor kontak darurat atau kontak pelayanan nya...,1,2026-04-12 07:41:40,Negatif
DANA sangat memuaskan...,5,2026-04-12 07:41:00,Positif
aplikasi yg sangat membantu untuk TF dan terima uang,5,2026-04-12 07:38:55,Positif
bagus nanti saya tambah lagi bintangnya,3,2026-04-12 07:38:46,Netral
jos tenan,5,2026-04-12 07:36:28,Positif
transaksi lebih cepat,5,2026-04-12 07:36:06,Positif
ups,5,2026-04-12 07:31:45,Positif
aplikasi nya bagus tapi pas mau unduh qr masuk ke info aplikasi,5,2026-04-12 07:31:16,Positif
bagus,5,2026-04-12 07:31:12,Positif
cara aktifin dana cicil,4,2026-04-12 07:28:42,Positif
saldo saya tiba tiba hilang dan dari pihak dana tolong dong kembalikan saldo saya,5,2026-04-12 07:26:01,Positif
paling terbaik,5,2026-04-12 07:25:12,Positif
ok,5,2026-04-12 07:25:01,Positif
tlong d bantu masak akun sendri verivikasi wajah slalu gagal tolong d bantu admin biar Bs login,4,2026-04-12 07:18:10,Positif
bagus 👍,5,2026-04-12 07:15:42,Positif
mntap,5,2026-04-12 07:14:01,Positif
baik,5,2026-04-12 07:10:20,Positif
oke,5,2026-04-12 07:09:24,Positif
ok,5,2026-04-12 07:08:31,Positif
Oke bagus,5,2026-04-12 07:07:01,Positif
sangat bermanfaat dana membantu dengan mudah dalam transaksi,5,2026-04-12 07:06:43,Positif
ok,5,2026-04-12 07:03:53,Positif
Dana sya ga ada sya downlod lgi blm keluar.,5,2026-04-12 07:02:05,Positif
ok mantap,5,2026-04-12 07:00:58,Positif
tolong bantu login kak,1,2026-04-12 07:00:00,Negatif
ok,5,2026-04-12 06:59:58,Positif
ok,5,2026-04-12 06:59:19,Positif
sangat puas,5,2026-04-12 06:57:42,Positif
mantap,5,2026-04-12 06:56:09,Positif
"aplikasi jelek gk aman nyimpen duit disini,suka hilang trus tidak bertanggung jawab jika customer nya kehilangan uang d disni",1,2026-04-12 06:53:38,Negatif
beri 4 bntang dulu nanti kalau cococ tmbh 1 btang lgi,4,2026-04-12 06:51:52,Positif
sangat bagus,5,2026-04-12 06:51:38,Positif
aplikasi yg sangat membantu sekali,5,2026-04-12 06:51:37,Positif
ok,5,2026-04-12 06:50:14,Positif
aplikasi sangat ok,5,2026-04-12 06:45:16,Positif
sangat membantu,5,2026-04-12 06:42:25,Positif
sangat baik,5,2026-04-12 06:39:46,Positif
senang,5,2026-04-12 06:39:24,Positif
tidak ada biaya admin gratis transfer ke,5,2026-04-12 06:38:58,Positif
aman terpercaya,5,2026-04-12 06:37:57,Positif
simple dan praktis,5,2026-04-12 06:37:40,Positif
sayah memakai dana lebih dari 3 tahun tapi kenapa fitur dana cicil nya tidak ada tolong kerja samanya,3,2026-04-12 06:37:13,Netral
good,5,2026-04-12 06:35:38,Positif
sukaa bngtt N membantu Skali,5,2026-04-12 06:33:41,Positif
jos,5,2026-04-12 06:32:12,Positif
kenpa hp sy smsung j2prime tdk bs buka dana,2,2026-04-12 06:32:08,Negatif
sangat mnyenangkan,5,2026-04-12 06:29:00,Positif
mantap transaksinya,5,2026-04-12 06:27:26,Positif
"limit dana cicil tetap tidak bisa di gunakan, padahal tidak ada tagihan",2,2026-04-12 06:26:10,Negatif
sangat membantu,5,2026-04-12 06:24:36,Positif
saya ingin mengakses fitur dana cicil,5,2026-04-12 06:24:20,Positif
aktivitasnya lambat,4,2026-04-12 06:23:55,Positif
bagus keluar GK usah bwa uang tinggal TF dan scan,5,2026-04-12 06:21:58,Positif
"dana bisnis kocak duit Mao di pake tx pake atas nama sendiri cuma beda bank di hold 24jam , bintang 1 cuih",1,2026-04-12 06:17:23,Negatif
👍,5,2026-04-12 06:16:56,Positif
Sangat membantu,5,2026-04-12 06:16:47,Positif
👍👍,5,2026-04-12 06:15:58,Positif
siiiip,5,2026-04-12 06:15:53,Positif
bagus,5,2026-04-12 06:13:01,Positif
"jangan pakai dana deh tiba2 duit kepotong tanpa persetujuan sendiri, namanya penipuan main ambil potong duit org aja yang belum pernh makai jangan mau makai deh, yang udh pakai mending ngk ush di pakai",1,2026-04-12 06:09:27,Negatif
transaksi selalu gagal giliran proteksinya tetap di potong,1,2026-04-12 06:07:30,Negatif
mantap,5,2026-04-12 06:06:48,Positif
Mohon maaf ke pada dana tapi saya ingin mengeluh tentang verifikasi dana premium katanya harus memakai KTP fisik dan saya sudah memakai KTP fisik dan tidak bisa. saya sudah coba berkali2 tapi tetap tidak bisa sampai saya harus mencoba ulang bulan depan padahal di dana saya sudah ada 300k bisakah dipertimbangkan?,1,2026-04-12 06:05:00,Negatif
bagus tapi kali kali kirim buat ft cs,5,2026-04-12 06:04:58,Positif
BagusMbatu,5,2026-04-12 06:02:54,Positif
nice,5,2026-04-12 06:00:22,Positif
sangat suka,5,2026-04-12 05:59:57,Positif
tanpa ribet. tooop dech!!!!,5,2026-04-12 05:59:56,Positif
tolong perbaiki fitur dana cicil saya tidak muncul²,5,2026-04-12 05:58:23,Positif
sangat baik,5,2026-04-12 05:53:52,Positif
sangat membantu,5,2026-04-12 05:53:35,Positif
bagus,5,2026-04-12 05:50:38,Positif
error mlu pas ingin bertransaksi.,1,2026-04-12 05:46:59,Negatif
"kasih fitur blokir untuk seseorang yang mencoba memasuki akun min, soalnya udah setiap jam akun saya ada yang mau masuk",1,2026-04-12 05:46:39,Negatif
force close terus setelah update terakhir :(,1,2026-04-12 05:45:43,Negatif
cepat dan Amanah,5,2026-04-12 05:45:38,Positif
"aplikasi paling buruk yg pernah ada,, transaksi selalu terjadi tanpa pengetahuan pemilik,, terutama selalu terjadi di youtube setiap ngisi ulang dana banyak selalu saja di potong 61rb,, paling tidak lewati dulu lah dari verifikasi dari hak pemilik,,",1,2026-04-12 05:43:25,Negatif
ok,5,2026-04-12 05:43:09,Positif
Ok,5,2026-04-12 05:42:36,Positif
sangat membantu,5,2026-04-12 05:42:32,Positif
sangat baik,5,2026-04-12 05:41:45,Positif
good,5,2026-04-12 05:40:15,Positif
mudah dn untuk melakukan hal sesuatu,5,2026-04-12 05:39:31,Positif
mantap,5,2026-04-12 05:36:15,Positif
"aku gatau mengapa dengan aplikasi dana ini. saat aku punya dana 100k, besok nya tiba-tiba terdapat transaksi yang tidak pernah aku setujui. tolong aku sangat kecewa mengapa hal ini bisa terjadi",1,2026-04-12 05:31:36,Negatif
akun saya sudah 7 tahun lebih transaksik sering tapi masih belum muncul dana cicil nya tolong PERBAIKI,2,2026-04-12 05:30:45,Negatif
aplikasi dana bagus tapi dua bikin kesal 1 pas isi saldo dana berkurang -500 apalagi kalau lagi belanja kaya paket data atau sebagai nya itu berkurang -500 terus 2. kalau mau upgrade tu kan untuk para mahasiswa yg masih sekolah umur 11-15 itu tolong tambah upgrade nya yg pakai kartu identitas anak bukan yg pakai nomor orang tua kan orang GK daftar aplikasi dana jadi untuk para mahasiswa kalau mau upgrade kirim nya jadi susah karna harus upgrade pakai KTP orang tua,4,2026-04-12 05:30:03,Positif
baik,5,2026-04-12 05:29:04,Positif
Memudahkan,5,2026-04-12 05:28:07,Positif
bagus banget aplikasi dana ini,5,2026-04-12 05:28:00,Positif
suguh membantu,5,2026-04-12 05:27:19,Positif
Sangat bagus untuk alat pembayaran dan gak rumit mantap.,5,2026-04-12 05:24:01,Positif
sangat bagus,5,2026-04-12 05:23:12,Positif
sangat bagus dan terpercaya,5,2026-04-12 05:23:05,Positif
dana cicil membantu,5,2026-04-12 05:21:54,Positif
mantap,5,2026-04-12 05:21:10,Positif
oke,5,2026-04-12 05:19:25,Positif
sangat membantu,5,2026-04-12 05:18:04,Positif
tolong muncul kan dana cicil,3,2026-04-12 05:15:54,Netral
bagus,5,2026-04-12 05:15:12,Positif
sangat memuaskan untuk bertransaksi mudah dan aman,5,2026-04-12 05:14:40,Positif
terlalu banyak update sehingga akun saya di kunci tiba tiba,1,2026-04-12 05:13:38,Negatif
sangat puas,5,2026-04-12 05:10:57,Positif
👍,5,2026-04-12 05:09:51,Positif
percuma ada layanan cs tapi penanganan komplain lama harus nggu 18 hari itu pun ujung2nya dengan jawaban yang g jelas aplikasi sebesar ini sangan mengecewakan,1,2026-04-12 05:09:12,Negatif
good cuman gak ada dana cicil,5,2026-04-12 05:08:27,Positif
sangat bagus,5,2026-04-12 05:08:21,Positif
sangat puas dan membantu,5,2026-04-12 05:08:07,Positif
buat transaksi apa aja memang sangat cepat....cuma satu hal...fitur dana cicil di aplikasi dana saya ga ada...sementara temen2 saya pake dana ada dana cicilnya....padahal aplikasi sama...pemakaian juga dah lebih dari 3thun...,4,2026-04-12 05:07:34,Positif
bagus aja sihh,5,2026-04-12 05:06:15,Positif
sangat bagus,4,2026-04-12 05:05:46,Positif
Alhamdulillah... sangat membantu dan memudahkan,5,2026-04-12 05:02:53,Positif
"cepat, mudah...",5,2026-04-12 05:01:39,Positif
ok,5,2026-04-12 05:00:52,Positif
apk nya mantab,5,2026-04-12 05:00:43,Positif
apk gjls kehilangan saldo kok g ada tanggung jawabnya,1,2026-04-12 04:59:05,Negatif
saldo gua hilang disini.,1,2026-04-12 04:58:55,Negatif
bagus,5,2026-04-12 04:58:53,Positif
Dana sangat membantu aktivitas transaksi saya..,5,2026-04-12 04:58:52,Positif
APASIH DANA KOK JADI GAK BISA TOP UP? MAU PAYMENT DI TIKTOK SHOP JUGA JADI SUSAH BIASANYA JUGA GAK KAYA GINI BENER BENER JELEKKKK,2,2026-04-12 04:53:40,Negatif
saya merasa senang,5,2026-04-12 04:53:00,Positif
dana mantap,5,2026-04-12 04:52:33,Positif
min saya lupa ps sama no hp hilang gimana nya cara benerin nya,2,2026-04-12 04:51:32,Negatif
Aplikasi yang cepat stabil,5,2026-04-12 04:51:18,Positif
Aktif kan fitur dana cicil,4,2026-04-12 04:51:04,Positif
sangat puas,5,2026-04-12 04:50:36,Positif
ok,5,2026-04-12 04:48:07,Positif
Dana Selalu Pilihan No 1 Dompet Digital Indonesia 🥳,5,2026-04-12 04:44:04,Positif
bagus sangat,5,2026-04-12 04:43:52,Positif
bagus,5,2026-04-12 04:40:34,Positif
sangat bagus,5,2026-04-12 04:39:46,Positif
memuaskan kali🫰👍,4,2026-04-12 04:38:58,Positif
pokok nya mantap..,5,2026-04-12 04:38:24,Positif
bagus,5,2026-04-12 04:37:51,Positif
et gw dari kemaren pen ganti nomor hp kagak masuk2 lawak otp nya 🫩,1,2026-04-12 04:36:54,Negatif
sangat membantu,5,2026-04-12 04:34:09,Positif
mantap,5,2026-04-12 04:33:35,Positif
ingin muncul dana cicil,5,2026-04-12 04:29:34,Positif
baik,5,2026-04-12 04:28:34,Positif
mantabbb jobbb,5,2026-04-12 04:28:30,Positif
aplikasi dana taik . nomor uda gak aktif bisa2 nya berhasil ngirim uang. kalo sudah ga aktif harusnya di blokir . uda lapor sana sini hasilnya zonk . kembalikan uang ku 350 . aku ada bukti mutasi dr rekeningku !!!,1,2026-04-12 04:27:53,Negatif
mantul,5,2026-04-12 04:26:30,Positif
"untuk transaksi aman cepat dan nyaman ,tapi terkdang tidak ada fitur yang lain",5,2026-04-12 04:18:07,Positif
gak bisa login dana yang sudah update,1,2026-04-12 04:15:58,Negatif
knapa aplikasi dana pindah hp ga bisa d buka,2,2026-04-12 04:15:53,Negatif
"Salam untuk Tim Dana... saya sudah pernah instal Dana sebelumnya,tapi mungkin karena KTP yang kabur sehingga tidak pernah menjadi Premium akhirnya, saya hapus.setelah lama terhapus, saya kemudian install lagi, tapi sudah lupa bahwa KTP saya kabur dan tidak bisa dipakai untuk upgrade ke Premium, dan tiba-tiba saya pakai menerima transfer mendadak dari keluarga, yang mana itu tidak bisa ditarik tunai atau transfer lagi. Mau dihapus tapi sayang masih ada isinya. Semoga Tim Dana bisa punya solusi.",4,2026-04-12 04:06:35,Positif
kecewa dengan dana sekarang kalau di buka selalu ngabug berhenti,5,2026-04-12 04:05:53,Positif
"dana ni kenapa ya sekarang, susah banget mau ngirim, saya klik kirim e-wallet aja gak bisa bisa, pas udh bisa malah loading lama banget, gak jelas amat. buang2 waktu aja",2,2026-04-12 04:02:19,Negatif
"tolong diperbaiki dana plus agar bisa digunakan..karna sudah clear cache,restart aplikasi,update aplikasi tetap tidak bisa dibuka",5,2026-04-12 04:00:50,Positif
bagus,5,2026-04-12 03:59:55,Positif
bagus,5,2026-04-12 03:58:01,Positif
aplikasi ini sangat bagus dan membantu,5,2026-04-12 03:55:26,Positif
sangat membatu banget untuk transaksi jarak jauh.lebih episen.,5,2026-04-12 03:52:45,Positif
apk sejuta umat Indonesia,5,2026-04-12 03:50:30,Positif
fitur dana cicilny gak ad,1,2026-04-12 03:47:12,Negatif
semoga bermanfaat,5,2026-04-12 03:45:46,Positif
keren,5,2026-04-12 03:43:28,Positif
apikkk,5,2026-04-12 03:42:45,Positif
👍🏻,4,2026-04-12 03:42:26,Positif
"jangan pake akun ini ... uang hilang tanpa melakukan transaksi apapun 700 rb , ga aman pokonya",1,2026-04-12 03:34:20,Negatif
apk mantap,5,2026-04-12 03:34:03,Positif
mantap,5,2026-04-12 03:33:26,Positif
"Saya kecewa atas keamaan di aplikasi Dana yang mengakibatkan saldo saya yang saya simpan/tabung lenyap semuanya, akun tiba2 di banned & di retas lalu saldo di ambil, sudah di jelaskan seluruh kronologi dan bukti² tapi tidak ada kejelasan dan jawaban yang memuaskan malah di suruh iklas begitu saja sama Dana hahaha ini terakhir kalinya saya pakai dana saya akan hapus permanen akun saya jadi mohon maaf saya trauma pakai Dana Semoga yang membaca pesan saya ini tidak menjadi korban selanjutnya🙏🏼.",1,2026-04-12 03:31:54,Negatif
sangat bagus,5,2026-04-12 03:30:22,Positif
sangat membantu dan murah,4,2026-04-12 03:23:19,Positif
sangat membantu,5,2026-04-12 03:22:49,Positif
saya sangat snang adanya apl DANA ini karna sangat membantu saya.trimakasih apl DANA,5,2026-04-12 03:22:08,Positif
Bagus,5,2026-04-12 03:21:27,Positif
Kenapa check in di Dana deal hari 2 gak bisa diklaim ada kendala dalam prosesnya?,4,2026-04-12 03:17:35,Positif
ok,5,2026-04-12 03:17:25,Positif
aplikasi yg sangat bagus dan mudah untuk di gunakan,5,2026-04-12 03:16:41,Positif
sangat bagus,5,2026-04-12 03:15:20,Positif
ok,5,2026-04-12 03:15:08,Positif
best,5,2026-04-12 03:13:00,Positif
jadi mudah bertransaksi,4,2026-04-12 03:10:55,Positif
aman terpercaya,5,2026-04-12 03:09:42,Positif
tf jadi lebih gampang,5,2026-04-12 03:08:26,Positif
aplikasi dana cicil di dana sy GK bisa muncul bintang' 1 dulu nnti kalau udh BNR bgs ksh 5,2,2026-04-12 03:06:42,Negatif
menguntungkan,4,2026-04-12 03:06:24,Positif
ok,5,2026-04-12 03:05:24,Positif
fitur untuk Dana cicil saya belum di aktif kan dari pihak dana,5,2026-04-12 03:04:11,Positif
sangat mengecewakan padahal udah hampir 5th pakai apk ini,1,2026-04-12 03:01:59,Negatif
terbaik,5,2026-04-12 03:01:01,Positif
tolong akun saya bisa ada dana cicil nyah,5,2026-04-12 03:00:44,Positif
"smartpay sudah di nonaktifkan tpi pmbyaran otomatis msih jlan, hrusnya klo ada kaya gtu di gantung smpe pmilik akun dana melihat notif pembayaran nya, jika pengguna dana tidak merespon notif dalam satu hari gagalkan pembayaran, inimah langsung di potong otomatis padahal smartpay mati. saya chat cs tapi selalu berdalih dan meminta pihak untuk refund dana ke pihak google. sangat tidak logis, kita yg punya akun bank(dana) tapi pembayaran selalu saja otomatis, jadi ini akun bank siapa sebenarnya?",1,2026-04-12 02:59:01,Negatif
kok gk bisa di donlot,5,2026-04-12 02:58:35,Positif
ini kenapa ya akun ku tiba tiba hilang kok gini mana saldo ku masih ada,4,2026-04-12 02:57:35,Positif
godjob,5,2026-04-12 02:57:15,Positif
👍,5,2026-04-12 02:52:40,Positif
mudah pakek dana gak ribet mudah di mengerti,5,2026-04-12 02:51:58,Positif
🥰,5,2026-04-12 02:51:57,Positif
terlalu baik,5,2026-04-12 02:51:38,Positif
saya susah masuk sandi udah benar TPI di persulit,4,2026-04-12 02:49:59,Positif
mntap,5,2026-04-12 02:49:54,Positif
lebih mudah transaksi tpi syang fitur dana cicil nya masih belum keluar,5,2026-04-12 02:49:53,Positif
sangat bagus,5,2026-04-12 02:48:26,Positif
Anang banget dan muda,5,2026-04-12 02:48:19,Positif
mantap,5,2026-04-12 02:46:55,Positif
sangat memuaskan,5,2026-04-12 02:45:49,Positif
siiip lah,5,2026-04-12 02:41:12,Positif
dana cicil,5,2026-04-12 02:36:45,Positif
mantapp,5,2026-04-12 02:36:37,Positif
"aplikasi apaan ini langganan udah di batalin tapi malah masih kebayar, saya juga pilih metode pembayaran manual tapi kenapa langsung hilang saldo saya aplikasi apa ini pengajuan refund juga ga berfungsi saya sangat kecewa dengan aplikasi ini, kenapa saya kasih bintang lima karena agar ada di atas dan yang mau download bisa baca ini",5,2026-04-12 02:26:52,Positif
cepat mudah dan msh diposisi terpercaya,4,2026-04-12 02:26:28,Positif
"dana ini udah gak aman duit slalu ilang trus Dari 1,5 Sampai 200 ribu knp bisa sperti itu",1,2026-04-12 02:21:46,Negatif
dana instan belom muncul,5,2026-04-12 02:17:51,Positif
mntap,5,2026-04-12 02:17:44,Positif
"setiap ada transaksi potongan 1500 ? kalikan sebulan ada duit masuk 20kali sama dengan 30rb potongan? auto un instal, mendingan pake seabank",1,2026-04-12 02:17:31,Negatif
sangat membantu,4,2026-04-12 02:16:00,Positif
mantap,5,2026-04-12 02:15:35,Positif
ok,5,2026-04-12 02:14:10,Positif
anjay aing menang duit,5,2026-04-12 02:14:06,Positif
ok,5,2026-04-12 02:11:28,Positif
"sangat membantu,,bisa tranfer apapaun dg mudah",5,2026-04-12 02:10:55,Positif
sayang ingin mengunakan dana betta,4,2026-04-12 02:10:52,Positif
bermanfaat,5,2026-04-12 02:08:17,Positif
top,5,2026-04-12 02:08:17,Positif
ok baik,5,2026-04-12 02:05:38,Positif
bagus,5,2026-04-12 02:03:22,Positif
buruan download aplikasi dana,5,2026-04-12 01:57:24,Positif
Lebih simpel,5,2026-04-12 01:53:05,Positif
praktis,5,2026-04-12 01:48:22,Positif
sangat bagus untuk mengirim,5,2026-04-12 01:47:51,Positif
istimewa,5,2026-04-12 01:47:30,Positif
fersi baru apk,5,2026-04-12 01:46:48,Positif
"tidak ada pemberitahuan tau"" di blacklist🤦‍♂️ klok nggk saldo dana di bekukan aneh",2,2026-04-12 01:46:34,Negatif
ok,5,2026-04-12 01:46:01,Positif
memudahkan segalanya,5,2026-04-12 01:44:33,Positif
sangat baik,5,2026-04-12 01:43:51,Positif
"dana tidak di awasi OJK. akun saya di bobol pihak ke tiga , dan saldo saya hilang . dana sudah merugikan pengguna yaa . untuk kalian yg ingin menabung atau menyimpan saldo pastikan aplikasi itu di awasi OJK. INITI NYA DANA UDAH GAK AMAN",1,2026-04-12 01:40:01,Negatif
"parah ga bisa login udah 2 hari, padahal jaringan lancar,nonton lancar, udah hapus cache APUS data, sampe reset pengaturan awal, memang kayaknya udah waktunya pindah sebelah , si ungu atau si go biru",1,2026-04-12 01:38:28,Negatif
cara mudah mengambil uang.,5,2026-04-12 01:38:01,Positif
"Hapus akun prosesnya lama, mau mindahin saldo juga dri nomer lain kudu premium dulu. ribet, uang stuck pdhal dh di topup. bad deh",1,2026-04-12 01:36:47,Negatif
jaringan bermasalah ga bisa login,1,2026-04-12 01:35:18,Negatif
saya kasih bintang 5. tolong fitur dana cicil saya di aktifkan. karna saya udah berapa tahun pakai dana. tapi belum ada fitur dana cicil nya,5,2026-04-12 01:34:47,Positif
bagus,4,2026-04-12 01:33:37,Positif
bagus sangat bermanfaat,5,2026-04-12 01:32:42,Positif
optimal,4,2026-04-12 01:32:39,Positif
bagus,5,2026-04-12 01:32:30,Positif
"nomor hp itu dibuat menggunakan data KTP . Tapi kenapa harus pake lagi Poto KTP ? ga jelas lu, sorry",1,2026-04-12 01:31:49,Negatif
sangat bagus sekali,5,2026-04-12 01:30:40,Positif
sangat bagus dan ouas,5,2026-04-12 01:24:06,Positif
Sangat Bagus,5,2026-04-12 01:22:12,Positif
mantap apk dana,5,2026-04-12 01:21:53,Positif
sangat membantu,5,2026-04-12 01:19:09,Positif
Bagus,5,2026-04-12 01:18:47,Positif
"ini kenapa ya, kok pas buka kirim ke ewallet gak bisa munyer² doang padahal sinyal penuh",2,2026-04-12 01:11:48,Negatif
"ini knpa ya sebelumnya berhasil login pas keluar terus masuk lagi gabisa masuk padahal pin dan vermuk benar yg di minta otp, no nya sudah hilang padahal sebelumnya bisa login",4,2026-04-12 01:06:27,Positif
ingin uji coba program beta,5,2026-04-12 01:04:39,Positif
dana gw ga busa dibuka kpn min,5,2026-04-12 01:03:55,Positif
"kenapa ga bisa scan qris, bisanya dari galeri.",5,2026-04-12 01:02:40,Positif
"ini udah berapa hari cok, setiap mau bayar katanya banyak orang sedang bertransaksi, lah gw juga kau bertransaksi kocak tiap mau transfer pokok harus tunggu 3 jam dulu maksudnya supaya apa so .",5,2026-04-12 01:01:34,Positif
knp ga bisa d'pakai buat kirim uang,2,2026-04-12 01:00:09,Negatif
sangat memuaskan cepet,5,2026-04-12 00:55:44,Positif
simple,5,2026-04-12 00:55:42,Positif
aplikasi yang keren dan tidak ribet,5,2026-04-12 00:53:43,Positif
"aplikasi dana tidak aman buat orang"" hati hati sekarang aplikasi ini tidak aman",1,2026-04-12 00:53:07,Negatif
kok gk bisa di instal lagi bos apk nya,5,2026-04-12 00:51:47,Positif
dana instan gagal terus,5,2026-04-12 00:50:54,Positif
Kok tiba tiba akun dana tidak kompetable dengan hapenya sih padahal sebelum direstar ulang masih bisa pakai akun dana,3,2026-04-12 00:50:39,Netral
ok,5,2026-04-12 00:43:57,Positif
sangat membantu dalam segala transaksi,5,2026-04-12 00:40:47,Positif
bagus,5,2026-04-12 00:40:24,Positif
sangat membantu sekali,5,2026-04-12 00:37:34,Positif
oke,5,2026-04-12 00:36:05,Positif
"bagus sih bagus aplikasi nya untuk transaksi² segala macem, tapi mengapa akun saya ketika sudah melakukan beberapa transaksi, saya tidak bisa lagi melakukan transaksi dan muncul tulisan error, mungkin akun saya di bekukan. jadi, tolong buka kembali akun saya agar saya bisa melakukan transaksi lagi.",5,2026-04-12 00:29:54,Positif
semua urusan uang menjadi gampang selama pakai dana,5,2026-04-12 00:29:44,Positif
semoga aja jadi yang terdepan,4,2026-04-12 00:28:22,Positif
cukup bagus,5,2026-04-12 00:27:45,Positif
mantap dana nya mudah dan cepat,5,2026-04-12 00:25:55,Positif
sangat membantu,5,2026-04-12 00:25:55,Positif
np eng masuk layar utama,5,2026-04-12 00:23:19,Positif
baik walau kadang suka ngelage,5,2026-04-12 00:22:29,Positif
👍 sangat berguna,5,2026-04-12 00:18:56,Positif
dana saya cuman kurang yaitu gak Adah dana cicilan tolong aktif kan dana cicilan saya,5,2026-04-12 00:18:47,Positif
hanya ini yg bisa saya berikan,5,2026-04-12 00:15:56,Positif
sangat bagus sekali cuma gk ada dana cicil nya,3,2026-04-12 00:13:57,Netral
sangat worth,5,2026-04-12 00:12:47,Positif
bagus,5,2026-04-12 00:11:58,Positif
ketika akun hilang sangat susah untuk dimintai login lagi,1,2026-04-12 00:09:58,Negatif
sangat membantu sekali,5,2026-04-12 00:09:54,Positif
semuanya bagus untuk saat ini,5,2026-04-12 00:09:03,Positif
"susah masuk,,padahal udah bener pinnya",1,2026-04-12 00:08:39,Negatif
memuaskan,5,2026-04-12 00:07:01,Positif
sangat membantu sekali mudah untuk transaksi ny,5,2026-04-11 23:59:56,Positif
sayang sekali gk ada fitur dana cicil di hpa saya,5,2026-04-11 23:56:41,Positif
"udah gabisa di pake, mna duit gua masi ada",1,2026-04-11 23:55:56,Negatif
sangat baik,5,2026-04-11 23:49:37,Positif
ok,5,2026-04-11 23:49:33,Positif
mantap,5,2026-04-11 23:44:07,Positif
dana saya di integritas diruksak,1,2026-04-11 23:41:25,Negatif
"masih bisa sih dipake beli kuota atau token gitu tapi giliran mau di upgrade ke premium susahnya minta ampun, data data asli yang udah difoto dibilang palsu lah, trus dibilang gak sesuai sama data di dukcapil lah, tau gini gausah download dana. tapi udah terlanjur isi saldo hadeh, mending gausah di download guys. ini udah dicoba upgrade berkali kali tetep gabisa",1,2026-04-11 23:41:02,Negatif
mantap,5,2026-04-11 23:40:42,Positif
data tersebar dan saldo menjadi hilang,1,2026-04-11 23:38:27,Negatif
sering terjadi saldo tersedot,1,2026-04-11 23:37:33,Negatif
ok,4,2026-04-11 23:35:06,Positif
Ok,5,2026-04-11 23:34:03,Positif
bagus,3,2026-04-11 23:30:19,Netral
tolong dana cicil saya verifikasi makasi,5,2026-04-11 23:29:39,Positif
👍,4,2026-04-11 23:24:39,Positif
"aplikasi yg sangat bagus, dan sangat membantu dalam keseharian saya",5,2026-04-11 23:20:09,Positif
Saya kirim Dana ke Bank BRI transaksi ada Kendala uangnya nga masuk tapi saldo udah kepotong nga balik lagi mohon infonya,2,2026-04-11 23:15:01,Negatif
"cepat, mudah, aman, gampang",5,2026-04-11 23:12:24,Positif
ok banget,5,2026-04-11 23:08:43,Positif
ngga rekomendasi aplikasi penipuan,1,2026-04-11 23:05:16,Negatif
ok,5,2026-04-11 23:03:06,Positif
𝒄𝒖𝒌𝒖𝒑 𝒃𝒊𝒏𝒕𝒂𝒏𝒈 5 𝒃𝒆𝒓𝒃𝒊𝒄𝒂𝒓𝒂,5,2026-04-11 22:59:09,Positif
semoga amanah,4,2026-04-11 22:53:09,Positif
terbaik,5,2026-04-11 22:49:12,Positif
sangat mudah d gunakan,5,2026-04-11 22:43:16,Positif
Sangat penting,5,2026-04-11 22:42:00,Positif
👍,5,2026-04-11 22:37:35,Positif
saya tidak dapat masuk ke akun karena tidak bisa menerima kode otp kartu sudah tidak aktif,5,2026-04-11 22:34:59,Positif
"tolong donk cs kenapa yaa dana cicil tidak tersediaa padahal saya bayar nya ga pernah telatt ,, tolongg yaaa aktifkan lg dana cicil nya",4,2026-04-11 22:34:19,Positif
dompet digital terpercaya,5,2026-04-11 22:33:10,Positif
oke,5,2026-04-11 22:31:49,Positif
Pembayaran QRIS nya ga pake pin,2,2026-04-11 22:30:17,Negatif
biar makin banyk saldo,5,2026-04-11 22:28:31,Positif
riwayat transaksi ga jelas lama bngt muncul dah seminggu bermasalah terus cs isinya bot semua,1,2026-04-11 22:23:57,Negatif
mantappppp,5,2026-04-11 22:23:36,Positif
bagaimana cara mendapatkan dana cicil..???!,3,2026-04-11 22:21:58,Netral
sangat membantu,5,2026-04-11 22:21:42,Positif
Dana memang is the best,5,2026-04-11 22:20:09,Positif
Oke,5,2026-04-11 22:16:36,Positif
gak bisa muncul dana cicil,2,2026-04-11 22:16:22,Negatif
Keren,5,2026-04-11 22:14:11,Positif
good banget nih apl,4,2026-04-11 22:13:27,Positif
aplikasi sangat bagus,5,2026-04-11 22:09:41,Positif
Tolong kalo masuk ulang jgn pake kode otp lagi terkecuali pin tidak ingat barusan,1,2026-04-11 22:07:30,Negatif
sangat membantu dan praktis,5,2026-04-11 22:07:11,Positif
puas,5,2026-04-11 22:06:06,Positif
terbaik,5,2026-04-11 21:59:46,Positif
gimana ga bisa masuk karna ada Kendala sistem,1,2026-04-11 21:59:04,Negatif
lumayan,5,2026-04-11 21:56:11,Positif
sangat baik,5,2026-04-11 21:55:13,Positif
"Kenapa di akun dana saya gada fitur dana cicil nya, sedangkan diakun dana temen saya ada fitur dana cicil nya",2,2026-04-11 21:52:59,Negatif
"pelayanan CS nya jelek. lebih baik CS Robotnya. kendala akun saya tdk bisa transfer ke Akun Bank tidak ada solusi, meski sudah tunggu 6x24 jam",1,2026-04-11 21:50:24,Negatif
saya sangat puas menggunakan aplikasi dana,5,2026-04-11 21:48:11,Positif
Baik apk nya dan cepat,5,2026-04-11 21:43:22,Positif
semoga semakin mantap dan amanah,5,2026-04-11 21:30:12,Positif
"sudah menjadi pelanggan dalam kurun waktu 2 th, sampai saat ini , dan selalu bertransaksi aktif., tetapi selalu di beri harapan palsu untuk bisa menggunakan fitur dana cicil",1,2026-04-11 21:26:31,Negatif
sangat baik,5,2026-04-11 21:25:20,Positif
"Limit habis harus update akun ke premium. Proses update akun memerlukan waktu 2 hari, saldo gabisa di pindah selama akun belum menjadi premium. Padahal butuh transaksi urgent, mana gabisa tarik tunai. Sekelas dana harusnya gausah ribet untuk proses update akun",1,2026-04-11 21:20:43,Negatif
sangat membantu,5,2026-04-11 21:16:23,Positif
oke,5,2026-04-11 21:14:45,Positif
sangat membantu dan memudahkan transaksi,5,2026-04-11 21:10:27,Positif
sangat baguss,5,2026-04-11 21:09:21,Positif
mantap,5,2026-04-11 21:02:12,Positif
bagus,5,2026-04-11 20:59:40,Positif
apk yg bagus,5,2026-04-11 20:58:22,Positif
lebih bagus d pake dana cicil,5,2026-04-11 20:53:46,Positif
dan ciicl ga bisa 😟😣,5,2026-04-11 20:53:18,Positif
ga becus dana sekarang mah banyak saldo orang hilang tiba tiba..payahh,1,2026-04-11 20:52:18,Negatif
mantap,1,2026-04-11 20:48:41,Negatif
"apk gak guna,kenapa login mesti kode otp udah tau gua kehilangan hp sama kartu,email lupa,malah di persulit login nya,inilah itulah,cs Diana juga sama ajah gak guna jawaban nya itu² aja,gua sebagai rakyat kecil 2 JT itu berarti",1,2026-04-11 20:47:49,Negatif
saya ingin ada fitur dana cicil,5,2026-04-11 20:47:20,Positif
MLM?,5,2026-04-11 20:41:08,Positif
tolong munculin fitur dana cicil saya,5,2026-04-11 20:33:04,Positif
baik,5,2026-04-11 20:30:01,Positif
sangat bermanfaat mantap,5,2026-04-11 20:27:20,Positif
bagus,5,2026-04-11 20:21:57,Positif
Bagus,5,2026-04-11 20:16:22,Positif
bagus,5,2026-04-11 20:16:16,Positif
terbaik,5,2026-04-11 20:12:25,Positif
sangat bermanfaat 🥰,5,2026-04-11 20:11:32,Positif
sangat mudah digunakan,5,2026-04-11 20:09:18,Positif
akun dana ku susah dapat fitur dana cicilan nyah gi mana ini,2,2026-04-11 20:07:15,Negatif
puas,5,2026-04-11 20:05:14,Positif
"gila,saya transfer uang dari dana ke bank lain sudah lebih dari 24 jam suruh nunggu,ujung ujungnya proses ada kendala,saldo dana ga balik..gimana penyelesaiannya? suruh hubungi diana? sudah! jawabannya ga jauh beda,ttep suruh nunggu juga! mau sampai kapan ini,tolong lah jangan buat pengguna kecewa",1,2026-04-11 20:03:30,Negatif
transaksi jauh lebih mudah,5,2026-04-11 20:01:32,Positif
tolong vitur dana cicil nya di kasih,5,2026-04-11 20:01:25,Positif
puas banget,5,2026-04-11 19:56:41,Positif
bagus,5,2026-04-11 19:51:28,Positif
sangat puas dengan aplikasinya,5,2026-04-11 19:50:16,Positif
mantap,5,2026-04-11 19:43:54,Positif
good,5,2026-04-11 19:41:07,Positif
"sebaiknya verifikasi melalu WhatsApp, karna kebanyakan nomor handphone sudah tidak terpakai",4,2026-04-11 19:41:04,Positif
aplikasi tidak aman.. saldo saya 300.000 kesedot dengan sendirinya senilai 150.000.. aplikasi tidak aman,1,2026-04-11 19:36:59,Negatif
dana cicil saya tidak tersedia,5,2026-04-11 19:35:06,Positif
apk sangat membantu sekali,5,2026-04-11 19:34:40,Positif
"mudah kena scam. tdk bisa memberi solusi, susah claim. masak iya penipuan dari PT Pintu kemana aja udah melakukan penipuan dari 2024 sampai sekarang masih bekerjasama juga. dan anehnya trx tidak memerlukan info kode dan pin ke otp bisa berhasil",1,2026-04-11 19:33:52,Negatif
kenapa limit dana cicil saya tidak berlaku pdhl ad limitnya mohon bantuan ny,3,2026-04-11 19:27:33,Netral
oke,5,2026-04-11 19:26:02,Positif
baik,5,2026-04-11 19:25:46,Positif
bagus,5,2026-04-11 19:19:57,Positif
sangat cocok untuk saya bg,5,2026-04-11 19:18:46,Positif
Rumayan lah,5,2026-04-11 19:14:58,Positif
sangat mantap,5,2026-04-11 19:13:10,Positif
dana cicil mantap,5,2026-04-11 19:12:22,Positif
mantap,5,2026-04-11 19:12:02,Positif
kadang sinyal buruk aja,5,2026-04-11 19:10:02,Positif
"mantab,,dana cicil",5,2026-04-11 19:06:29,Positif
saya punya cicilan dan telat bayar 90 hari dan saya sudah melunasi nya tetapi kenapa sekarang limit dana cicil saya menjadi 0?,1,2026-04-11 19:06:05,Negatif
Mantap👍🏻😘🥰🥰,5,2026-04-11 19:03:44,Positif
sangat cocok,5,2026-04-11 19:03:27,Positif
paling baik,5,2026-04-11 19:01:32,Positif
sangat bagus,5,2026-04-11 18:59:32,Positif
bagus,5,2026-04-11 18:57:32,Positif
cukup baik,5,2026-04-11 18:56:55,Positif
customer service untuk penanganan penipuan/kesalahan transfer/qris tidak ada hasil dan tidak terlihat ada tindakan apapun,3,2026-04-11 18:53:29,Netral
"aplikasi bagus tapi saya sudah lama cetak qris udah lebih berbulan"" belum bisa di download qris nya",4,2026-04-11 18:52:24,Positif
ok,5,2026-04-11 18:49:33,Positif
"saya wilda ningsih “Akun saya dibobol, ada transaksi tidak saya lakukan. Mohon segera blokir akun saya.” terimakasih",5,2026-04-11 18:46:47,Positif
apk lumayan bagus tapi banyak fitur dana belum muncul,3,2026-04-11 18:41:34,Netral
🤙,5,2026-04-11 18:40:14,Positif
"tolong di jaga aplikasi nya bgus cumn bannyak bangett penipuan,, transaksi tidak di ketahui banyak bah 🙂 kenapa aplikasi dana ini sering transaksi sendiri, tolong di perbaiki, tolong tanggung jawab, hilng saldo saya tanpa sepengetahuan sayaa 😤😤",1,2026-04-11 18:39:23,Negatif
apknya bagus banget,5,2026-04-11 18:36:13,Positif
bagus,4,2026-04-11 18:33:30,Positif
sangat baik,5,2026-04-11 18:32:24,Positif
baguuz,5,2026-04-11 18:27:50,Positif
bagus ga ada potongan,5,2026-04-11 18:27:46,Positif
pas,5,2026-04-11 18:25:58,Positif
bagus sekali,5,2026-04-11 18:25:48,Positif
transaksi jadi lebih mudah,5,2026-04-11 18:23:43,Positif
sangat membantuk ...terimakasih dana,5,2026-04-11 18:23:12,Positif
Sangat bagus,5,2026-04-11 18:19:47,Positif
apk busuk masa iyh tranfer ke bank udah masuk tapi di rekening bank blom masuk kalo dikit sih gpp itu bnyak . rugi banyak apk busuk,1,2026-04-11 18:18:45,Negatif
bagus banget,5,2026-04-11 18:18:33,Positif
lumayan bagus cuma punya gua GX muncul dana cicil nya,2,2026-04-11 18:17:23,Negatif
ku kasih bintang udah lama pakai dana dan sering transaksi tapi tetap tidak muncul dana cicil,4,2026-04-11 18:17:13,Positif
dana bagus sekali,5,2026-04-11 18:14:31,Positif
bgus,5,2026-04-11 18:12:58,Positif
mana saldoku 17.990 udh 2 hari udh melapor bukannya di proses malah di diamkan,1,2026-04-11 18:12:08,Negatif
ka saya kebobolan sampai 300 ribu lebih tpi sampai sekarang blm ada penyeleseian katanya harus urus sendiri gmn nh,5,2026-04-11 18:11:45,Positif
Terima kasih,5,2026-04-11 18:07:49,Positif
sangat membantu klo krim uang sgt mudah,5,2026-04-11 18:05:50,Positif
"pihak dana tidak merespon bantuan saat kena kendalan, aplikasi dana tidak aman cs tidak bisa membantu",1,2026-04-11 18:03:57,Negatif
mantap,5,2026-04-11 18:02:46,Positif
pinjaman dana cepat,5,2026-04-11 18:01:07,Positif
saldo saya tiba2 hilang. dia bilang ada dugaan penipuan. trus dengan adanya dugaan penipuan dia bisa ambil saldo se enaknya. memang di luar nalar sih ini dana parah banget,1,2026-04-11 18:00:23,Negatif
mempermudah transaksi di manapun dan kapanpun,5,2026-04-11 18:00:08,Positif
Terima kasih,5,2026-04-11 18:00:01,Positif
bagus,5,2026-04-11 17:54:31,Positif
mantap,5,2026-04-11 17:54:02,Positif
"emng aplikasi taik, di suruh nunggu selama 1 bulan DA 1 bulan gak muncul juga fitur dana cicil nya",1,2026-04-11 17:53:28,Negatif
keamanan nya kurang memadai,1,2026-04-11 17:53:03,Negatif
baik,5,2026-04-11 17:51:40,Positif
bagus,5,2026-04-11 17:50:29,Positif
aplikasi nya tidak aman 500 ribu hilang lenyap padahal nggak melakukan transaksi apa apa jangan di download ini dana tidak Aman,1,2026-04-11 17:49:51,Negatif
"jelek bgt woy,aku mau login udah jelas"" aku Deket banget sama wifi nomernya udah bener juga,muncul terus tu jaringan kamu bla bla kenapa ribet banget sih padahal mau login Lo mana ngebug"" terus ga recomend sih bye",1,2026-04-11 17:48:54,Negatif
kren,5,2026-04-11 17:44:21,Positif
ok,4,2026-04-11 17:43:44,Positif
sangat terbaik,5,2026-04-11 17:40:23,Positif
good,5,2026-04-11 17:39:53,Positif
Sangat bermanfaat dan mudah untuk di jalankan pokoknya rekom banget apk ini!,5,2026-04-11 17:39:37,Positif
Iya gua ambil,5,2026-04-11 17:38:51,Positif
Baik,5,2026-04-11 17:38:20,Positif
bagus,2,2026-04-11 17:37:49,Negatif
kerennya,5,2026-04-11 17:32:45,Positif
mantapp,5,2026-04-11 17:31:25,Positif
mantap,5,2026-04-11 17:29:16,Positif
hati hati kalian kalau mau beli kouta aplikasi ini kayak aplikasi scam atau nipu,1,2026-04-11 17:26:40,Negatif
sangat baik,5,2026-04-11 17:24:37,Positif
Okee,5,2026-04-11 17:24:15,Positif
mantep,5,2026-04-11 17:23:22,Positif
aplikasinya sangat berguna banget buat makai pembayaran,5,2026-04-11 17:22:45,Positif
"min saya pengguna dana premium udah lama, tolong limit dana cicilnya di naikin dong padahal saya bayarnya ga pernah telat masa cuma dikasih limit 200 ribu terus",5,2026-04-11 17:22:03,Positif
Terbaik Dana semakin terbaik untuk kita semua,1,2026-04-11 17:21:58,Negatif
dana sangat cepat sekali,5,2026-04-11 17:15:52,Positif
mantap,5,2026-04-11 17:15:45,Positif
sangat ok,5,2026-04-11 17:15:11,Positif
ok,5,2026-04-11 17:13:35,Positif
"GILAKKK BANGET, gw baru donwload apk mya, nah pas mau up ke premium langsung BISAAA best banget sih ini... ga kaya apk sebelah... pokoknya dana BEST LAH keamanan nya di ketatin lagi yaaa",5,2026-04-11 17:07:13,Positif
mantap,5,2026-04-11 17:05:18,Positif
"nice, thanks",5,2026-04-11 17:03:35,Positif
taik benar dana cicil saya masak tak biaa di gunakan,1,2026-04-11 17:02:18,Negatif
Luar biasa saya menarik,5,2026-04-11 16:57:59,Positif
keren,5,2026-04-11 16:57:47,Positif
puasss,4,2026-04-11 16:57:38,Positif
"saya pengguna lama hampir 4thn aplikasi DANA, tolong aktifkan fitur DANA cicil,",5,2026-04-11 16:57:23,Positif
bagus,5,2026-04-11 16:56:43,Positif
sangat membantu moga tetap lancar jaya,5,2026-04-11 16:56:35,Positif
Kenapa saya ngak bisa login,2,2026-04-11 16:55:56,Negatif
mantap,4,2026-04-11 16:55:41,Positif
ok,5,2026-04-11 16:53:51,Positif
puas banget,5,2026-04-11 16:51:49,Positif
mantab,5,2026-04-11 16:49:59,Positif
saya tidak punya pitur dana cicil 😭😭😭,1,2026-04-11 16:48:33,Negatif
"dana sangat istimewa, saya baru mulai bergabung.",5,2026-04-11 16:48:32,Positif
bagus,5,2026-04-11 16:48:00,Positif
bagus,5,2026-04-11 16:45:22,Positif
sangat membantu buat transaksi epat dan aman,5,2026-04-11 16:45:14,Positif
bagus sekali,5,2026-04-11 16:40:12,Positif
Dana the best,5,2026-04-11 16:39:23,Positif
sangat bagus,5,2026-04-11 16:38:23,Positif
"sangat membantu saat transaksi,tidak ribet dan cepat,,",5,2026-04-11 16:37:20,Positif
sangat baik,5,2026-04-11 16:33:07,Positif
dana cicil,5,2026-04-11 16:33:06,Positif
adai didana saya ada fiktur dana cicil,5,2026-04-11 16:30:05,Positif
ok,5,2026-04-11 16:26:32,Positif
"repottt banget ni apk, harus gini gitu percuma kalo ada saldo tapi saldo nya buat TF"" gabisa",1,2026-04-11 16:23:51,Negatif
mantap,5,2026-04-11 16:23:42,Positif
bgusss amann 🙏🏻,4,2026-04-11 16:23:18,Positif
Kenapa dana saya nggak bisa dibuka sama sekali,5,2026-04-11 16:16:43,Positif
good,5,2026-04-11 16:16:28,Positif
ok,5,2026-04-11 16:13:11,Positif
good,5,2026-04-11 16:11:30,Positif
bagus,5,2026-04-11 16:11:01,Positif
baik,5,2026-04-11 16:09:20,Positif
👍👍👍👍,5,2026-04-11 16:07:41,Positif
terbaik mantap,5,2026-04-11 16:06:22,Positif
bgus,5,2026-04-11 16:06:00,Positif
luar biasa,5,2026-04-11 16:03:13,Positif
Tidak ada opsi penghapusan di riwayat transaksi apabila ada yang mencoba mengiming-imingi transfer 10 juta melalui tiktok dan di suruh hubungi via wa untuk di transfer via dana. Seharusnya ditambahkan di aplikasi kalau minimal saldo berapapun bisa transfer dan hati-hati terhadap penipuan apabila mewajibkannya untuk mengisi saldo.,3,2026-04-11 16:03:04,Netral
sangat puas,5,2026-04-11 16:03:03,Positif
"Ya bolelah baru download terus masukin nomor ngestuc terus , loding engak bisa terus sampai 8-11 × tetep ngak masuk2 kenapa min?",5,2026-04-11 16:02:41,Positif
Dana bagus,5,2026-04-11 16:02:31,Positif
"Sangat mengecewakan ada fitur dana cicil ketika ingin digunakan malah tidak bisa digunakan, sangat MENGECEWAKAN",1,2026-04-11 15:59:12,Negatif
aplikasi dana ini sangat membantu bertransaksi,5,2026-04-11 15:58:40,Positif
mantap,4,2026-04-11 15:58:23,Positif
bgus,5,2026-04-11 15:57:35,Positif
habis di update malah server down udah di hapus cache uninstall tetap ga bisa login jadi males Makai dana😡😡😡😡,1,2026-04-11 15:57:33,Negatif
sangat puassss,5,2026-04-11 15:57:14,Positif
"nama tidak sesuai dengan yang di KTP, sudah hubungin pihak dana lalu mengikuti instruksinya, tetap tidak diubah namanya",1,2026-04-11 15:57:07,Negatif
saya sudah premium lama tapi ko fitur dana cicil saya gada muncul ya,5,2026-04-11 15:56:37,Positif
top,5,2026-04-11 15:56:09,Positif
sangat bagus,5,2026-04-11 15:54:30,Positif
mantap,5,2026-04-11 15:52:06,Positif
gw beli paket data bayar dengan metode dana kagak bisa anjirr udah 2 Minggu ga ada respon dari CSnya,1,2026-04-11 15:50:59,Negatif
mantap,5,2026-04-11 15:49:43,Positif
mantap,5,2026-04-11 15:48:27,Positif
sangat mudah utk berterannsaksi terimakasih utk para admin e-walet,5,2026-04-11 15:46:21,Positif
hanya bisa pake wifi data seluler tidak bisa,4,2026-04-11 15:46:09,Positif
Bagus untuk,5,2026-04-11 15:45:52,Positif
ok,4,2026-04-11 15:43:38,Positif
"dongo kenapa gak bisa di buka dananya kok ada tulisan ups,sedang ada kendala",1,2026-04-11 15:43:27,Negatif
sangat cocok digunakan untuk melakukan transaksi...,5,2026-04-11 15:42:35,Positif
suka,5,2026-04-11 15:40:04,Positif
saya suka,5,2026-04-11 15:39:21,Positif
semoga uang recehku aman,5,2026-04-11 15:38:42,Positif
goooddd,5,2026-04-11 15:38:28,Positif
"ahhh cs ny kagak jelas , jawabanny beda beda mana g ada yang ngasih solusi lagi yang satu bilang kena limit yang satu lagi bilang belum tapi g bisa transaksi",1,2026-04-11 15:36:36,Negatif
Oh aku suka,5,2026-04-11 15:34:23,Positif
ini dana cicil ga bisa di pake mulu udh 2 bulan,3,2026-04-11 15:33:55,Netral
masa iya yang lain ada dana cicil nya saya gak ada fitur dana cicil nya,1,2026-04-11 15:33:47,Negatif
mantap,5,2026-04-11 15:33:11,Positif
sangat menyenangkan dan membantu sekali aplikasinya sangat recommended,5,2026-04-11 15:30:24,Positif
prosesnya mudah dan cepat,5,2026-04-11 15:29:48,Positif
"Aman, Cepat dan Keren.",5,2026-04-11 15:28:17,Positif
mantullll,5,2026-04-11 15:28:10,Positif
ok,4,2026-04-11 15:25:10,Positif
danacicilan,5,2026-04-11 15:25:06,Positif
baik,4,2026-04-11 15:24:20,Positif
"bro... 💔, kan aku jual brainrot yg ada di roblox 35.000. lalu,saat aku sudah memberikan brainrot nya ke orgnya, dia Ingin mentransfer saya, tetapi, saya tidak dana premium. dan, saya dan orgnya rugi. orgnya kehilangan semua uangnya dan aku kehilangan brainrot ku. haruskah ada dana premium, mengapa harus? tolong perbaiki lagi ini banyak yg harus di perbaiki di aplikasi ini.",1,2026-04-11 15:21:16,Negatif
sangat membatu ekonomi,4,2026-04-11 15:21:00,Positif
saya kecewa sama dana cicil limit 64 ribu tapi ga bisa di gunakan sudah ga bisa di percaya lagi dana cicil termasuk aplikasi dana,1,2026-04-11 15:20:26,Negatif
"sangat bagus dan bermanfa,at",4,2026-04-11 15:20:03,Positif
good,5,2026-04-11 15:19:21,Positif
mantap,5,2026-04-11 15:19:01,Positif
dananya kurang baik tidak bisa buat ngapa ngapain padahal ada saldo,1,2026-04-11 15:16:39,Negatif
lbih mudah dan gampang,4,2026-04-11 15:14:52,Positif
aplikasi yang sangat burukkk pengiriman kode OTP nya gk muncul²udh di coba beberapa hari tapi sama² aja kirim lewat WhatsApp.gk bisa lewat SMS kaga ada lawan email juga GK bisa emang pukimaaa,1,2026-04-11 15:14:02,Negatif
sanggat membatu,5,2026-04-11 15:12:54,Positif
bagus dan simpel,5,2026-04-11 15:12:38,Positif
mantap,5,2026-04-11 15:12:30,Positif
sangat bagus,5,2026-04-11 15:11:22,Positif
mantap,5,2026-04-11 15:11:06,Positif
sangat membantu dan bermanfaat,5,2026-04-11 15:09:05,Positif
sangat membantu bos,5,2026-04-11 15:07:12,Positif
mantap,5,2026-04-11 15:06:58,Positif
sangat bagus,5,2026-04-11 15:05:34,Positif
dood,5,2026-04-11 15:00:58,Positif
🫰🫰🫰 mantap,4,2026-04-11 15:00:57,Positif
buat pembayaran simple murah,5,2026-04-11 15:00:44,Positif
"Oooooo Ternyata Reting Sangat Jelek ya??? Sy Juga Kecewa Atas Aplikasi Dana Saya Ada Masalah Chat Via What App Tidak ada Tanggapan, Respon, Pada Hal 24 Jam Layanan. Mungkin Sy Tidak Akan Menggunakan Aplikasi Ini.",1,2026-04-11 14:59:22,Negatif
"proses cepat,,, mohon data aktifitas 1 bulan sekali si bersih kan,,",5,2026-04-11 14:58:27,Positif
sekarang agag lemot buat pembyarann...karna sering buat judul,4,2026-04-11 14:58:18,Positif
apk nya bagus,5,2026-04-11 14:56:19,Positif
bagus,5,2026-04-11 14:56:10,Positif
simpel,5,2026-04-11 14:55:41,Positif
sangat baik,5,2026-04-11 14:47:36,Positif
sangat membantu,5,2026-04-11 14:47:18,Positif
baik,5,2026-04-11 14:47:13,Positif
bagus,5,2026-04-11 14:47:08,Positif
berikan pinjaman saldo limit yang tinggi,5,2026-04-11 14:46:51,Positif
sangat bermanfaat,5,2026-04-11 14:45:12,Positif
pake dana praktis dan aman Poko nya no 1dana maksih danan,5,2026-04-11 14:45:09,Positif
kenapa dana saya tidak bisa dibuka. di hp yg baru. tar kalo udah kebuka saya kasih bintang 5 LG. mohon di tinjau,1,2026-04-11 14:43:14,Negatif
"aplikasi nya mau ngambil uang kita, pelayanan kurang",1,2026-04-11 14:41:41,Negatif
"semoga aplikasi DANA dapat semakin berkembang, baik itu dari fitur menu pilihan serta fitur menu pelayanannya karena kepuasan pengguna adalah nomor ONE 👌",5,2026-04-11 14:37:26,Positif
ok,5,2026-04-11 14:37:01,Positif
terbaik,5,2026-04-11 14:32:34,Positif
baik sekali dan bermanfaat,5,2026-04-11 14:30:47,Positif
oke,5,2026-04-11 14:30:24,Positif
aplikasi nya bagus sekali,5,2026-04-11 14:30:13,Positif
sangat membantu,5,2026-04-11 14:30:05,Positif
good,5,2026-04-11 14:28:25,Positif
"Hai kak,kenapa Dana Cicil saya tidak bisa di gunakan kembali ya? padahal semua tagihan sudah lunas dan Limit di Dana Cicil juga ada tapi tidak bisa di pakai..",5,2026-04-11 14:27:47,Positif
good,5,2026-04-11 14:26:21,Positif
sangat membantu,5,2026-04-11 14:24:46,Positif
sangat bermanfaat,5,2026-04-11 14:24:45,Positif
sangat membantu sekali...biaya tranfer bank gratis 10x. klo bisa 20 kali gratisnya,5,2026-04-11 14:23:56,Positif
mantab,5,2026-04-11 14:22:05,Positif
good,5,2026-04-11 14:19:54,Positif
puasa cepat terkirim dana is debest,5,2026-04-11 14:19:32,Positif
mantap transaksi lebih mudah,5,2026-04-11 14:18:57,Positif
aplikasi yang sangat bermanfaat sekali,4,2026-04-11 14:17:09,Positif
bagus,5,2026-04-11 14:15:36,Positif
"pelayanan buruk sekali, saya pengguna dana bisnis ingin mengganti profil bisnis malah dipersulit! saya ingin mengubah nama qris tanya ke bot diana disuruh menghubungi customer service lewat email help.dana.id, setelah ku hubungi malah cuma dikasih jawaban template disuruh menghubungi bot diana gitu aja terus",3,2026-04-11 14:14:58,Netral
good,5,2026-04-11 14:13:18,Positif
baik,5,2026-04-11 14:12:50,Positif
"udh upgrade dana premium tetap aja ngga bisa kirim uang, bahkan udh update dana pun tetap aja ngga bisa. malah disuruh upgrade dana premium trs, padahal udh upgrade.",1,2026-04-11 14:11:39,Negatif
muncul kan fitur dana cicil,4,2026-04-11 14:09:50,Positif
mantap cepet transaksi nya,5,2026-04-11 14:08:12,Positif
bagus,5,2026-04-11 14:07:10,Positif
mantap terbaik,5,2026-04-11 14:06:49,Positif
sangat bagus,5,2026-04-11 14:06:21,Positif
sangat membantu 🥰,5,2026-04-11 14:05:15,Positif
matap,5,2026-04-11 14:04:41,Positif
top,5,2026-04-11 14:04:30,Positif
mantap Jos..,5,2026-04-11 14:04:18,Positif
bagus,5,2026-04-11 14:03:37,Positif
smngat bermanfaat bagi saya,4,2026-04-11 14:03:17,Positif
terimakasih atas Aplikasi dana ini sangat membantu,5,2026-04-11 14:01:05,Positif
terus tingkatkan ...dan adakan pinjaman ny,5,2026-04-11 13:59:13,Positif
sangat bagus,5,2026-04-11 13:58:23,Positif
bagus sekli,5,2026-04-11 13:56:10,Positif
kecewa saldo tiba² hilang aneh makin ke sini makin takut mau transaksi di dana.,1,2026-04-11 13:55:26,Negatif
kenapa saldo dana saya tiba tiba dikuras dan terdapat percobaan transaksi yang tidak jelas? padahal g pernah nglakuin itu,1,2026-04-11 13:55:15,Negatif
"tiba tiba dana kkesedot contacttested atau apalah, padahal tidak pernah berlangganan aplikasi tersebut",1,2026-04-11 13:54:18,Negatif
😊👍,5,2026-04-11 13:53:22,Positif
baik,5,2026-04-11 13:51:19,Positif
sangat baik,5,2026-04-11 13:51:02,Positif
nice,5,2026-04-11 13:50:21,Positif
semoga terus jadi dana membantu banyak orang,5,2026-04-11 13:48:31,Positif
jos,5,2026-04-11 13:47:21,Positif
aplikasi yang cocok untuk top up ff,5,2026-04-11 13:46:51,Positif
prosesnya cepat dan mudah,5,2026-04-11 13:46:17,Positif
bagus& ngebantu,5,2026-04-11 13:45:16,Positif
tidak bisa menggunakan dana cicil,5,2026-04-11 13:44:52,Positif
sangat membantu,5,2026-04-11 13:44:13,Positif
sang bagus dan membantu,5,2026-04-11 13:43:03,Positif
bagus,5,2026-04-11 13:42:36,Positif
"aplikasi gak jelas,masa saldo saya tiba""hilang. udh lapor cs gak ada tanggepan",1,2026-04-11 13:42:23,Negatif
keren banget,4,2026-04-11 13:41:35,Positif
"DANA semakin keren,Apalagi ada fitur Dana cicil cocok banget di pakai keadaan darurat,terus fitur DANA+ pun sepertinya bermanfaat,tapi saya belum nyoba.Semakin sukses buat aplikasi DANA serta Developer dan rekan tim dana",5,2026-04-11 13:41:22,Positif
baik,5,2026-04-11 13:41:21,Positif
Memuaskan......!!!,5,2026-04-11 13:35:01,Positif
ok bagus,4,2026-04-11 13:32:25,Positif
gw kasi bintang 5 biar lo puass,5,2026-04-11 13:31:03,Positif
sangat membantu mempermudah transaksi,5,2026-04-11 13:29:08,Positif
👍,5,2026-04-11 13:27:28,Positif
sangat bagus di gunakan,5,2026-04-11 13:27:02,Positif
goodjob,5,2026-04-11 13:26:41,Positif
"aku seneng pakai dana,tapi sayang punya aku jadi bahasa ingris",4,2026-04-11 13:25:51,Positif
tolong bang untuk memeriksa riwayat transaksi jangan ribet Napa. selalu menunggu waktu dulu. gak real time kayak aplikasi sebelah,1,2026-04-11 13:25:12,Negatif
baik sekali,5,2026-04-11 13:24:32,Positif
mantap,5,2026-04-11 13:24:14,Positif
Terimakasih Dana. proses nya sangat Cepat dan simpel setiap transaksi.,5,2026-04-11 13:21:18,Positif
sngt berguna,5,2026-04-11 13:20:03,Positif
tolong kasih dana cicil,5,2026-04-11 13:19:48,Positif
ok bangttt,4,2026-04-11 13:18:34,Positif
👍,5,2026-04-11 13:18:28,Positif
mantap,5,2026-04-11 13:17:59,Positif
okee😄,5,2026-04-11 13:17:19,Positif
"tolong pt dana,kasih limited danacicil saya besar ,saya sudah lama menggunakannya tapi,danacicil saya hanya cuman 150.000 sajah tolong kenaikan limited danacicil saya , TERIMAKASIH.",5,2026-04-11 13:13:51,Positif
mantap,5,2026-04-11 13:12:58,Positif
mantul,5,2026-04-11 13:11:16,Positif
jangan pakai apk dana saldo saya di sedot tiap minggu katanya ada langganan saya ingin mengajukan pengembalian dana malah tidak bisa,1,2026-04-11 13:10:57,Negatif
ok,5,2026-04-11 13:09:17,Positif
sangat rekomended,5,2026-04-11 13:08:56,Positif
hidup jadi lebih mudah,5,2026-04-11 13:08:23,Positif
Makasihdanaku,5,2026-04-11 13:07:42,Positif
berguna,5,2026-04-11 13:07:08,Positif
baik,5,2026-04-11 13:04:16,Positif
bermanfaat banget DANA Ini,5,2026-04-11 13:03:26,Positif
Harus bisa,5,2026-04-11 13:02:09,Positif
sangat puas dengan aplikasi dana ini,5,2026-04-11 13:01:51,Positif
mantap,5,2026-04-11 13:01:40,Positif
nyesell bgt ga dengerin kata temen' jagan pake dana bahaya nnti ado nya ilang sendiri EH BENER AJA SALDO KU MASI ADA 300 AN LEBIHH ILANG SENDIRI dan transaksi terakhir nya tgl sebelum saldo nya ilang pas hari H ilang transaksi pembayaran aku beli jajan keluar biasa pake qris ga adaa sumpahh nyesel ngt pake DANA langsung ku uninstalll JGAN PAKE DANAA MANA AKU MINTA TANYA CALL CENTER NYA YANG JAWAB ROBOT GA DI TANGANIN SURUH NUNGGU' TRS NYESEL BGT!!!!,1,2026-04-11 12:57:59,Negatif
payah abis update malah gak bisa digunain,1,2026-04-11 12:57:11,Negatif
sangat membantu,5,2026-04-11 12:56:26,Positif
ok,5,2026-04-11 12:56:18,Positif
sangat bagus buat transaksi mendesak,5,2026-04-11 12:51:13,Positif
mantaf,5,2026-04-11 12:50:39,Positif
"dompet digital ini sebenarnya enak bgt untuk transaksi, mudah dipahami juga. tapi apa daya, mudah bgt di hack orang. Karena apa? ya, sy salah satu yg hampir jd korban. jadi karena itu sy kasih bintang 1. GAK AMAN!!!",1,2026-04-11 12:50:22,Negatif
mantaap,5,2026-04-11 12:49:06,Positif
mantap jiwa,5,2026-04-11 12:48:44,Positif
fitur dana cicil tidak muncul,5,2026-04-11 12:48:33,Positif
good,5,2026-04-11 12:47:38,Positif
ok,4,2026-04-11 12:46:58,Positif
"kasih bintang 1,ga ada dana instand nya",1,2026-04-11 12:45:34,Negatif
sangat membantu,5,2026-04-11 12:45:11,Positif
sangat membantu,5,2026-04-11 12:39:27,Positif
Kenapa ketika mau isi saldo selalu gagal transfer?!,3,2026-04-11 12:38:31,Netral
ok,5,2026-04-11 12:38:21,Positif
sangat membantu usaha mikro.,5,2026-04-11 12:37:19,Positif
okek,5,2026-04-11 12:34:51,Positif
Bagus cocok buat nyimpan duit,5,2026-04-11 12:34:47,Positif
bagus,5,2026-04-11 12:34:40,Positif
apk Sangat membantu untuk berbisnis,5,2026-04-11 12:34:08,Positif
Hp ram gede masih lemot gk kebayang klo hp majapahit wkwk .. dari sekian banyak apl ewallet cuman dana yang apl nya lemot pake bnget .. mau tf masuk fitur kirim wahhhh butuh bbrapa mnit wkwk bikin kesel aja,1,2026-04-11 12:33:04,Negatif
maaf saya kasih bintang satu karna akun dana saya tidak ada dana pinjaman nya,1,2026-04-11 12:31:02,Negatif
mantap,5,2026-04-11 12:26:27,Positif
baik,4,2026-04-11 12:24:29,Positif
"saya tahan dulu satu sengaja buat liat bagaimana perkembangan apk nya,soalnya saya sdh lama tdk pakai",4,2026-04-11 12:24:22,Positif
nyaman,5,2026-04-11 12:22:47,Positif
mantap,5,2026-04-11 12:22:33,Positif
Dana praktis simple,5,2026-04-11 12:21:20,Positif
mantap,5,2026-04-11 12:19:08,Positif
baguss,5,2026-04-11 12:18:34,Positif
"benerin bug nya, masa tiap gue mau daftar akun ga bisa mulu gara-gara katanya sinyal ga stabil, sampe gue install dua kali, daftar berkali-kali masih ga bisa juga, ngasih bintang satu juga ogah",1,2026-04-11 12:15:05,Negatif
dana cicil blm keluar juga Martono bersedih buat perobatan kok belum keluar juga,1,2026-04-11 12:12:29,Negatif
sangat bagus dan bermanfaat 👍,5,2026-04-11 12:10:35,Positif
ka bisa di cek ka saya mo kasih premium tapi lama banget tolong di cek ka akun saya,1,2026-04-11 12:10:28,Negatif
sangat bagus,5,2026-04-11 12:09:41,Positif
membantu,5,2026-04-11 12:07:57,Positif
jos,5,2026-04-11 12:06:20,Positif
sangat bagus,5,2026-04-11 12:05:38,Positif
sangat bermanfaat lho,5,2026-04-11 12:05:36,Positif
aplikasi saya bermasalah tolong bantu supaya tidak ada gangguan kadaluarasa lagi,5,2026-04-11 12:05:21,Positif
sejauh ini bagus semoga sllu bagus aplikasiya,5,2026-04-11 12:03:01,Positif
sangat membantu via tranfer,5,2026-04-11 12:02:22,Positif
oke,5,2026-04-11 11:59:12,Positif
"maaf sebelumnya, ini aku nanya nih kok apk dana nya kyk berhenti gak bisa d buka ,aku mau tanya gimana solusinya ya mksh🙏",5,2026-04-11 11:58:58,Positif
saya sangat kecewa dengan aplikasi DANA ini karena habis update mlh gak bisa digunakan sama sekali masak setiap buka aplikasi mesti ada tulisan aplikasi dalam pemeliharaan terus,3,2026-04-11 11:58:29,Netral
sangat membantu,5,2026-04-11 11:57:34,Positif
tapi masih sering ngelek,5,2026-04-11 11:56:47,Positif
Bagus,5,2026-04-11 11:56:29,Positif
bgus bngt,5,2026-04-11 11:55:20,Positif
ok,5,2026-04-11 11:52:39,Positif
bagus,5,2026-04-11 11:52:38,Positif
mantap buat bisnis online,5,2026-04-11 11:51:36,Positif
mantap dan keren,5,2026-04-11 11:49:53,Positif
Alhamdulillah dana memudahkan saya untuk transaksi uang dengan suami tanpa ATM bisa ambil uang di tempat terdekat.Terima kasih Dana🙏,5,2026-04-11 11:49:48,Positif
membantu banget,5,2026-04-11 11:48:35,Positif
mantap,5,2026-04-11 11:47:56,Positif
mantap,4,2026-04-11 11:43:55,Positif
memuaskan,5,2026-04-11 11:41:34,Positif
jaringannya baik,3,2026-04-11 11:41:16,Netral
bagus!,5,2026-04-11 11:40:50,Positif
kenapa gak bisa memindahkan akun,5,2026-04-11 11:40:30,Positif
lumayan,4,2026-04-11 11:35:31,Positif
Top up lebih mudah,5,2026-04-11 11:35:31,Positif
penguna dana jadi muda,5,2026-04-11 11:33:16,Positif
ok good..,5,2026-04-11 11:33:07,Positif
mantap,5,2026-04-11 11:25:23,Positif
top 1,5,2026-04-11 11:24:44,Positif
sangat bagus,5,2026-04-11 11:24:39,Positif
merasa terbantu,5,2026-04-11 11:23:51,Positif
kenapa harus premium mau ngirim uang kesaudara aja susah,1,2026-04-11 11:23:27,Negatif
sangat berguna sekali mantap,5,2026-04-11 11:23:11,Positif
kasih lima bintang,5,2026-04-11 11:22:15,Positif
fitur dana cicil nya ga ada padahal udah memenuhi syarat dan kententuan,5,2026-04-11 11:21:02,Positif
siip,5,2026-04-11 11:20:06,Positif
banyak bug,1,2026-04-11 11:19:48,Negatif
saldo tiba-tiba terpotong padahal sudah berhenti berlangganan di aplikasi vidio,1,2026-04-11 11:19:46,Negatif
siap,5,2026-04-11 11:19:43,Positif
kenapa nomor hp yang SDH dpt digunakan dana di intall di hp lain tidak bisa digunakan ? (kecewa),5,2026-04-11 11:19:09,Positif
sangat membantu,5,2026-04-11 11:18:41,Positif
"saya tidak melakukan transaksi pada aplikasi hypic,tapi dana langsung membayarkannya menggunakan saldo saya,dana tidak profesional",1,2026-04-11 11:17:38,Negatif
"Untuk aplikasinya bagus, fitur2nya juga lengkap saya suka tapi tolong untuk transaksi adakan fitur sidik jari supaya kita tidak repot ngetik PIN dan juga untuk keamanan supaya orang gak lihat PIN kita saat kita bertransaksi terimakasihh....",5,2026-04-11 11:17:29,Positif
bagus,5,2026-04-11 11:16:24,Positif
good,5,2026-04-11 11:16:22,Positif
aplikasinya sangat membantu,5,2026-04-11 11:16:16,Positif
Berguna sekali tapi Saya dana nya di root,4,2026-04-11 11:15:04,Positif
"aplikasi mempermudah transaksi kirim , saya senang mengunakan aplikasi ini, transaksi tanpa kendala",5,2026-04-11 11:14:58,Positif
sangat bermanfaat,5,2026-04-11 11:14:31,Positif
mantap,5,2026-04-11 11:14:15,Positif
mantap la,4,2026-04-11 11:14:12,Positif
duit sy nyangkut di dana bisnis. trima uang dri link aja. smpe skrg diproses mulu. dana bisnis sebaiknya jgn di pake tmn2,1,2026-04-11 11:13:23,Negatif
baik,5,2026-04-11 11:11:17,Positif
"lawak, transfer ke bank aja belum masuk"" sampai sekarang. masih proses keterangan nya",1,2026-04-11 11:10:15,Negatif
transfer uang jadi lebih mudah dan aman,5,2026-04-11 11:09:43,Positif
dana cicil kalau tidak bisa digunakan mending ga usah bikin fitur dana cicil....gak guna,1,2026-04-11 11:08:20,Negatif
bagus,5,2026-04-11 11:04:37,Positif
sangat bagus,5,2026-04-11 11:02:56,Positif
susah masuk susah afgret,2,2026-04-11 11:02:47,Negatif
biasa untuk top top game ff,5,2026-04-11 11:01:51,Positif
bagus,5,2026-04-11 11:01:37,Positif
baik,5,2026-04-11 10:59:39,Positif
keren bosku,5,2026-04-11 10:59:33,Positif
puas sekali,5,2026-04-11 10:57:50,Positif
apk yg sangat membantu,5,2026-04-11 10:57:11,Positif
"heh apa2 ini dana,,main Potong dana orang aja tiap minggu 20rb,,1 week apaan???? saya ga pernah langganan apa2 kok tiba2 kena potonga..maling namnya klo ga berlangganan kena potong",1,2026-04-11 10:55:45,Negatif
"aplikasi aneh, tiba"" akun premium saya dicabut dengan alasan KTP tidak terdaftar diducpill. akun bisnis saya pun dicabut. saldo dana saya tidak bisa di akses saya. dan melayng terbuang gitu aja",1,2026-04-11 10:55:23,Negatif
udh pakai aplikasi dana lama tapi ga dapet keuntungan apa-apa. mau transfer ke e-walet ada biayanya. transfer ke bank dibatasi. beli emas di dana jg kaga ada untungnya.. yg ada malah rugi.. event ngabuburich kemarin aja udh ngumpulin koin tapi ga bisa claim hadiahnya..,1,2026-04-11 10:54:07,Negatif
thanks yuooo,5,2026-04-11 10:52:32,Positif
mantapp,5,2026-04-11 10:51:59,Positif
sangat puas,5,2026-04-11 10:49:55,Positif
terimah kasih telah menciptakan aplikasi yang mempermudah orang untuk bertransaksi🙏🙏🙏,5,2026-04-11 10:49:45,Positif
"simpel, praktis, tidak repot.",5,2026-04-11 10:48:02,Positif
puas dan aman,5,2026-04-11 10:46:51,Positif
Oke,5,2026-04-11 10:43:19,Positif
sangat bagus,5,2026-04-11 10:42:19,Positif
"kalau buat transaksi aplikasi ini bisa di bilang keren, tapi kalau buat nabung, aplikasi ini sangat berbahaya hp hilang atau nomor hilang maka tabungan kita pun ikut hilang, yang lebih parahnya lagi, nomor aqun yang sudah di ganti masih bisa menerima kiriman uang. dan saat mau masuk sudah gak bisa lagi. pokoknya kalau nomor hp hilang uang pun hilang. disini gak ada tempat buat mengadu. ribet, chat sama Diana yang katanya bisa membantu, ternyata bantuannya bikin kerumahnya sakit jiwa. j",2,2026-04-11 10:39:31,Negatif
kenapa susah untuk masuk ke dana,4,2026-04-11 10:38:04,Positif
sangat mudah,3,2026-04-11 10:37:26,Netral
thats great,5,2026-04-11 10:37:03,Positif
"semoga bisa diandalkan amin.tapi sekarang banyak komen yang bintang 1 dan 2 , jadi ikutann ngeri nih,",5,2026-04-11 10:36:43,Positif
Suruh upgrade baru bisa transaksi. udah di upgrade malah masih nga bisa😬,1,2026-04-11 10:36:11,Negatif
aplikasi jelek pakai batas transaksi,1,2026-04-11 10:32:15,Negatif
luar biasa,5,2026-04-11 10:32:12,Positif
top,5,2026-04-11 10:31:59,Positif
sngat terbantu sekali,5,2026-04-11 10:31:18,Positif
aman,5,2026-04-11 10:30:59,Positif
Dana memang mantap.,5,2026-04-11 10:30:40,Positif
sangat membantu,5,2026-04-11 10:29:50,Positif
mantapppp,4,2026-04-11 10:29:42,Positif
sangat membantu,5,2026-04-11 10:29:28,Positif
good,4,2026-04-11 10:29:16,Positif
labih di pantau lagi kalo ada transaksi tanpa persetujuan pengguna,4,2026-04-11 10:28:40,Positif
jgan banyak tagihan,4,2026-04-11 10:25:43,Positif
very good,5,2026-04-11 10:25:38,Positif
"aplikasi dana keren, sangat membantu",5,2026-04-11 10:24:19,Positif
pengiriman dan melakukan transaksi oke,5,2026-04-11 10:20:34,Positif
sangat bagus,5,2026-04-11 10:19:59,Positif
apk dana memang luar biasa,5,2026-04-11 10:19:53,Positif
saya tidak bisa melakukan pembelian di game padahal saldo dana saya lebih dari cukup,1,2026-04-11 10:18:11,Negatif
nice,5,2026-04-11 10:17:57,Positif
mantap...transfer uang jadi gampang,5,2026-04-11 10:15:26,Positif
sering eror gimana ini,3,2026-04-11 10:12:47,Netral
mantap,5,2026-04-11 10:12:18,Positif
"lebih gmpang ngirim dan mudah gunakan, maju trus dana.",5,2026-04-11 10:11:18,Positif
sangat puas saya,5,2026-04-11 10:10:30,Positif
sangat puas,5,2026-04-11 10:09:42,Positif
saldo dana goals ga bisa di tarik gagal terus,1,2026-04-11 10:07:13,Negatif
bagus,5,2026-04-11 10:03:49,Positif
sangat bagus,5,2026-04-11 10:02:01,Positif
bagus sangat membantu,5,2026-04-11 10:01:04,Positif
sayang dana cicil nya gak ada,5,2026-04-11 10:00:49,Positif
mantapppp,5,2026-04-11 09:59:39,Positif
sangat memudahkan dan membantu pembayaran.,5,2026-04-11 09:58:24,Positif
sangat membantu sekali,5,2026-04-11 09:57:59,Positif
bagus banget aplikasinya,5,2026-04-11 09:56:55,Positif
"APLIKASI GIMANA INI , UANG KU HILANG SENDIRI , PERBAIKI APLIKASIMU KALO MAU DIGUNAKAN. GIMANA INJ UANG BISA HILANG DENGAN ALASAN IMETOLS",1,2026-04-11 09:55:47,Negatif
saya puas menggunakan aplikasi dana ini untuk melakukan transaksi.. 👍👍👍,5,2026-04-11 09:53:10,Positif
ok,5,2026-04-11 09:52:30,Positif
GOOD,5,2026-04-11 09:50:57,Positif
is the best,5,2026-04-11 09:49:11,Positif
aplikasi pelit,1,2026-04-11 09:47:41,Negatif
"bagus sekali, tidak ribet",5,2026-04-11 09:47:00,Positif
keren,5,2026-04-11 09:46:45,Positif
bagusss jos jis,5,2026-04-11 09:44:13,Positif
bagus,5,2026-04-11 09:41:37,Positif
apk bego tolol,1,2026-04-11 09:38:47,Negatif
"jujur aga kecewa, sengaja bintang 5 biar dibaca. sering top up e money tapi saldo ga masuk, padahal saldo berkurang transaksi berhasil, dan diluar jam offline pengisian nya.. tolong di perbaiki bug ini saldo saya hilang perkara sepeleh isi/top up e money, bahkan sampai 500rban.",5,2026-04-11 09:35:08,Positif
sangat jelek fitur dana cicilnya tidak bisa di gunakan,1,2026-04-11 09:34:19,Negatif
bagus,5,2026-04-11 09:33:07,Positif
terbaik,5,2026-04-11 09:32:17,Positif
celeh tukang nyedot saldo,1,2026-04-11 09:30:46,Negatif
"2 kali isi masuk tapi ga nambah ke total uang, komplen yg balas robot ga ada jalan keluar",1,2026-04-11 09:29:58,Negatif
masa dana cicilnya blm masul yah teransaksi udh besar padahal,5,2026-04-11 09:28:37,Positif
oke,5,2026-04-11 09:25:55,Positif
"limit dana cicil ga pernah bertambah dan dana instan gaada,padahal rutin bertransaksi",3,2026-04-11 09:25:16,Netral
terlalu bnyak pajak uang masuk d potong uang keluar d potong hadeuh,5,2026-04-11 09:24:02,Positif
gw kasih 1 bintangg kadang poin dana nya gajelassss bangettt udah 100k poin katanya bisa tukar saldo tiba² ilang 1 lagi diama² kalo dana uang masuk pasti ada pinjaman kaya gopay syg nya dana pelit sekaligus anehhh abnget sama ifen nya g phm poin nya g bisa di pake percuman,1,2026-04-11 09:22:34,Negatif
👍👍,5,2026-04-11 09:22:02,Positif
terbaik,5,2026-04-11 09:18:55,Positif
seringgangguan gak bisa transper,5,2026-04-11 09:18:04,Positif
bagus dan praktis,5,2026-04-11 09:17:37,Positif
okyyy dana,5,2026-04-11 09:16:31,Positif
oke,5,2026-04-11 09:16:05,Positif
baguss,5,2026-04-11 09:14:25,Positif
bagus,5,2026-04-11 09:13:57,Positif
aplikasi ga jelas pihak dana g tanggung jawab sering kehilangan saldo pdahal transaksi ngak ada sama sekali minta bantuan malah banyak nanya yg ga jelas,1,2026-04-11 09:12:15,Negatif
sngat mudah dipakai dan membantu dalam bertransaksi secara cepat,5,2026-04-11 09:12:07,Positif
mantul,5,2026-04-11 09:11:52,Positif
bagus,5,2026-04-11 09:11:08,Positif
apk dana nya sering eror saat mau login.. sangat menyebalkan,2,2026-04-11 09:09:32,Negatif
uang ku bisa hilang menyebal kan,1,2026-04-11 09:08:08,Negatif
bagus,5,2026-04-11 09:05:35,Positif
cukup baik,5,2026-04-11 09:05:32,Positif
kenapa Dana Saya Tidak Ada Paylater,5,2026-04-11 09:04:59,Positif
ok,5,2026-04-11 09:04:19,Positif
kok buat ganti nomor telepon gagal terus ya,3,2026-04-11 09:04:05,Netral
"aplikasi pendukung judi online dan suka pending -pending pengiriman uang , gak rekomendasi banget pake e wallet ini, dan help center bot nya cacat parah banget",1,2026-04-11 09:03:54,Negatif
aplikasi yg sangat berguna,5,2026-04-11 09:03:16,Positif
"aplikasinya bagus Dan tidak lelet, transaksi kemanapun jadi mudah",5,2026-04-11 09:02:40,Positif
dana sangat membantu dan memudahkan dalam transaksi kami terimakasih dana.,5,2026-04-11 09:01:06,Positif
mudah d gunakn,5,2026-04-11 09:00:45,Positif
Bagus sekali,5,2026-04-11 08:59:45,Positif
ok baik,5,2026-04-11 08:57:56,Positif
Mempermudah transaksi,5,2026-04-11 08:57:15,Positif
"Tolong aktifkan kembali!! Aktifkan sekarang!! Tidak ada pemakaian apanya, tiap hari saya transaksi di DANA... Tidak Membantu sama sekali jawaban anda!",5,2026-04-11 08:55:38,Positif
Lagg bangett kadang ga bisa mencet apa apa,4,2026-04-11 08:54:55,Positif
tlng pulih kn kembali akun dana saya,5,2026-04-11 08:52:19,Positif
mantap sangat membantu,5,2026-04-11 08:52:02,Positif
bagus sekali,5,2026-04-11 08:50:05,Positif
Bagus sangat membantu,5,2026-04-11 08:50:01,Positif
mantap,4,2026-04-11 08:47:53,Positif
disaat menggunakan bank mahal ongkirnya lebih baik gunakan dana yang murah..,5,2026-04-11 08:47:12,Positif
membantu,5,2026-04-11 08:46:41,Positif
layanan yg 👍,5,2026-04-11 08:43:31,Positif
"mantap, sangat membantu dalam setiap transaksi",5,2026-04-11 08:39:31,Positif
bagus,5,2026-04-11 08:38:52,Positif
trimakasih,5,2026-04-11 08:37:58,Positif
lumayan,5,2026-04-11 08:37:48,Positif
sangat bagus,5,2026-04-11 08:34:53,Positif
mohon bantuannya Admin yang terhormat saya tidak bisa masuk aplikasi DANA,5,2026-04-11 08:31:58,Positif
selama ini yang terbaik,5,2026-04-11 08:31:48,Positif
ok,4,2026-04-11 08:31:45,Positif
"Apasih,kok di bayar seenaknya sendiri ke Imetools? aplikasi seenaknya sendiri katanya setiap pembayaran harus di verifikasi sama pemilik?,malah seenaknya sendiri",1,2026-04-11 08:30:22,Negatif
aplikasi dana sy gak ada dana cicil buat pulsanya.. padahal udah premium,1,2026-04-11 08:29:40,Negatif
sgt baik,5,2026-04-11 08:28:30,Positif
mantap,5,2026-04-11 08:28:21,Positif
mantap,5,2026-04-11 08:28:16,Positif
mantap,5,2026-04-11 08:28:15,Positif
jos jis,4,2026-04-11 08:28:12,Positif
kenapa kemarin2 dana cicil saya bisa dipakai ko sekarang malah gak bisa admin tolong aktipin dana cicil saya,5,2026-04-11 08:28:08,Positif
sudah muncul dana cicil sama paylater tapi gak bisa ajukan pinjaman kenapa ya,5,2026-04-11 08:27:05,Positif
👍,5,2026-04-11 08:27:03,Positif
mantap pokonya,5,2026-04-11 08:25:24,Positif
"biasa nya dana pas login baru masukan kode otp,, karna krtu saya hilang dan tidak aktif, malahan pas transaksi pakai kode otp biasaya pakai pin sandi jadi kok gini dana tolong respon nya, uang lumayan 200k buat bekel di prantaun tolong yang bisa nanganin tolong dibantu teman teman",1,2026-04-11 08:22:04,Negatif
Assalamualaikum,5,2026-04-11 08:22:04,Positif
SAYA INGATKAN TIDAK UDAH LAGI KALIAN MENYIMPAN UANG DI APLIKASI INI... UANG KALIAN AKAN OTOMATIS HILANG SENDIRI DAN PIHAK DANA TIDAK AKAN BERTANGGUNG JAWAB,1,2026-04-11 08:20:30,Negatif
oke,5,2026-04-11 08:20:15,Positif
baik,5,2026-04-11 08:18:24,Positif
"Aplikasi yg sangat membantu, terima kasih dana cicil 😍😍😍",5,2026-04-11 08:17:08,Positif
sekarang makin ribet dana segala harus pake otp udah tau banyak yg nomernya udah ga aktif,5,2026-04-11 08:16:46,Positif
memudahkan pengguna,5,2026-04-11 08:16:32,Positif
"mantul,,,,,",5,2026-04-11 08:15:42,Positif
lancar,5,2026-04-11 08:12:28,Positif
"ngeri2 sedep, ini kali kedua gw di bikin kecewa sama dana,di aktifitas sudah jelas topup berhasil, tapi saldo ga bertambah. komplain ga di layani, dompet digital paling busuk.",1,2026-04-11 08:10:37,Negatif
ʙᴀɢᴜs,5,2026-04-11 08:09:37,Positif
sangat bgus,5,2026-04-11 08:09:03,Positif
mantappppp,5,2026-04-11 08:08:47,Positif
tlong di aktif kan login wajah nya kak.,5,2026-04-11 08:08:07,Positif
bgus,5,2026-04-11 08:07:23,Positif
"kenapa sih gk bisa buat beli paket, fitur emas nya juga padahal udh beli malah gk bisa di akses",1,2026-04-11 08:06:15,Negatif
"tolong perbaiki koneksi login, serta masuk fitur lambat.",5,2026-04-11 08:03:11,Positif
mantap banget dehhh,5,2026-04-11 08:01:56,Positif
top,5,2026-04-11 07:58:39,Positif
sangat meyenagkan,3,2026-04-11 07:58:27,Netral
top global e money,5,2026-04-11 07:58:24,Positif
Alhamdulillah layanan baik....,3,2026-04-11 07:57:49,Netral
apk nya sering ngebug jadi males lama lama pakai apk dana,3,2026-04-11 07:56:39,Netral
bagus,5,2026-04-11 07:54:57,Positif
mantul,5,2026-04-11 07:54:52,Positif
bagusss,4,2026-04-11 07:45:35,Positif
sangat membantu,5,2026-04-11 07:44:24,Positif
bagus cepat GK lelet,5,2026-04-11 07:44:20,Positif
